espn_id,season,name,decision,row_id,row_team,kept_id,kept_team
5106775,2023,A'lahn Sumler,KEEP (bbref=Northern Kentucky),31862,Northern Kentucky,,
5106775,2023,A'lahn Sumler,DELETE (phantom),12619,Charleston Southern,31862,Northern Kentucky
4067017,2020,A.J. Lawson,KEEP (bbref=South Carolina),94193,South Carolina,,
4067017,2020,A.J. Lawson,DELETE (phantom),92832,McNeese,94193,South Carolina
4067017,2021,A.J. Lawson,KEEP (bbref=McNeese),97578,McNeese,,
4067017,2021,A.J. Lawson,DELETE (phantom),99007,South Carolina,97578,McNeese
4897671,2022,A.J. Neal Jr.,KEEP (bbref=Long Beach State),37165,Long Beach State,,
4897671,2022,A.J. Neal Jr.,DELETE (phantom),12609,Long Island University,37165,Long Beach State
4897671,2024,A.J. Neal Jr.,KEEP (bbref=Chicago State),45515,Chicago State,,
4897671,2024,A.J. Neal Jr.,DELETE (phantom),12611,Long Island University,45515,Chicago State
5176061,2025,A.J. Wills,UNRESOLVED (no bbref row),12617,Hofstra,,
5176061,2025,A.J. Wills,UNRESOLVED (no bbref row),54264,Wyoming,,
5177521,2024,AC Bryant,UNRESOLVED (no bbref row),44889,Alabama A&M,,
5177521,2024,AC Bryant,UNRESOLVED (no bbref row),12677,Jacksonville State,,
5177521,2025,AC Bryant,KEEP (bbref=Alabama A&M),49515,Alabama A&M,,
5177521,2025,AC Bryant,DELETE (phantom),12678,Jacksonville State,49515,Alabama A&M
5108014,2023,AJ Brown,KEEP (bbref=Ohio),31923,Ohio,,
5108014,2023,AJ Brown,DELETE (phantom),12848,Florida,31923,Ohio
5108014,2024,AJ Brown,KEEP (bbref=Ohio),47589,Ohio,,
5108014,2024,AJ Brown,DELETE (phantom),12849,Florida,47589,Ohio
4433286,2023,AJ Casey,KEEP (bbref=Miami (FL)),31319,Miami (FL),,
4433286,2023,AJ Casey,DELETE (phantom),12851,Evansville,31319,Miami (FL)
4433286,2024,AJ Casey,UNRESOLVED (no bbref row),12852,Evansville,,
4433286,2024,AJ Casey,UNRESOLVED (no bbref row),46953,Miami (FL),,
4433286,2025,AJ Casey,KEEP (bbref=Saint Louis),52914,Saint Louis,,
4433286,2025,AJ Casey,DELETE (phantom),12853,Evansville,52914,Saint Louis
5177247,2024,AJ Dancler,KEEP (bbref=Le Moyne),46566,Le Moyne,,
5177247,2024,AJ Dancler,DELETE (phantom),12858,Coastal Carolina,46566,Le Moyne
5177247,2025,AJ Dancler,KEEP (bbref=Le Moyne),51384,Le Moyne,,
5177247,2025,AJ Dancler,DELETE (phantom),12859,Coastal Carolina,51384,Le Moyne
4897668,2023,AJ George,KEEP (bbref=Long Beach State),31028,Long Beach State,,
4897668,2023,AJ George,DELETE (phantom),12866,Cal State Bakersfield,31028,Long Beach State
4897668,2024,AJ George,KEEP (bbref=Long Beach State),46631,Long Beach State,,
4897668,2024,AJ George,DELETE (phantom),12867,Cal State Bakersfield,46631,Long Beach State
4897668,2025,AJ George,UNRESOLVED (no bbref row),12868,Cal State Bakersfield,,
4897668,2025,AJ George,UNRESOLVED (no bbref row),52843,Southern Methodist,,
4897192,2023,AJ Lopez,KEEP (bbref=New Hampshire),31591,New Hampshire,,
4897192,2023,AJ Lopez,DELETE (phantom),12877,Richmond,31591,New Hampshire
4897192,2024,AJ Lopez,KEEP (bbref=Maine),46753,Maine,,
4897192,2024,AJ Lopez,DELETE (phantom),12878,Richmond,46753,Maine
4897192,2025,AJ Lopez,KEEP (bbref=Maine),51581,Maine,,
4897192,2025,AJ Lopez,DELETE (phantom),12879,Richmond,51581,Maine
5105657,2023,AJ Rohosy,UNRESOLVED (no bbref row),12888,Stanford,,
5105657,2023,AJ Rohosy,UNRESOLVED (no bbref row),33658,Washington State,,
5105657,2024,AJ Rohosy,KEEP (bbref=Washington State),49262,Washington State,,
5105657,2024,AJ Rohosy,DELETE (phantom),12889,Stanford,49262,Washington State
5107357,2023,AJ Smith,UNRESOLVED (no bbref row),12892,Bradley,,
5107357,2023,AJ Smith,UNRESOLVED (no bbref row),12893,Temple,,
5107357,2023,AJ Smith,UNRESOLVED (no bbref row),33064,The Citadel,,
5107626,2024,AJ Smith,UNRESOLVED (bbref=Southern Indiana matched 0 rows),12894,Bradley,,
5107626,2024,AJ Smith,UNRESOLVED (bbref=Southern Indiana matched 0 rows),12895,Temple,,
5107626,2025,AJ Smith,UNRESOLVED (bbref=College of Charleston matched 0 rows),12896,Bradley,,
5107626,2025,AJ Smith,UNRESOLVED (bbref=College of Charleston matched 0 rows),12897,Temple,,
5107626,2025,AJ Smith,UNRESOLVED (bbref=College of Charleston matched 0 rows),51232,James Madison,,
4703837,2022,AJ Staton-McCray,KEEP (bbref=Samford),38697,Samford,,
4703837,2022,AJ Staton-McCray,DELETE (phantom),12900,Seton Hall,38697,Samford
4703837,2023,AJ Staton-McCray,UNRESOLVED (no bbref row),12901,Seton Hall,,
4703837,2023,AJ Staton-McCray,UNRESOLVED (no bbref row),32493,Samford,,
4703837,2024,AJ Staton-McCray,KEEP (bbref=Samford),48141,Samford,,
4703837,2024,AJ Staton-McCray,DELETE (phantom),12902,Seton Hall,48141,Samford
4703837,2025,AJ Staton-McCray,KEEP (bbref=Miami (FL)),51776,Miami (FL),,
4703837,2025,AJ Staton-McCray,DELETE (phantom),12903,Seton Hall,51776,Miami (FL)
5105603,2023,AJ Storr,KEEP (bbref=St. John's (NY)),32787,St. John's (NY),,
5105603,2023,AJ Storr,DELETE (phantom),12905,Mississippi,32787,St. John's (NY)
5105603,2024,AJ Storr,KEEP (bbref=Wisconsin),49382,Wisconsin,,
5105603,2024,AJ Storr,DELETE (phantom),12906,Mississippi,49382,Wisconsin
5105603,2025,AJ Storr,KEEP (bbref=Kansas),51262,Kansas,,
5105603,2025,AJ Storr,DELETE (phantom),12907,Mississippi,51262,Kansas
5114350,2023,AK Okereke,KEEP (bbref=Cornell),29965,Cornell,,
5114350,2023,AK Okereke,DELETE (phantom),12921,Vanderbilt,29965,Cornell
5114350,2024,AK Okereke,KEEP (bbref=Cornell),45640,Cornell,,
5114350,2024,AK Okereke,DELETE (phantom),12922,Vanderbilt,45640,Cornell
5114350,2025,AK Okereke,KEEP (bbref=Cornell),50284,Cornell,,
5114350,2025,AK Okereke,DELETE (phantom),12923,Vanderbilt,50284,Cornell
4685683,2024,Aaron Bradshaw,KEEP (bbref=Kentucky),46498,Kentucky,,
4685683,2024,Aaron Bradshaw,DELETE (phantom),12623,Memphis,46498,Kentucky
4685683,2025,Aaron Bradshaw,UNRESOLVED (no bbref row),12624,Memphis,,
4685683,2025,Aaron Bradshaw,UNRESOLVED (no bbref row),52393,Ohio State,,
56758,2012,Aaron Brown,KEEP (bbref=West Virginia),58775,West Virginia,,
56758,2012,Aaron Brown,DELETE (phantom),56652,Mount St. Mary's,58775,West Virginia
56758,2013,Aaron Brown,KEEP (bbref=West Virginia),63311,West Virginia,,
56758,2013,Aaron Brown,DELETE (phantom),61296,Mount St. Mary's,63311,West Virginia
51316,2014,Aaron Brown,UNRESOLVED (no bbref row),65876,Mount St. Mary's,,
51316,2014,Aaron Brown,UNRESOLVED (no bbref row),67065,Southern,,
51316,2015,Aaron Brown,KEEP (bbref=Boston College),68464,Boston College,,
51316,2015,Aaron Brown,DELETE (phantom),70395,Mount St. Mary's,68464,Boston College
51316,2015,Aaron Brown,DELETE (phantom),71274,Saint Joseph's,68464,Boston College
4895742,2024,Aaron Clark,KEEP (bbref=Wake Forest),49235,Wake Forest,,
4895742,2024,Aaron Clark,DELETE (phantom),12626,Pepperdine,49235,Wake Forest
5174959,2024,Abdi Bashir Jr.,KEEP (bbref=Monmouth),47095,Monmouth,,
5174959,2024,Abdi Bashir Jr.,DELETE (phantom),12652,Kansas State,47095,Monmouth
5174959,2025,Abdi Bashir Jr.,KEEP (bbref=Monmouth),51890,Monmouth,,
5174959,2025,Abdi Bashir Jr.,DELETE (phantom),12653,Kansas State,51890,Monmouth
4709321,2023,Abdou Samb,UNRESOLVED (no bbref row),12657,Towson,,
4709321,2023,Abdou Samb,UNRESOLVED (no bbref row),32267,Rhode Island,,
4709321,2024,Abdou Samb,KEEP (bbref=IU Indy),46232,IU Indy,,
4709321,2024,Abdou Samb,DELETE (phantom),12658,Towson,46232,IU Indy
4896534,2022,Abdul Momoh,KEEP (bbref=Central Connecticut State),35801,Central Connecticut State,,
4896534,2022,Abdul Momoh,DELETE (phantom),12664,Illinois-Chicago,35801,Central Connecticut State
4896534,2023,Abdul Momoh,UNRESOLVED (no bbref row),29735,Central Connecticut State,,
4896534,2023,Abdul Momoh,UNRESOLVED (no bbref row),12665,Illinois-Chicago,,
4896534,2024,Abdul Momoh,KEEP (bbref=Central Connecticut State),45435,Central Connecticut State,,
4896534,2024,Abdul Momoh,DELETE (phantom),12666,Illinois-Chicago,45435,Central Connecticut State
4896534,2025,Abdul Momoh,KEEP (bbref=Central Connecticut State),50077,Central Connecticut State,,
4896534,2025,Abdul Momoh,DELETE (phantom),12667,Illinois-Chicago,50077,Central Connecticut State
5241916,2025,Abdulai Fanta Kabba,KEEP (bbref=Denver),50395,Denver,,
5241916,2025,Abdulai Fanta Kabba,DELETE (phantom),12669,Western Carolina,50395,Denver
5177284,2024,Ace Talbert,KEEP (bbref=Saint Francis (PA)),48062,Saint Francis (PA),,
5177284,2024,Ace Talbert,DELETE (phantom),12684,Gardner-Webb,48062,Saint Francis (PA)
5177284,2025,Ace Talbert,UNRESOLVED (no bbref row),12685,Gardner-Webb,,
5177284,2025,Ace Talbert,UNRESOLVED (no bbref row),52877,Saint Francis (PA),,
5107364,2023,Achor Achor,UNRESOLVED (no bbref row),12693,Mississippi State,,
5107364,2023,Achor Achor,UNRESOLVED (no bbref row),32495,Samford,,
5107364,2024,Achor Achor,UNRESOLVED (no bbref row),12694,Mississippi State,,
5107364,2024,Achor Achor,UNRESOLVED (no bbref row),48140,Samford,,
5107364,2025,Achor Achor,KEEP (bbref=Kansas State),51278,Kansas State,,
5107364,2025,Achor Achor,DELETE (phantom),12695,Mississippi State,51278,Kansas State
5177275,2024,Adam Clark,UNRESOLVED (no bbref row),12697,Seton Hall,,
5177275,2024,Adam Clark,UNRESOLVED (no bbref row),46917,Merrimack,,
5177275,2025,Adam Clark,KEEP (bbref=Merrimack),51744,Merrimack,,
5177275,2025,Adam Clark,DELETE (phantom),12698,Seton Hall,51744,Merrimack
4432175,2023,Adam Miller,KEEP (bbref=Louisiana State),30942,Louisiana State,,
4432175,2023,Adam Miller,DELETE (phantom),12708,Gonzaga,30942,Louisiana State
4432175,2024,Adam Miller,UNRESOLVED (no bbref row),12709,Gonzaga,,
4432175,2024,Adam Miller,UNRESOLVED (no bbref row),44972,Arizona State,,
4432175,2025,Adam Miller,UNRESOLVED (no bbref row),12710,Gonzaga,,
4432175,2025,Adam Miller,UNRESOLVED (no bbref row),49613,Arizona State,,
4684620,2023,Adante' Holiman,UNRESOLVED (no bbref row),12717,Arizona State,,
4684620,2023,Adante' Holiman,UNRESOLVED (no bbref row),33417,Texas-Rio Grande Valley,,
4684620,2024,Adante' Holiman,KEEP (bbref=UTSA),49047,UTSA,,
4684620,2024,Adante' Holiman,DELETE (phantom),12718,Arizona State,49047,UTSA
4684620,2025,Adante' Holiman,UNRESOLVED (no bbref row),12719,Arizona State,,
4684620,2025,Adante' Holiman,UNRESOLVED (no bbref row),50826,Georgia Southern,,
5174983,2024,Aday Mara,KEEP (bbref=UCLA),48844,UCLA,,
5174983,2024,Aday Mara,DELETE (phantom),12720,Michigan,48844,UCLA
5174983,2025,Aday Mara,KEEP (bbref=UCLA),53714,UCLA,,
5174983,2025,Aday Mara,DELETE (phantom),12721,Michigan,53714,UCLA
5174654,2024,Addarin Scott,UNRESOLVED (no bbref row),12723,Kansas City,,
5174654,2024,Addarin Scott,UNRESOLVED (no bbref row),45076,Auburn,,
4592404,2025,Addison Patterson,UNRESOLVED (no bbref row),12729,Eastern Michigan,,
4592404,2025,Addison Patterson,UNRESOLVED (no bbref row),52330,Northwestern State,,
4684276,2024,Aden Holloway,UNRESOLVED (no bbref row),12733,Alabama,,
4684276,2024,Aden Holloway,UNRESOLVED (no bbref row),45068,Auburn,,
4590362,2023,Adetokunbo Bakare,UNRESOLVED (no bbref row),12736,Saint Peter's,,
4590362,2023,Adetokunbo Bakare,UNRESOLVED (no bbref row),32312,Rider,,
5142584,2024,Adrian Myers,UNRESOLVED (no bbref row),12745,San Jose State,,
5142584,2024,Adrian Myers,UNRESOLVED (no bbref row),47042,Mississippi State,,
5105280,2023,Adrian Samuels,KEEP (bbref=Vanderbilt),33549,Vanderbilt,,
5105280,2023,Adrian Samuels,DELETE (phantom),12748,American,33549,Vanderbilt
5242127,2025,Adrian Wooley,KEEP (bbref=Kennesaw State),51287,Kennesaw State,,
5242127,2025,Adrian Wooley,DELETE (phantom),12754,Louisville,51287,Kennesaw State
4838718,2023,Ahjany Lee,UNRESOLVED (bbref=St. Thomas matched 0 rows),12762,Houston Christian,,
4838718,2023,Ahjany Lee,UNRESOLVED (bbref=St. Thomas matched 0 rows),32801,William & Mary,,
4838718,2024,Ahjany Lee,UNRESOLVED (bbref=St. Thomas matched 0 rows),48442,William & Mary,,
4838718,2024,Ahjany Lee,UNRESOLVED (bbref=St. Thomas matched 0 rows),12763,Houston Christian,,
5177126,2024,Ahmad Henderson II,KEEP (bbref=Niagara),34356,Niagara,,
5177126,2024,Ahmad Henderson II,DELETE (phantom),12768,Illinois-Chicago,34356,Niagara
5106662,2023,Ahmad Johnson,KEEP (bbref=Kennesaw State),30909,Kennesaw State,,
5106662,2023,Ahmad Johnson,DELETE (phantom),12771,Arkansas-Pine Bluff,30909,Kennesaw State
4869778,2025,Ahmad Nowell,KEEP (bbref=Connecticut),53730,Connecticut,,
4869778,2025,Ahmad Nowell,DELETE (phantom),12775,Virginia Commonwealth,53730,Connecticut
5175704,2024,Ahmad Robinson,KEEP (bbref=New Hampshire),47251,New Hampshire,,
5175704,2024,Ahmad Robinson,DELETE (phantom),12777,UAB,47251,New Hampshire
5175704,2025,Ahmad Robinson,KEEP (bbref=Mercer),51719,Mercer,,
5175704,2025,Ahmad Robinson,DELETE (phantom),12778,UAB,51719,Mercer
5124659,2023,Ahmed Essahaty,KEEP (bbref=Long Island University),31045,Long Island University,,
5124659,2023,Ahmed Essahaty,DELETE (phantom),12781,Southeastern Louisiana,31045,Long Island University
5124659,2024,Ahmed Essahaty,KEEP (bbref=Long Island University),46649,Long Island University,,
5124659,2024,Ahmed Essahaty,DELETE (phantom),12782,Southeastern Louisiana,46649,Long Island University
5107971,2023,Aidan Braccia,KEEP (bbref=Belmont),29436,Belmont,,
5107971,2023,Aidan Braccia,DELETE (phantom),12789,San Francisco,29436,Belmont
5107971,2025,Aidan Braccia,UNRESOLVED (no bbref row),12791,San Francisco,,
5107971,2025,Aidan Braccia,UNRESOLVED (no bbref row),49780,Belmont,,
4684628,2023,Aidan Mahaney,UNRESOLVED (no bbref row),12811,UC Santa Barbara,,
4684628,2023,Aidan Mahaney,UNRESOLVED (no bbref row),32454,Saint Mary's,,
4684628,2024,Aidan Mahaney,KEEP (bbref=Saint Mary's),48103,Saint Mary's,,
4684628,2024,Aidan Mahaney,DELETE (phantom),12812,UC Santa Barbara,48103,Saint Mary's
4684628,2025,Aidan Mahaney,KEEP (bbref=Connecticut),53727,Connecticut,,
4684628,2025,Aidan Mahaney,DELETE (phantom),12813,UC Santa Barbara,53727,Connecticut
4710359,2023,Aidan Noyes,UNRESOLVED (no bbref row),12815,Belmont,,
4710359,2023,Aidan Noyes,UNRESOLVED (no bbref row),32297,Richmond,,
4710359,2024,Aidan Noyes,KEEP (bbref=Richmond),47942,Richmond,,
4710359,2024,Aidan Noyes,DELETE (phantom),12816,Belmont,47942,Richmond
5176182,2024,Aidan Rubio,KEEP (bbref=Central Michigan),45448,Central Michigan,,
5176182,2024,Aidan Rubio,DELETE (phantom),12821,Eastern Michigan,45448,Central Michigan
5176182,2025,Aidan Rubio,KEEP (bbref=UNC Asheville),53797,UNC Asheville,,
5176182,2025,Aidan Rubio,DELETE (phantom),12822,Eastern Michigan,53797,UNC Asheville
5105543,2023,Aidan Shaw,KEEP (bbref=Missouri),31430,Missouri,,
5105543,2023,Aidan Shaw,DELETE (phantom),12827,Boston College,31430,Missouri
5105543,2024,Aidan Shaw,UNRESOLVED (no bbref row),12828,Boston College,,
5105543,2024,Aidan Shaw,UNRESOLVED (no bbref row),47081,Missouri,,
5105543,2025,Aidan Shaw,KEEP (bbref=Missouri),51884,Missouri,,
5105543,2025,Aidan Shaw,DELETE (phantom),12829,Boston College,51884,Missouri
4683783,2024,Akil Watson,UNRESOLVED (no bbref row),12926,Saint Peter's,,
4683783,2024,Akil Watson,UNRESOLVED (no bbref row),44980,Arizona State,,
4683783,2025,Akil Watson,KEEP (bbref=Massachusetts),51689,Massachusetts,,
4683783,2025,Akil Watson,DELETE (phantom),12927,Saint Peter's,51689,Massachusetts
5176374,2024,Akira Jacobs,KEEP (bbref=Hawaii),46170,Hawaii,,
5176374,2024,Akira Jacobs,DELETE (phantom),12930,Fordham,46170,Hawaii
5176374,2025,Akira Jacobs,UNRESOLVED (no bbref row),12931,Fordham,,
5176374,2025,Akira Jacobs,UNRESOLVED (no bbref row),50947,Hawaii,,
4895777,2024,Al Amadou,KEEP (bbref=Marquette),46804,Marquette,,
4895777,2024,Al Amadou,DELETE (phantom),12937,Saint Joseph's,46804,Marquette
5242133,2025,Al Green,UNRESOLVED (no bbref row),12940,Nevada-Las Vegas,,
5242133,2025,Al Green,UNRESOLVED (no bbref row),51511,Louisiana Tech,,
4898382,2022,Alden Applewhite,KEEP (bbref=Mississippi State),37563,Mississippi State,,
4898382,2022,Alden Applewhite,DELETE (phantom),12943,Georgia Southern,37563,Mississippi State
4898382,2023,Alden Applewhite,KEEP (bbref=Portland),32135,Portland,,
4898382,2023,Alden Applewhite,DELETE (phantom),12944,Georgia Southern,32135,Portland
4898382,2024,Alden Applewhite,KEEP (bbref=Murray State),47180,Murray State,,
4898382,2024,Alden Applewhite,DELETE (phantom),12945,Georgia Southern,47180,Murray State
4898382,2025,Alden Applewhite,KEEP (bbref=Murray State),51968,Murray State,,
4898382,2025,Alden Applewhite,DELETE (phantom),12946,Georgia Southern,51968,Murray State
5241657,2025,Alec Millender,KEEP (bbref=IU Indy),51039,IU Indy,,
5241657,2025,Alec Millender,DELETE (phantom),12949,Connecticut,51039,IU Indy
4702696,2022,Alec Oglesby,KEEP (bbref=UNC Wilmington),28594,UNC Wilmington,,
4702696,2022,Alec Oglesby,DELETE (phantom),12951,Middle Tennessee,28594,UNC Wilmington
4702696,2023,Alec Oglesby,KEEP (bbref=Stetson),32842,Stetson,,
4702696,2023,Alec Oglesby,DELETE (phantom),12952,Middle Tennessee,32842,Stetson
4702696,2024,Alec Oglesby,KEEP (bbref=Stetson),48478,Stetson,,
4702696,2024,Alec Oglesby,DELETE (phantom),12953,Middle Tennessee,48478,Stetson
5105528,2023,Aleks Szymczyk,KEEP (bbref=Florida),30323,Florida,,
5105528,2023,Aleks Szymczyk,DELETE (phantom),12959,Cal State Northridge,30323,Florida
5105528,2025,Aleks Szymczyk,KEEP (bbref=Charlotte),50137,Charlotte,,
5105528,2025,Aleks Szymczyk,DELETE (phantom),12961,Cal State Northridge,50137,Charlotte
5239546,2025,Aleksander Pachucki,KEEP (bbref=Fordham),50723,Fordham,,
5239546,2025,Aleksander Pachucki,DELETE (phantom),12965,Bucknell,50723,Fordham
4897173,2022,Alex Anderson,UNRESOLVED (no bbref row),12969,Texas Southern,,
4897173,2022,Alex Anderson,UNRESOLVED (no bbref row),27977,South Alabama,,
4897173,2023,Alex Anderson,UNRESOLVED (no bbref row),12970,Texas Southern,,
4897173,2023,Alex Anderson,UNRESOLVED (no bbref row),29180,Alabama State,,
4897173,2024,Alex Anderson,KEEP (bbref=Incarnate Word),46297,Incarnate Word,,
4897173,2024,Alex Anderson,DELETE (phantom),12971,Texas Southern,46297,Incarnate Word
5243038,2025,Alex Chaikin,KEEP (bbref=Lafayette),12976,Lafayette,,
5243038,2025,Alex Chaikin,DELETE (phantom),12977,UC San Diego,12976,Lafayette
5175065,2024,Alex Cotton,KEEP (bbref=North Texas),47445,North Texas,,
5175065,2024,Alex Cotton,DELETE (phantom),12982,Howard,47445,North Texas
5175065,2025,Alex Cotton,KEEP (bbref=North Texas),52243,North Texas,,
5175065,2025,Alex Cotton,DELETE (phantom),12983,Howard,52243,North Texas
4897620,2022,Alex Crawford,KEEP (bbref=Stetson),28212,Stetson,,
4897620,2022,Alex Crawford,DELETE (phantom),12985,Rhode Island,28212,Stetson
4897620,2025,Alex Crawford,UNRESOLVED (no bbref row),12988,Rhode Island,,
4897620,2025,Alex Crawford,UNRESOLVED (no bbref row),50732,Fresno State,,
4433001,2022,Alex Hemenway,KEEP (bbref=Clemson),25452,Clemson,,
4433001,2022,Alex Hemenway,DELETE (phantom),12998,Evansville,25452,Clemson
4433001,2023,Alex Hemenway,KEEP (bbref=Clemson),29846,Clemson,,
4433001,2023,Alex Hemenway,DELETE (phantom),12999,Evansville,29846,Clemson
4433001,2024,Alex Hemenway,KEEP (bbref=Clemson),45542,Clemson,,
4433001,2024,Alex Hemenway,DELETE (phantom),13000,Evansville,45542,Clemson
4702993,2022,Alex Huibregtse,UNRESOLVED (no bbref row),13004,Bradley,,
4702993,2022,Alex Huibregtse,UNRESOLVED (no bbref row),29056,Wright State,,
4702993,2023,Alex Huibregtse,UNRESOLVED (no bbref row),13005,Bradley,,
4702993,2023,Alex Huibregtse,UNRESOLVED (no bbref row),33810,Wright State,,
4702993,2024,Alex Huibregtse,KEEP (bbref=Wright State),49412,Wright State,,
4702993,2024,Alex Huibregtse,DELETE (phantom),13006,Bradley,49412,Wright State
4702993,2025,Alex Huibregtse,UNRESOLVED (no bbref row),13007,Bradley,,
4702993,2025,Alex Huibregtse,UNRESOLVED (no bbref row),54244,Wright State,,
5175405,2024,Alex Kovatchev,KEEP (bbref=Sacramento State),48042,Sacramento State,,
5175405,2024,Alex Kovatchev,DELETE (phantom),13016,Florida,48042,Sacramento State
5175405,2025,Alex Kovatchev,KEEP (bbref=Sacramento State),52849,Sacramento State,,
5175405,2025,Alex Kovatchev,DELETE (phantom),13017,Florida,52849,Sacramento State
5177536,2024,Alex Tsynkevich,UNRESOLVED (no bbref row),13029,Hofstra,,
5177536,2024,Alex Tsynkevich,UNRESOLVED (no bbref row),44939,Alcorn State,,
4897383,2022,Alex Williams,KEEP (bbref=Furman),25980,Furman,,
4897383,2022,Alex Williams,DELETE (phantom),13034,Duquesne,25980,Furman
4897383,2023,Alex Williams,KEEP (bbref=Furman),30406,Furman,,
4897383,2023,Alex Williams,DELETE (phantom),13035,Duquesne,30406,Furman
4897383,2024,Alex Williams,KEEP (bbref=Furman),46000,Furman,,
4897383,2024,Alex Williams,DELETE (phantom),13036,Duquesne,46000,Furman
5242571,2025,Alexis Marmolejos,KEEP (bbref=Lamar),51372,Lamar,,
5242571,2025,Alexis Marmolejos,DELETE (phantom),13045,Pacific,51372,Lamar
5240664,2025,Alfred Worrell Jr.,UNRESOLVED (no bbref row),13047,Morgan State,,
5240664,2025,Alfred Worrell Jr.,UNRESOLVED (no bbref row),13048,Southern,,
4896862,2022,Ali Dibba,KEEP (bbref=Chicago State),25418,Chicago State,,
4896862,2022,Ali Dibba,DELETE (phantom),13053,Texas A&M,25418,Chicago State
4896862,2024,Ali Dibba,UNRESOLVED (no bbref row),44840,Abilene Christian,,
4896862,2024,Ali Dibba,UNRESOLVED (no bbref row),13055,Texas A&M,,
4896862,2025,Ali Dibba,KEEP (bbref=Southern Illinois),53192,Southern Illinois,,
4896862,2025,Ali Dibba,DELETE (phantom),13056,Texas A&M,53192,Southern Illinois
5241430,2025,All Wright,KEEP (bbref=Valparaiso),54002,Valparaiso,,
5241430,2025,All Wright,DELETE (phantom),13063,Xavier,54002,Valparaiso
5109033,2023,Allen Mukeba,KEEP (bbref=Kansas City),30890,Kansas City,,
5109033,2023,Allen Mukeba,DELETE (phantom),13066,Arizona State,30890,Kansas City
5109033,2024,Allen Mukeba,UNRESOLVED (no bbref row),13067,Arizona State,,
5109033,2024,Allen Mukeba,UNRESOLVED (no bbref row),46425,Kansas City,,
5109033,2025,Allen Mukeba,UNRESOLVED (no bbref row),13068,Arizona State,,
5109033,2025,Allen Mukeba,UNRESOLVED (no bbref row),52374,Oakland,,
5176296,2024,Allen Udemadu,KEEP (bbref=Morgan State),47152,Morgan State,,
5176296,2024,Allen Udemadu,DELETE (phantom),13074,Jacksonville,47152,Morgan State
5176296,2025,Allen Udemadu,KEEP (bbref=Missouri State),51872,Missouri State,,
5176296,2025,Allen Udemadu,DELETE (phantom),13075,Jacksonville,51872,Missouri State
5176313,2024,Almar Atlason,KEEP (bbref=Bradley),45247,Bradley,,
5176313,2024,Almar Atlason,DELETE (phantom),13078,Miami (OH),45247,Bradley
5176313,2025,Almar Atlason,KEEP (bbref=Bradley),49872,Bradley,,
5176313,2025,Almar Atlason,DELETE (phantom),13079,Miami (OH),49872,Bradley
5108925,2023,Alonzo Dodd,KEEP (bbref=East Texas A&M),30187,East Texas A&M,,
5108925,2023,Alonzo Dodd,DELETE (phantom),13082,Appalachian State,30187,East Texas A&M
5108925,2024,Alonzo Dodd,KEEP (bbref=East Texas A&M),45814,East Texas A&M,,
5108925,2024,Alonzo Dodd,DELETE (phantom),13083,Appalachian State,45814,East Texas A&M
5106039,2023,Alphonzo Billups III,KEEP (bbref=Virginia Commonwealth),33507,Virginia Commonwealth,,
5106039,2023,Alphonzo Billups III,DELETE (phantom),13086,Longwood,33507,Virginia Commonwealth
5106039,2024,Alphonzo Billups III,UNRESOLVED (no bbref row),13087,Longwood,,
5106039,2024,Alphonzo Billups III,UNRESOLVED (no bbref row),49112,Virginia Commonwealth,,
5106039,2025,Alphonzo Billups III,KEEP (bbref=Virginia Commonwealth),53984,Virginia Commonwealth,,
5106039,2025,Alphonzo Billups III,DELETE (phantom),13088,Longwood,53984,Virginia Commonwealth
5177211,2024,Alvaro Folgueiras,KEEP (bbref=Robert Morris),47971,Robert Morris,,
5177211,2024,Alvaro Folgueiras,DELETE (phantom),13091,Iowa,47971,Robert Morris
5177211,2025,Alvaro Folgueiras,KEEP (bbref=Robert Morris),52780,Robert Morris,,
5177211,2025,Alvaro Folgueiras,DELETE (phantom),13092,Iowa,52780,Robert Morris
5174620,2024,Always Wright,KEEP (bbref=Rhode Island),47914,Rhode Island,,
5174620,2024,Always Wright,DELETE (phantom),13095,Texas-Rio Grande Valley,47914,Rhode Island
4702739,2022,Aly Khalifa,KEEP (bbref=Charlotte),25394,Charlotte,,
4702739,2022,Aly Khalifa,DELETE (phantom),13098,Louisville,25394,Charlotte
4702739,2023,Aly Khalifa,UNRESOLVED (no bbref row),29786,Charlotte,,
4702739,2023,Aly Khalifa,UNRESOLVED (no bbref row),13099,Louisville,,
4702739,2024,Aly Khalifa,KEEP (bbref=Brigham Young),45101,Brigham Young,,
4702739,2024,Aly Khalifa,DELETE (phantom),13100,Louisville,45101,Brigham Young
4585590,2022,Alyn Breed,UNRESOLVED (no bbref row),13105,NC State,,
4585590,2022,Alyn Breed,UNRESOLVED (no bbref row),27633,Providence,,
4585590,2025,Alyn Breed,UNRESOLVED (no bbref row),13108,NC State,,
4585590,2025,Alyn Breed,UNRESOLVED (no bbref row),51695,McNeese,,
5239652,2025,Amadou Doumbia,KEEP (bbref=Massachusetts),51693,Massachusetts,,
5239652,2025,Amadou Doumbia,DELETE (phantom),13111,North Carolina A&T,51693,Massachusetts
5108042,2023,Amani Drummond,UNRESOLVED (no bbref row),13114,Incarnate Word,,
5108042,2023,Amani Drummond,UNRESOLVED (no bbref row),29752,Central Michigan,,
4685673,2024,Amani Hansberry,KEEP (bbref=Illinois),46275,Illinois,,
4685673,2024,Amani Hansberry,DELETE (phantom),13118,Virginia Tech,46275,Illinois
4685673,2025,Amani Hansberry,KEEP (bbref=West Virginia),54120,West Virginia,,
4685673,2025,Amani Hansberry,DELETE (phantom),13119,Virginia Tech,54120,West Virginia
4897222,2023,Amar Augillard,KEEP (bbref=Georgia Southern),30487,Georgia Southern,,
4897222,2023,Amar Augillard,DELETE (phantom),13126,Milwaukee,30487,Georgia Southern
4897222,2025,Amar Augillard,UNRESOLVED (no bbref row),13128,Milwaukee,,
4897222,2025,Amar Augillard,UNRESOLVED (no bbref row),50729,Fresno State,,
5176947,2024,Amar Kuljuhovic,KEEP (bbref=North Dakota),47403,North Dakota,,
5176947,2024,Amar Kuljuhovic,DELETE (phantom),13130,Missouri State,47403,North Dakota
5176947,2025,Amar Kuljuhovic,KEEP (bbref=North Dakota),52199,North Dakota,,
5176947,2025,Amar Kuljuhovic,DELETE (phantom),13131,Missouri State,52199,North Dakota
4897701,2023,Amar'e Marshall,UNRESOLVED (no bbref row),13133,St. Bonaventure,,
4897701,2023,Amar'e Marshall,UNRESOLVED (no bbref row),30628,Hofstra,,
4897701,2024,Amar'e Marshall,UNRESOLVED (no bbref row),13134,St. Bonaventure,,
4897701,2024,Amar'e Marshall,UNRESOLVED (no bbref row),48740,Albany (NY),,
4897701,2025,Amar'e Marshall,KEEP (bbref=Albany (NY)),53622,Albany (NY),,
4897701,2025,Amar'e Marshall,DELETE (phantom),13135,St. Bonaventure,53622,Albany (NY)
5105544,2023,Amaree Abram,KEEP (bbref=Mississippi),31995,Mississippi,,
5105544,2023,Amaree Abram,DELETE (phantom),13141,Tennessee,31995,Mississippi
5105544,2024,Amaree Abram,KEEP (bbref=Georgia Tech),46073,Georgia Tech,,
5105544,2024,Amaree Abram,DELETE (phantom),13142,Tennessee,46073,Georgia Tech
5105544,2025,Amaree Abram,KEEP (bbref=Louisiana Tech),51510,Louisiana Tech,,
5105544,2025,Amaree Abram,DELETE (phantom),13143,Tennessee,51510,Louisiana Tech
5106752,2024,Amari Jedkins,KEEP (bbref=Green Bay),46126,Green Bay,,
5106752,2024,Amari Jedkins,DELETE (phantom),13147,Montana,46126,Green Bay
5241689,2025,Amarion Dickerson,KEEP (bbref=Robert Morris),52781,Robert Morris,,
5241689,2025,Amarion Dickerson,DELETE (phantom),13153,Southern California,52781,Robert Morris
5107321,2023,Amarri Monroe,UNRESOLVED (no bbref row),13156,Quinnipiac,,
5107321,2023,Amarri Monroe,UNRESOLVED (no bbref row),33799,Wofford,,
5176210,2024,Ametri Moss,KEEP (bbref=North Florida),47424,North Florida,,
5176210,2024,Ametri Moss,DELETE (phantom),13162,Le Moyne,47424,North Florida
5176210,2025,Ametri Moss,KEEP (bbref=North Florida),52229,North Florida,,
5176210,2025,Ametri Moss,DELETE (phantom),13163,Le Moyne,52229,North Florida
4873130,2025,Amier Ali,UNRESOLVED (no bbref row),13165,Mississippi State,,
4873130,2025,Amier Ali,UNRESOLVED (no bbref row),49615,Arizona State,,
5238181,2025,Amsal Delalic,KEEP (bbref=Pittsburgh),52581,Pittsburgh,,
5238181,2025,Amsal Delalic,DELETE (phantom),13180,DePaul,52581,Pittsburgh
5238163,2025,Anastasios Rozakeas,UNRESOLVED (no bbref row),13183,Mount St. Mary's,,
5238163,2025,Anastasios Rozakeas,UNRESOLVED (no bbref row),50710,Florida State,,
4701246,2022,Andre Mulibea,KEEP (bbref=Utah Tech),28707,Utah Tech,,
4701246,2022,Andre Mulibea,DELETE (phantom),13191,Coastal Carolina,28707,Utah Tech
4701246,2024,Andre Mulibea,KEEP (bbref=Eastern Washington),45861,Eastern Washington,,
4701246,2024,Andre Mulibea,DELETE (phantom),13193,Coastal Carolina,45861,Eastern Washington
5177597,2024,Andre Nunley,KEEP (bbref=Prairie View A&M),47802,Prairie View A&M,,
5177597,2024,Andre Nunley,DELETE (phantom),13195,Southern,47802,Prairie View A&M
4897987,2022,Andre Washington,KEEP (bbref=Long Island University),37177,Long Island University,,
4897987,2022,Andre Washington,DELETE (phantom),13198,Eastern Illinois,37177,Long Island University
4897987,2023,Andre Washington,KEEP (bbref=Long Island University),31038,Long Island University,,
4897987,2023,Andre Washington,DELETE (phantom),13199,Eastern Illinois,31038,Long Island University
4897987,2024,Andre Washington,KEEP (bbref=Long Island University),46647,Long Island University,,
4897987,2024,Andre Washington,DELETE (phantom),13200,Eastern Illinois,46647,Long Island University
5175007,2024,Andrej Stojakovic,UNRESOLVED (no bbref row),13207,Illinois,,
5175007,2024,Andrej Stojakovic,UNRESOLVED (no bbref row),48451,Stanford,,
5175007,2025,Andrej Stojakovic,KEEP (bbref=California),50015,California,,
5175007,2025,Andrej Stojakovic,DELETE (phantom),13208,Illinois,50015,California
5175943,2024,Andres Burney,KEEP (bbref=Jacksonville State),46412,Jacksonville State,,
5175943,2024,Andres Burney,DELETE (phantom),13212,Georgia Southern,46412,Jacksonville State
5109019,2023,Andrew Rohde,UNRESOLVED (bbref=St. Thomas matched 0 rows),13259,Wisconsin,,
5109019,2023,Andrew Rohde,UNRESOLVED (bbref=St. Thomas matched 0 rows),32796,William & Mary,,
5109019,2024,Andrew Rohde,UNRESOLVED (no bbref row),13260,Wisconsin,,
5109019,2024,Andrew Rohde,UNRESOLVED (no bbref row),49189,Virginia,,
4897066,2023,Andrés Marrero,KEEP (bbref=La Salle),30965,La Salle,,
4897066,2023,Andrés Marrero,DELETE (phantom),13215,Merrimack,30965,La Salle
4897066,2024,Andrés Marrero,KEEP (bbref=La Salle),46525,La Salle,,
4897066,2024,Andrés Marrero,DELETE (phantom),13216,Merrimack,46525,La Salle
4897066,2025,Andrés Marrero,KEEP (bbref=La Salle),51353,La Salle,,
4897066,2025,Andrés Marrero,DELETE (phantom),13217,Merrimack,51353,La Salle
5105889,2023,Angel Montas Jr.,KEEP (bbref=Fordham),30379,Fordham,,
5105889,2023,Angel Montas Jr.,DELETE (phantom),13275,Massachusetts-Lowell,30379,Fordham
5105889,2024,Angel Montas Jr.,KEEP (bbref=Fordham),45991,Fordham,,
5105889,2024,Angel Montas Jr.,DELETE (phantom),13276,Massachusetts-Lowell,45991,Fordham
5105889,2025,Angel Montas Jr.,KEEP (bbref=Mercer),51722,Mercer,,
5105889,2025,Angel Montas Jr.,DELETE (phantom),13277,Massachusetts-Lowell,51722,Mercer
4684022,2023,Angelo Brizzi,KEEP (bbref=Villanova),33572,Villanova,,
4684022,2023,Angelo Brizzi,DELETE (phantom),13279,Buffalo,33572,Villanova
4684022,2024,Angelo Brizzi,KEEP (bbref=Davidson),45673,Davidson,,
4684022,2024,Angelo Brizzi,DELETE (phantom),13280,Buffalo,45673,Davidson
4684022,2025,Angelo Brizzi,KEEP (bbref=Longwood),51486,Longwood,,
4684022,2025,Angelo Brizzi,DELETE (phantom),13281,Buffalo,51486,Longwood
4897051,2023,Anouar Mellouk,KEEP (bbref=St. Bonaventure),32776,St. Bonaventure,,
4897051,2023,Anouar Mellouk,DELETE (phantom),13291,Morehead State,32776,St. Bonaventure
5177189,2024,Anquan Boldin Jr,KEEP (bbref=Buffalo),45305,Buffalo,,
5177189,2024,Anquan Boldin Jr,DELETE (phantom),13295,Florida A&M,45305,Buffalo
5177189,2025,Anquan Boldin Jr,KEEP (bbref=Buffalo),49926,Buffalo,,
5177189,2025,Anquan Boldin Jr,DELETE (phantom),13296,Florida A&M,49926,Buffalo
4709320,2022,Anquan Hill,KEEP (bbref=FDU),25844,FDU,,
4709320,2022,Anquan Hill,DELETE (phantom),13298,Sacred Heart,25844,FDU
4709320,2023,Anquan Hill,KEEP (bbref=St. Bonaventure),32778,St. Bonaventure,,
4709320,2023,Anquan Hill,DELETE (phantom),13299,Sacred Heart,32778,St. Bonaventure
5108799,2023,Ante Beljan,KEEP (bbref=Little Rock),31020,Little Rock,,
5108799,2023,Ante Beljan,DELETE (phantom),13304,Illinois-Chicago,31020,Little Rock
5108799,2024,Ante Beljan,KEEP (bbref=Little Rock),46623,Little Rock,,
5108799,2024,Ante Beljan,DELETE (phantom),13305,Illinois-Chicago,46623,Little Rock
5108799,2025,Ante Beljan,KEEP (bbref=Little Rock),51446,Little Rock,,
5108799,2025,Ante Beljan,DELETE (phantom),13306,Illinois-Chicago,51446,Little Rock
5107325,2023,Anthony Arrington,KEEP (bbref=Wofford),33801,Wofford,,
5107325,2023,Anthony Arrington,DELETE (phantom),13309,Mount St. Mary's,33801,Wofford
5107325,2024,Anthony Arrington,KEEP (bbref=Wofford),49403,Wofford,,
5107325,2024,Anthony Arrington,DELETE (phantom),13310,Mount St. Mary's,49403,Wofford
5107325,2025,Anthony Arrington,UNRESOLVED (no bbref row),13311,Mount St. Mary's,,
5107325,2025,Anthony Arrington,UNRESOLVED (no bbref row),54239,Wofford,,
5176146,2024,Anthony Benard,UNRESOLVED (no bbref row),13314,Canisius,,
5176146,2024,Anthony Benard,UNRESOLVED (no bbref row),46901,Mercer,,
5108141,2023,Anthony Dell'Orso,UNRESOLVED (no bbref row),13317,Arizona,,
5108141,2023,Anthony Dell'Orso,UNRESOLVED (no bbref row),29686,Campbell,,
5108141,2024,Anthony Dell'Orso,KEEP (bbref=Campbell),45389,Campbell,,
5108141,2024,Anthony Dell'Orso,DELETE (phantom),13318,Arizona,45389,Campbell
5107800,2023,Anthony McCall,UNRESOLVED (no bbref row),13338,Western Carolina,,
5107800,2023,Anthony McCall,UNRESOLVED (no bbref row),32315,Rider,,
5107800,2024,Anthony McCall,KEEP (bbref=Rider),47958,Rider,,
5107800,2024,Anthony McCall,DELETE (phantom),13339,Western Carolina,47958,Rider
5108049,2023,Anthony McComb III,KEEP (bbref=Bowling Green),29520,Bowling Green,,
5108049,2023,Anthony McComb III,DELETE (phantom),13340,Norfolk State,29520,Bowling Green
5108049,2024,Anthony McComb III,KEEP (bbref=Bowling Green),45237,Bowling Green,,
5108049,2024,Anthony McComb III,DELETE (phantom),13341,Norfolk State,45237,Bowling Green
5108049,2025,Anthony McComb III,KEEP (bbref=New Hampshire),52050,New Hampshire,,
5108049,2025,Anthony McComb III,DELETE (phantom),13342,Norfolk State,52050,New Hampshire
5243402,2025,Anthony Peoples Jr.,KEEP (bbref=North Carolina Central),52177,North Carolina Central,,
5243402,2025,Anthony Peoples Jr.,DELETE (phantom),13345,UCLA,52177,North Carolina Central
5054085,2025,Anthony Robinson,KEEP (bbref=Missouri),13351,Missouri,,
5054085,2025,Anthony Robinson,DELETE (phantom),13348,Xavier,13351,Missouri
4701189,2023,Anthony Roy,KEEP (bbref=New Mexico State),31611,New Mexico State,,
4701189,2023,Anthony Roy,DELETE (phantom),13353,Oklahoma State,31611,New Mexico State
4701189,2025,Anthony Roy,UNRESOLVED (no bbref row),13355,Oklahoma State,,
4701189,2025,Anthony Roy,UNRESOLVED (no bbref row),50911,Green Bay,,
5105877,2023,Anthony Wrzeszcz,UNRESOLVED (no bbref row),13360,New Mexico State,,
5105877,2023,Anthony Wrzeszcz,UNRESOLVED (no bbref row),32486,Sam Houston,,
5105877,2024,Anthony Wrzeszcz,KEEP (bbref=Sam Houston),48135,Sam Houston,,
5105877,2024,Anthony Wrzeszcz,DELETE (phantom),13361,New Mexico State,48135,Sam Houston
5240529,2025,Anton Bonke,KEEP (bbref=Providence),52666,Providence,,
5240529,2025,Anton Bonke,DELETE (phantom),13366,Charlotte,52666,Providence
4683734,2022,Anton Brookshire,KEEP (bbref=Missouri),26930,Missouri,,
4683734,2022,Anton Brookshire,DELETE (phantom),13368,Austin Peay,26930,Missouri
4683734,2023,Anton Brookshire,KEEP (bbref=Iona),30809,Iona,,
4683734,2023,Anton Brookshire,DELETE (phantom),13369,Austin Peay,30809,Iona
5105860,2023,Antonio Chol,KEEP (bbref=Rutgers),32343,Rutgers,,
5105860,2023,Antonio Chol,DELETE (phantom),13380,New Mexico,32343,Rutgers
5105860,2024,Antonio Chol,UNRESOLVED (no bbref row),13381,New Mexico,,
5105860,2024,Antonio Chol,UNRESOLVED (no bbref row),47991,Rutgers,,
4433185,2024,Antwan Burnett,KEEP (bbref=Grambling),46093,Grambling,,
4433185,2024,Antwan Burnett,DELETE (phantom),13388,Missouri State,46093,Grambling
4433185,2025,Antwan Burnett,UNRESOLVED (no bbref row),13389,Missouri State,,
4433185,2025,Antwan Burnett,UNRESOLVED (no bbref row),50885,Grambling,,
5178893,2024,Antwan Wilson,UNRESOLVED (no bbref row),13391,Rider,,
5178893,2024,Antwan Wilson,UNRESOLVED (no bbref row),46833,Maryland,,
4396634,2022,Antwann Jones,KEEP (bbref=Louisiana),26609,Louisiana,,
4396634,2022,Antwann Jones,DELETE (phantom),13394,UNC Greensboro,26609,Louisiana
4396634,2024,Antwann Jones,KEEP (bbref=UCF),48827,UCF,,
4396634,2024,Antwann Jones,DELETE (phantom),13396,UNC Greensboro,48827,UCF
4396634,2025,Antwann Jones,KEEP (bbref=Bethune-Cookman),49790,Bethune-Cookman,,
4396634,2025,Antwann Jones,DELETE (phantom),13397,UNC Greensboro,49790,Bethune-Cookman
5241420,2025,Antwaun Massey,KEEP (bbref=Southern Illinois),53200,Southern Illinois,,
5241420,2025,Antwaun Massey,DELETE (phantom),13399,Western Illinois,53200,Southern Illinois
5105859,2023,Antwone Woolfolk,UNRESOLVED (no bbref row),13401,Miami (OH),,
5105859,2023,Antwone Woolfolk,UNRESOLVED (no bbref row),32339,Rutgers,,
5105859,2024,Antwone Woolfolk,UNRESOLVED (no bbref row),13402,Miami (OH),,
5105859,2024,Antwone Woolfolk,UNRESOLVED (no bbref row),47988,Rutgers,,
5105566,2023,Apostolos Roumoglou,KEEP (bbref=Connecticut),33265,Connecticut,,
5105566,2023,Apostolos Roumoglou,DELETE (phantom),13405,Richmond,33265,Connecticut
5105566,2024,Apostolos Roumoglou,KEEP (bbref=Connecticut),48860,Connecticut,,
5105566,2024,Apostolos Roumoglou,DELETE (phantom),13406,Richmond,48860,Connecticut
5093265,2025,Arden Conyers,KEEP (bbref=South Carolina),53109,South Carolina,,
5093265,2025,Arden Conyers,DELETE (phantom),13411,Charlotte,53109,South Carolina
4900669,2022,Ariel Bland,KEEP (bbref=UC Santa Barbara),39429,UC Santa Barbara,,
4900669,2022,Ariel Bland,DELETE (phantom),13416,Bethune-Cookman,39429,UC Santa Barbara
4900669,2023,Ariel Bland,UNRESOLVED (no bbref row),13417,Bethune-Cookman,,
4900669,2023,Ariel Bland,UNRESOLVED (no bbref row),33225,UC Santa Barbara,,
4900669,2024,Ariel Bland,KEEP (bbref=UC Santa Barbara),48809,UC Santa Barbara,,
4900669,2024,Ariel Bland,DELETE (phantom),13418,Bethune-Cookman,48809,UC Santa Barbara
4900669,2025,Ariel Bland,KEEP (bbref=UC Santa Barbara),53701,UC Santa Barbara,,
4900669,2025,Ariel Bland,DELETE (phantom),13419,Bethune-Cookman,53701,UC Santa Barbara
5175391,2024,Arman Madi,KEEP (bbref=Northern Arizona),47470,Northern Arizona,,
5175391,2024,Arman Madi,DELETE (phantom),13425,Sacramento State,47470,Northern Arizona
4917161,2023,Armani Mighty,KEEP (bbref=Boston College),29490,Boston College,,
4917161,2023,Armani Mighty,DELETE (phantom),13428,Mercer,29490,Boston College
4917161,2024,Armani Mighty,KEEP (bbref=Boston College),45208,Boston College,,
4917161,2024,Armani Mighty,DELETE (phantom),13429,Mercer,45208,Boston College
5177148,2024,Armoni Zeigler,KEEP (bbref=Saint Peter's),48121,Saint Peter's,,
5177148,2024,Armoni Zeigler,DELETE (phantom),13434,Ball State,48121,Saint Peter's
5177148,2025,Armoni Zeigler,UNRESOLVED (no bbref row),13435,Ball State,,
5177148,2025,Armoni Zeigler,UNRESOLVED (no bbref row),52932,Saint Peter's,,
5176190,2024,Arne Osojnik,KEEP (bbref=Eastern Michigan),45841,Eastern Michigan,,
5176190,2024,Arne Osojnik,DELETE (phantom),13441,Northern Arizona,45841,Eastern Michigan
5176190,2025,Arne Osojnik,UNRESOLVED (no bbref row),13442,Northern Arizona,,
5176190,2025,Arne Osojnik,UNRESOLVED (no bbref row),50543,Eastern Michigan,,
5175888,2024,Arop Arop,KEEP (bbref=Columbia),45630,Columbia,,
5175888,2024,Arop Arop,DELETE (phantom),13444,Memphis,45630,Columbia
5175888,2025,Arop Arop,KEEP (bbref=Columbia),50266,Columbia,,
5175888,2025,Arop Arop,DELETE (phantom),13445,Memphis,50266,Columbia
5060696,2024,Arrinten Page,KEEP (bbref=Southern California),34745,Southern California,,
5060696,2024,Arrinten Page,DELETE (phantom),13447,Northwestern,34745,Southern California
5106279,2023,Arterio Morris,KEEP (bbref=Texas),33014,Texas,,
5106279,2023,Arterio Morris,DELETE (phantom),13450,Bethune-Cookman,33014,Texas
4895755,2025,Asa Thomas,KEEP (bbref=Clemson),50179,Clemson,,
4895755,2025,Asa Thomas,DELETE (phantom),13460,Furman,50179,Clemson
5107350,2023,Asher Woods,KEEP (bbref=VMI),33508,VMI,,
5107350,2023,Asher Woods,DELETE (phantom),13463,Tulane,33508,VMI
4711280,2025,Ashton Hardaway,UNRESOLVED (no bbref row),13469,Memphis,,
4711280,2025,Ashton Hardaway,UNRESOLVED (no bbref row),52927,Saint Mary's,,
4593463,2022,Ashton Smith,KEEP (bbref=Chattanooga),25415,Chattanooga,,
4593463,2022,Ashton Smith,DELETE (phantom),13474,South Dakota,25415,Chattanooga
4593463,2023,Ashton Smith,KEEP (bbref=Chattanooga),29805,Chattanooga,,
4593463,2023,Ashton Smith,DELETE (phantom),13475,South Dakota,29805,Chattanooga
4701266,2024,Ashton Smith,KEEP (bbref=Oral Roberts),47676,Oral Roberts,,
4701266,2024,Ashton Smith,DELETE (phantom),13476,South Dakota,47676,Oral Roberts
5242115,2025,Asim Jones,KEEP (bbref=Florida International),50685,Florida International,,
5242115,2025,Asim Jones,DELETE (phantom),13484,Quinnipiac,50685,Florida International
5105478,2023,Asjon Anderson,UNRESOLVED (no bbref row),13486,Alabama State,,
5105478,2023,Asjon Anderson,UNRESOLVED (no bbref row),33475,Utah Tech,,
4711295,2024,Assane Diop,KEEP (bbref=Colorado),45602,Colorado,,
4711295,2024,Assane Diop,DELETE (phantom),13490,San Diego,45602,Colorado
4711295,2025,Assane Diop,KEEP (bbref=Colorado),50232,Colorado,,
4711295,2025,Assane Diop,DELETE (phantom),13491,San Diego,50232,Colorado
5176346,2024,Augustinas Kiudulas,KEEP (bbref=Indiana State),46336,Indiana State,,
5176346,2024,Augustinas Kiudulas,DELETE (phantom),13495,Colorado State,46336,Indiana State
5176346,2025,Augustinas Kiudulas,KEEP (bbref=VMI),53989,VMI,,
5176346,2025,Augustinas Kiudulas,DELETE (phantom),13496,Colorado State,53989,VMI
5175354,2024,Augusto Cassiá,KEEP (bbref=Butler),45321,Butler,,
5175354,2024,Augusto Cassiá,DELETE (phantom),13499,Mississippi,45321,Butler
5175354,2025,Augusto Cassiá,KEEP (bbref=Butler),49942,Butler,,
5175354,2025,Augusto Cassiá,DELETE (phantom),13500,Mississippi,49942,Butler
4895779,2024,Austin Ball,KEEP (bbref=George Mason),46019,George Mason,,
4895779,2024,Austin Ball,DELETE (phantom),13505,Eastern Kentucky,46019,George Mason
5240686,2025,Austin Green,KEEP (bbref=Texas State),53520,Texas State,,
5240686,2025,Austin Green,DELETE (phantom),13514,Massachusetts-Lowell,53520,Texas State
4685653,2025,Austin Herro,KEEP (bbref=South Carolina),53113,South Carolina,,
4685653,2025,Austin Herro,DELETE (phantom),13516,William & Mary,53113,South Carolina
5241338,2025,Austin Maurer,UNRESOLVED (no bbref row),50908,Grand Canyon,,
5241338,2025,Austin Maurer,UNRESOLVED (no bbref row),13520,Seattle,,
4712837,2023,Austin Nunez,UNRESOLVED (no bbref row),13526,UTSA,,
4712837,2023,Austin Nunez,UNRESOLVED (no bbref row),29243,Arizona State,,
4712837,2025,Austin Nunez,KEEP (bbref=Arizona State),49618,Arizona State,,
4712837,2025,Austin Nunez,DELETE (phantom),13528,UTSA,49618,Arizona State
4711260,2024,Austin Parks,KEEP (bbref=Ohio State),47609,Ohio State,,
4711260,2024,Austin Parks,DELETE (phantom),13530,Toledo,47609,Ohio State
4711260,2025,Austin Parks,UNRESOLVED (no bbref row),13531,Toledo,,
4711260,2025,Austin Parks,UNRESOLVED (no bbref row),52399,Ohio State,,
5240971,2025,Austin Rapp,KEEP (bbref=Portland),52588,Portland,,
5240971,2025,Austin Rapp,DELETE (phantom),13533,Wisconsin,52588,Portland
5144380,2025,Austin Swartz,KEEP (bbref=Miami (FL)),51779,Miami (FL),,
5144380,2025,Austin Swartz,DELETE (phantom),13535,Creighton,51779,Miami (FL)
51206,2015,Avery Johnson,KEEP (bbref=UC Davis),71957,UC Davis,,
51206,2015,Avery Johnson,DELETE (phantom),71770,Texas A&M,71957,UC Davis
5174978,2025,Ayomide Bamisile,UNRESOLVED (no bbref row),13558,Louisiana-Monroe,,
5174978,2025,Ayomide Bamisile,UNRESOLVED (no bbref row),13559,Utah,,
5106641,2023,B.B. Knight,UNRESOLVED (no bbref row),13566,Lamar,,
5106641,2023,B.B. Knight,UNRESOLVED (no bbref row),33138,Tulsa,,
5105552,2023,B.J. Edwards,KEEP (bbref=Tennessee),32974,Tennessee,,
5105552,2023,B.J. Edwards,DELETE (phantom),13571,Southern Methodist,32974,Tennessee
5107285,2023,BJ Omot,KEEP (bbref=North Dakota),31741,North Dakota,,
5107285,2023,BJ Omot,DELETE (phantom),13745,Minnesota,31741,North Dakota
5107285,2024,BJ Omot,KEEP (bbref=North Dakota),47399,North Dakota,,
5107285,2024,BJ Omot,DELETE (phantom),13746,Minnesota,47399,North Dakota
5107285,2025,BJ Omot,KEEP (bbref=California),50017,California,,
5107285,2025,BJ Omot,DELETE (phantom),13747,Minnesota,50017,California
5075626,2023,Baba Miller,KEEP (bbref=Florida State),30361,Florida State,,
5075626,2023,Baba Miller,DELETE (phantom),13576,Cincinnati,30361,Florida State
5075626,2025,Baba Miller,KEEP (bbref=Florida Atlantic),50644,Florida Atlantic,,
5075626,2025,Baba Miller,DELETE (phantom),13578,Cincinnati,50644,Florida Atlantic
4711705,2023,Babacar Diallo,KEEP (bbref=Kansas City),30893,Kansas City,,
4711705,2023,Babacar Diallo,DELETE (phantom),13580,High Point,30893,Kansas City
4711705,2024,Babacar Diallo,UNRESOLVED (no bbref row),13581,High Point,,
4711705,2024,Babacar Diallo,UNRESOLVED (no bbref row),46429,Kansas City,,
4711705,2025,Babacar Diallo,KEEP (bbref=Kansas City),51248,Kansas City,,
4711705,2025,Babacar Diallo,DELETE (phantom),13582,High Point,51248,Kansas City
4897000,2022,Babacar Faye,KEEP (bbref=College of Charleston),25366,College of Charleston,,
4897000,2022,Babacar Faye,DELETE (phantom),13584,Utah,25366,College of Charleston
4897000,2023,Babacar Faye,KEEP (bbref=College of Charleston),29762,College of Charleston,,
4897000,2023,Babacar Faye,DELETE (phantom),13585,Utah,29762,College of Charleston
4897000,2024,Babacar Faye,KEEP (bbref=Western Kentucky),49324,Western Kentucky,,
4897000,2024,Babacar Faye,DELETE (phantom),13586,Utah,49324,Western Kentucky
4897000,2025,Babacar Faye,UNRESOLVED (no bbref row),13587,Utah,,
4897000,2025,Babacar Faye,UNRESOLVED (no bbref row),54145,Western Kentucky,,
5205881,2025,Babacar Mbengue,KEEP (bbref=UTEP),53914,UTEP,,
5205881,2025,Babacar Mbengue,DELETE (phantom),13588,Kansas City,53914,UTEP
5175404,2024,Bailey Nunn,KEEP (bbref=Sacramento State),48044,Sacramento State,,
5175404,2024,Bailey Nunn,DELETE (phantom),13595,Cal State Fullerton,48044,Sacramento State
5175404,2025,Bailey Nunn,KEEP (bbref=Sacramento State),52852,Sacramento State,,
5175404,2025,Bailey Nunn,DELETE (phantom),13596,Cal State Fullerton,52852,Sacramento State
5174594,2024,Baraka Okojie,KEEP (bbref=George Mason),46014,George Mason,,
5174594,2024,Baraka Okojie,DELETE (phantom),13601,Mercer,46014,George Mason
5174594,2025,Baraka Okojie,KEEP (bbref=Memphis),51716,Memphis,,
5174594,2025,Baraka Okojie,DELETE (phantom),13602,Mercer,51716,Memphis
4712832,2024,Barrington Hargress,KEEP (bbref=UC Riverside),48779,UC Riverside,,
4712832,2024,Barrington Hargress,DELETE (phantom),13606,Colorado,48779,UC Riverside
4712832,2025,Barrington Hargress,KEEP (bbref=UC Riverside),53664,UC Riverside,,
4712832,2025,Barrington Hargress,DELETE (phantom),13607,Colorado,53664,UC Riverside
4683675,2023,Barry Dunning Jr.,UNRESOLVED (no bbref row),13609,Pittsburgh,,
4683675,2023,Barry Dunning Jr.,UNRESOLVED (no bbref row),29285,Arkansas,,
4683675,2024,Barry Dunning Jr.,KEEP (bbref=UAB),48735,UAB,,
4683675,2024,Barry Dunning Jr.,DELETE (phantom),13610,Pittsburgh,48735,UAB
4683675,2025,Barry Dunning Jr.,KEEP (bbref=South Alabama),53090,South Alabama,,
4683675,2025,Barry Dunning Jr.,DELETE (phantom),13611,Pittsburgh,53090,South Alabama
5105987,2023,Barry Evans,KEEP (bbref=St. Bonaventure),32775,St. Bonaventure,,
5105987,2023,Barry Evans,DELETE (phantom),13613,Virginia Commonwealth,32775,St. Bonaventure
5105987,2024,Barry Evans,UNRESOLVED (no bbref row),13614,Virginia Commonwealth,,
5105987,2024,Barry Evans,UNRESOLVED (no bbref row),48413,St. Bonaventure,,
5105987,2025,Barry Evans,KEEP (bbref=Bryant),49898,Bryant,,
5105987,2025,Barry Evans,DELETE (phantom),13615,Virginia Commonwealth,49898,Bryant
4683770,2024,Baye Fall,UNRESOLVED (no bbref row),45012,Arkansas,,
4683770,2024,Baye Fall,UNRESOLVED (no bbref row),13621,Rutgers,,
4683770,2025,Baye Fall,UNRESOLVED (no bbref row),13622,Rutgers,,
4683770,2025,Baye Fall,UNRESOLVED (no bbref row),51282,Kansas State,,
5176417,2024,Belal El Shakery,KEEP (bbref=Wofford),49404,Wofford,,
5176417,2024,Belal El Shakery,DELETE (phantom),13628,New Hampshire,49404,Wofford
5176417,2025,Belal El Shakery,UNRESOLVED (no bbref row),13629,New Hampshire,,
5176417,2025,Belal El Shakery,UNRESOLVED (no bbref row),54240,Wofford,,
5177736,2024,Ben Humrichous,UNRESOLVED (no bbref row),13653,Illinois,,
5177736,2024,Ben Humrichous,UNRESOLVED (no bbref row),45880,Evansville,,
4897010,2023,Ben Johnson,KEEP (bbref=Bellarmine),29410,Bellarmine,,
4897010,2023,Ben Johnson,DELETE (phantom),13656,Vermont,29410,Bellarmine
4897010,2024,Ben Johnson,UNRESOLVED (no bbref row),13657,Vermont,,
4897010,2024,Ben Johnson,UNRESOLVED (no bbref row),45135,Bellarmine,,
4897010,2025,Ben Johnson,UNRESOLVED (no bbref row),13658,Vermont,,
4897010,2025,Ben Johnson,UNRESOLVED (no bbref row),49759,Bellarmine,,
5243028,2025,Ben Michaels,KEEP (bbref=Buffalo),49925,Buffalo,,
5243028,2025,Ben Michaels,DELETE (phantom),13661,Vermont,49925,Buffalo
4897474,2023,Ben Schwieger,KEEP (bbref=Loyola (IL)),31111,Loyola (IL),,
4897474,2023,Ben Schwieger,DELETE (phantom),13672,Northern Iowa,31111,Loyola (IL)
4897474,2024,Ben Schwieger,KEEP (bbref=Loyola (IL)),46718,Loyola (IL),,
4897474,2024,Ben Schwieger,DELETE (phantom),13673,Northern Iowa,46718,Loyola (IL)
5105578,2023,Ben Shtolzberg,UNRESOLVED (no bbref row),13676,Murray State,,
5105578,2023,Ben Shtolzberg,UNRESOLVED (no bbref row),29977,Creighton,,
5105578,2024,Ben Shtolzberg,KEEP (bbref=UC Santa Barbara),48813,UC Santa Barbara,,
5105578,2024,Ben Shtolzberg,DELETE (phantom),13677,Murray State,48813,UC Santa Barbara
5105578,2025,Ben Shtolzberg,KEEP (bbref=UC Santa Barbara),53697,UC Santa Barbara,,
5105578,2025,Ben Shtolzberg,DELETE (phantom),13678,Murray State,53697,UC Santa Barbara
5241633,2025,Ben Tweedy,UNRESOLVED (no bbref row),13679,Colgate,,
5241633,2025,Ben Tweedy,UNRESOLVED (no bbref row),50919,Green Bay,,
5196348,2024,Bencao Vungo,KEEP (bbref=East Carolina),45794,East Carolina,,
5196348,2024,Bencao Vungo,DELETE (phantom),13690,Jacksonville State,45794,East Carolina
5196348,2025,Bencao Vungo,KEEP (bbref=East Carolina),50479,East Carolina,,
5196348,2025,Bencao Vungo,DELETE (phantom),13691,Jacksonville State,50479,East Carolina
5105414,2023,Bendji Pierre,UNRESOLVED (no bbref row),13693,Mercer,,
5105414,2023,Bendji Pierre,UNRESOLVED (no bbref row),32532,San Diego,,
5105414,2025,Bendji Pierre,UNRESOLVED (no bbref row),13695,Mercer,,
5105414,2025,Bendji Pierre,UNRESOLVED (no bbref row),52996,San Diego,,
5241364,2025,Bennett Stirtz,KEEP (bbref=Drake),50417,Drake,,
5241364,2025,Bennett Stirtz,DELETE (phantom),13698,Iowa,50417,Drake
5174982,2024,Berke Buyuktuncel,KEEP (bbref=UCLA),48842,UCLA,,
5174982,2024,Berke Buyuktuncel,DELETE (phantom),13705,Nebraska,48842,UCLA
4898243,2022,Bernie Blunt III,UNRESOLVED (no bbref row),13708,Mercyhurst,,
4898243,2022,Bernie Blunt III,UNRESOLVED (no bbref row),27673,Quinnipiac,,
5107879,2023,Bessanty Saragba,KEEP (bbref=Illinois-Chicago),33278,Illinois-Chicago,,
5107879,2023,Bessanty Saragba,DELETE (phantom),13713,Delaware State,33278,Illinois-Chicago
5107879,2025,Bessanty Saragba,KEEP (bbref=Texas State),53523,Texas State,,
5107879,2025,Bessanty Saragba,DELETE (phantom),13715,Delaware State,53523,Texas State
5241495,2025,Biggie Patterson,KEEP (bbref=Iona),51146,Iona,,
5241495,2025,Biggie Patterson,DELETE (phantom),13718,Hofstra,51146,Iona
5177021,2024,Biko Johnson,KEEP (bbref=Omaha),47662,Omaha,,
5177021,2024,Biko Johnson,DELETE (phantom),13720,Idaho,47662,Omaha
5108028,2023,Billy Smith,KEEP (bbref=Miami (OH)),31300,Miami (OH),,
5108028,2023,Billy Smith,DELETE (phantom),13730,Chattanooga,31300,Miami (OH)
5108028,2024,Billy Smith,UNRESOLVED (no bbref row),13731,Chattanooga,,
5108028,2024,Billy Smith,UNRESOLVED (no bbref row),45140,Bellarmine,,
5108028,2025,Billy Smith,UNRESOLVED (no bbref row),13732,Chattanooga,,
5108028,2025,Billy Smith,UNRESOLVED (no bbref row),49758,Bellarmine,,
5105826,2023,Blaise Keita,KEEP (bbref=Nebraska),31566,Nebraska,,
5105826,2023,Blaise Keita,DELETE (phantom),13758,Western Kentucky,31566,Nebraska
5240019,2025,Blaize Sagna,KEEP (bbref=Stetson),53333,Stetson,,
5240019,2025,Blaize Sagna,DELETE (phantom),13762,Southeast Missouri State,53333,Stetson
5174800,2025,Blake Barkley,KEEP (bbref=Northwestern),52355,Northwestern,,
5174800,2025,Blake Barkley,DELETE (phantom),13766,East Tennessee State,52355,Northwestern
5079838,2024,Blake Buchanan,UNRESOLVED (no bbref row),13768,Iowa State,,
5079838,2024,Blake Buchanan,UNRESOLVED (no bbref row),49191,Virginia,,
5243101,2025,Blake Harper,KEEP (bbref=Howard),51023,Howard,,
5243101,2025,Blake Harper,DELETE (phantom),13775,Creighton,51023,Howard
5118036,2023,Blake Lander,UNRESOLVED (no bbref row),13777,Southern,,
5118036,2023,Blake Lander,UNRESOLVED (no bbref row),13778,Texas State,,
5118036,2025,Blake Lander,KEEP (bbref=Long Island University),51472,Long Island University,,
5118036,2025,Blake Lander,DELETE (phantom),13782,Texas State,51472,Long Island University
5118036,2025,Blake Lander,DELETE (phantom),13781,Southern,51472,Long Island University
5174568,2024,Bobby Durkin,KEEP (bbref=Davidson),45672,Davidson,,
5174568,2024,Bobby Durkin,DELETE (phantom),13796,Minnesota,45672,Davidson
5103631,2024,Boden Kapke,KEEP (bbref=Butler),45319,Butler,,
5103631,2024,Boden Kapke,DELETE (phantom),13800,Boston College,45319,Butler
5103631,2025,Boden Kapke,KEEP (bbref=Butler),49943,Butler,,
5103631,2025,Boden Kapke,DELETE (phantom),13801,Boston College,49943,Butler
4702671,2022,Boden Skunberg,UNRESOLVED (no bbref row),13803,Illinois State,,
4702671,2022,Boden Skunberg,UNRESOLVED (no bbref row),27231,North Dakota State,,
4702671,2023,Boden Skunberg,KEEP (bbref=North Dakota State),31754,North Dakota State,,
4702671,2023,Boden Skunberg,DELETE (phantom),13804,Illinois State,31754,North Dakota State
4702671,2024,Boden Skunberg,KEEP (bbref=North Dakota State),47411,North Dakota State,,
4702671,2024,Boden Skunberg,DELETE (phantom),13805,Illinois State,47411,North Dakota State
5105426,2024,Bol Dengdit,KEEP (bbref=Portland),47775,Portland,,
5105426,2024,Bol Dengdit,DELETE (phantom),13810,UC San Diego,47775,Portland
5105426,2025,Bol Dengdit,KEEP (bbref=Portland),52591,Portland,,
5105426,2025,Bol Dengdit,DELETE (phantom),13811,UC San Diego,52591,Portland
4898283,2022,Boopie Miller,KEEP (bbref=Central Michigan),35806,Central Michigan,,
4898283,2022,Boopie Miller,DELETE (phantom),13815,Southern Methodist,35806,Central Michigan
4898283,2023,Boopie Miller,UNRESOLVED (no bbref row),13816,Southern Methodist,,
4898283,2023,Boopie Miller,UNRESOLVED (no bbref row),29741,Central Michigan,,
4898283,2024,Boopie Miller,KEEP (bbref=Wake Forest),49223,Wake Forest,,
4898283,2024,Boopie Miller,DELETE (phantom),13817,Southern Methodist,49223,Wake Forest
5105840,2023,Bowen Hardman,KEEP (bbref=Ohio State),31944,Ohio State,,
5105840,2023,Bowen Hardman,DELETE (phantom),13823,Akron,31944,Ohio State
5105840,2024,Bowen Hardman,KEEP (bbref=Ohio State),47606,Ohio State,,
5105840,2024,Bowen Hardman,DELETE (phantom),13824,Akron,47606,Ohio State
5175408,2024,Bowyn Beatty,KEEP (bbref=Sacramento State),48043,Sacramento State,,
5175408,2024,Bowyn Beatty,DELETE (phantom),13827,La Salle,48043,Sacramento State
5175408,2025,Bowyn Beatty,UNRESOLVED (no bbref row),13828,La Salle,,
5175408,2025,Bowyn Beatty,UNRESOLVED (no bbref row),52859,Sacramento State,,
5107781,2023,Braden Appelhans,KEEP (bbref=New Mexico),31605,New Mexico,,
5107781,2023,Braden Appelhans,DELETE (phantom),13830,Drake,31605,New Mexico
5107781,2024,Braden Appelhans,KEEP (bbref=New Mexico),47270,New Mexico,,
5107781,2024,Braden Appelhans,DELETE (phantom),13831,Drake,47270,New Mexico
5107781,2025,Braden Appelhans,KEEP (bbref=New Mexico),52071,New Mexico,,
5107781,2025,Braden Appelhans,DELETE (phantom),13832,Drake,52071,New Mexico
5105495,2024,Braden Housley,UNRESOLVED (no bbref row),13839,Utah Valley,,
5105495,2024,Braden Housley,UNRESOLVED (no bbref row),48396,Southern Utah,,
5142360,2025,Braden Pierce,KEEP (bbref=Maryland),51676,Maryland,,
5142360,2025,Braden Pierce,DELETE (phantom),13845,Villanova,51676,Maryland
5108879,2023,Braden Sparks,KEEP (bbref=Mercer),31289,Mercer,,
5108879,2023,Braden Sparks,DELETE (phantom),13851,Fairfield,31289,Mercer
5177352,2024,Bradley Douglas,KEEP (bbref=Little Rock),46616,Little Rock,,
5177352,2024,Bradley Douglas,DELETE (phantom),13857,James Madison,46616,Little Rock
5177352,2025,Bradley Douglas,UNRESOLVED (no bbref row),13858,James Madison,,
5177352,2025,Bradley Douglas,UNRESOLVED (no bbref row),50827,Georgia Southern,,
4685659,2024,Brady Dunlap,UNRESOLVED (no bbref row),13868,Saint Louis,,
4685659,2024,Brady Dunlap,UNRESOLVED (no bbref row),48428,St. John's (NY),,
4685659,2025,Brady Dunlap,UNRESOLVED (no bbref row),13869,Saint Louis,,
4685659,2025,Brady Dunlap,UNRESOLVED (no bbref row),53272,St. John's (NY),,
5240507,2025,Brady Smith,KEEP (bbref=Utah),53962,Utah,,
5240507,2025,Brady Smith,DELETE (phantom),13883,Weber State,53962,Utah
5105820,2023,Braeden Carrington,KEEP (bbref=Minnesota),31371,Minnesota,,
5105820,2023,Braeden Carrington,DELETE (phantom),13895,Wisconsin,31371,Minnesota
5105820,2024,Braeden Carrington,UNRESOLVED (no bbref row),13896,Wisconsin,,
5105820,2024,Braeden Carrington,UNRESOLVED (no bbref row),47021,Minnesota,,
5105820,2025,Braeden Carrington,KEEP (bbref=Tulsa),53596,Tulsa,,
5105820,2025,Braeden Carrington,DELETE (phantom),13897,Wisconsin,53596,Tulsa
5105672,2023,Braeden Smith,KEEP (bbref=Colgate),29886,Colgate,,
5105672,2023,Braeden Smith,DELETE (phantom),13905,Gonzaga,29886,Colgate
5105672,2024,Braeden Smith,KEEP (bbref=Colgate),45577,Colgate,,
5105672,2024,Braeden Smith,DELETE (phantom),13906,Gonzaga,45577,Colgate
4703637,2024,Braelon Bush,KEEP (bbref=Northwestern State),47530,Northwestern State,,
4703637,2024,Braelon Bush,DELETE (phantom),13911,Chicago State,47530,Northwestern State
4703637,2025,Braelon Bush,KEEP (bbref=Prairie View A&M),52614,Prairie View A&M,,
4703637,2025,Braelon Bush,DELETE (phantom),13912,Chicago State,52614,Prairie View A&M
5175028,2024,Braelon Green,UNRESOLVED (no bbref row),13914,Eastern Michigan,,
5175028,2024,Braelon Green,UNRESOLVED (no bbref row),44981,Arizona State,,
5175028,2025,Braelon Green,KEEP (bbref=Bowling Green),49861,Bowling Green,,
5175028,2025,Braelon Green,DELETE (phantom),13915,Eastern Michigan,49861,Bowling Green
4897069,2022,Brandon Dwyer,KEEP (bbref=La Salle),37085,La Salle,,
4897069,2022,Brandon Dwyer,DELETE (phantom),13924,Florida Gulf Coast,37085,La Salle
4711296,2024,Brandon Gardner,UNRESOLVED (no bbref row),13929,Sacramento State,,
4711296,2024,Brandon Gardner,UNRESOLVED (no bbref row),34746,Southern California,,
4711306,2024,Brandon Garrison,KEEP (bbref=Oklahoma State),47630,Oklahoma State,,
4711306,2024,Brandon Garrison,DELETE (phantom),13932,Kentucky,47630,Oklahoma State
5176556,2024,Brandon Hardy,KEEP (bbref=Louisiana),46674,Louisiana,,
5176556,2024,Brandon Hardy,DELETE (phantom),13936,Southern,46674,Louisiana
5176556,2025,Brandon Hardy,KEEP (bbref=Louisiana),51503,Louisiana,,
5176556,2025,Brandon Hardy,DELETE (phantom),13937,Southern,51503,Louisiana
4684285,2022,Brandon Lieb,KEEP (bbref=Illinois),26309,Illinois,,
4684285,2022,Brandon Lieb,DELETE (phantom),13949,Illinois State,26309,Illinois
4684285,2023,Brandon Lieb,KEEP (bbref=Illinois),30741,Illinois,,
4684285,2023,Brandon Lieb,DELETE (phantom),13950,Illinois State,30741,Illinois
5241737,2025,Brandon Maclin,KEEP (bbref=Radford),52712,Radford,,
5241737,2025,Brandon Maclin,DELETE (phantom),13954,DePaul,52712,Radford
5243267,2025,Brandon Morgan,UNRESOLVED (no bbref row),13963,Hofstra,,
5243267,2025,Brandon Morgan,UNRESOLVED (no bbref row),54134,Western Carolina,,
5176245,2024,Brandon Muntu,KEEP (bbref=Western Michigan),49339,Western Michigan,,
5176245,2024,Brandon Muntu,DELETE (phantom),13964,Tennessee Tech,49339,Western Michigan
5176245,2025,Brandon Muntu,UNRESOLVED (no bbref row),13965,Tennessee Tech,,
5176245,2025,Brandon Muntu,UNRESOLVED (no bbref row),54163,Western Michigan,,
4702994,2023,Brandon Noel,UNRESOLVED (no bbref row),13966,Ohio State,,
4702994,2023,Brandon Noel,UNRESOLVED (no bbref row),33808,Wright State,,
4702994,2024,Brandon Noel,KEEP (bbref=Wright State),49411,Wright State,,
4702994,2024,Brandon Noel,DELETE (phantom),13967,Ohio State,49411,Wright State
4702994,2025,Brandon Noel,UNRESOLVED (no bbref row),13968,Ohio State,,
4702994,2025,Brandon Noel,UNRESOLVED (no bbref row),54243,Wright State,,
5103590,2024,Brandon Rechsteiner,UNRESOLVED (no bbref row),13971,Colorado State,,
5103590,2024,Brandon Rechsteiner,UNRESOLVED (no bbref row),49207,Virginia Tech,,
5176687,2024,Brandon Taylor,KEEP (bbref=East Texas A&M),45817,East Texas A&M,,
5176687,2024,Brandon Taylor,DELETE (phantom),13976,Texas,45817,East Texas A&M
5176687,2025,Brandon Taylor,KEEP (bbref=East Texas A&M),50507,East Texas A&M,,
5176687,2025,Brandon Taylor,DELETE (phantom),13977,Texas,50507,East Texas A&M
5105487,2023,Brandon Walker,KEEP (bbref=UT Arlington),33392,UT Arlington,,
5105487,2023,Brandon Walker,DELETE (phantom),13979,Mississippi State,33392,UT Arlington
5105487,2024,Brandon Walker,KEEP (bbref=Montana State),47124,Montana State,,
5105487,2024,Brandon Walker,DELETE (phantom),13980,Mississippi State,47124,Montana State
5107792,2023,Braxton Bayless,KEEP (bbref=Niagara),31640,Niagara,,
5107792,2023,Braxton Bayless,DELETE (phantom),13989,Little Rock,31640,Niagara
5107792,2024,Braxton Bayless,KEEP (bbref=Niagara),34355,Niagara,,
5107792,2024,Braxton Bayless,DELETE (phantom),13990,Little Rock,34355,Niagara
5107792,2025,Braxton Bayless,UNRESOLVED (no bbref row),13991,Little Rock,,
5107792,2025,Braxton Bayless,UNRESOLVED (no bbref row),54150,Western Kentucky,,
5107891,2023,Braxton Stacker,KEEP (bbref=Murray State),31510,Murray State,,
5107891,2023,Braxton Stacker,DELETE (phantom),13993,Southeast Missouri State,31510,Murray State
4873137,2025,Brayden Crump,UNRESOLVED (no bbref row),13999,East Tennessee State,,
4873137,2025,Brayden Crump,UNRESOLVED (no bbref row),50572,Elon,,
5239775,2025,Brayden Fagbemi,KEEP (bbref=Central Arkansas),50061,Central Arkansas,,
5239775,2025,Brayden Fagbemi,DELETE (phantom),14001,UC Davis,50061,Central Arkansas
5243027,2025,Brayden Jackson,KEEP (bbref=Buffalo),49929,Buffalo,,
5243027,2025,Brayden Jackson,DELETE (phantom),14003,St. Bonaventure,49929,Buffalo
5107269,2023,Brayden O'Connor,KEEP (bbref=Massachusetts-Lowell),33313,Massachusetts-Lowell,,
5107269,2023,Brayden O'Connor,DELETE (phantom),14007,George Mason,33313,Massachusetts-Lowell
5107269,2024,Brayden O'Connor,UNRESOLVED (no bbref row),14008,George Mason,,
5107269,2024,Brayden O'Connor,UNRESOLVED (no bbref row),48911,Massachusetts-Lowell,,
5239884,2025,Braylhan Thomas,KEEP (bbref=Georgia Southern),50836,Georgia Southern,,
5239884,2025,Braylhan Thomas,DELETE (phantom),14017,Winthrop,50836,Georgia Southern
5105589,2023,Brendan Hausen,KEEP (bbref=Villanova),33570,Villanova,,
5105589,2023,Brendan Hausen,DELETE (phantom),14023,Iowa,33570,Villanova
5105589,2024,Brendan Hausen,KEEP (bbref=Villanova),49179,Villanova,,
5105589,2024,Brendan Hausen,DELETE (phantom),14024,Iowa,49179,Villanova
5105589,2025,Brendan Hausen,KEEP (bbref=Kansas State),51275,Kansas State,,
5105589,2025,Brendan Hausen,DELETE (phantom),14025,Iowa,51275,Kansas State
5106864,2023,Brenen Lorient,KEEP (bbref=Florida Atlantic),30310,Florida Atlantic,,
5106864,2023,Brenen Lorient,DELETE (phantom),14048,West Virginia,30310,Florida Atlantic
5106864,2024,Brenen Lorient,KEEP (bbref=Florida Atlantic),45948,Florida Atlantic,,
5106864,2024,Brenen Lorient,DELETE (phantom),14049,West Virginia,45948,Florida Atlantic
5106864,2025,Brenen Lorient,KEEP (bbref=North Texas),52235,North Texas,,
5106864,2025,Brenen Lorient,DELETE (phantom),14050,West Virginia,52235,North Texas
5105622,2023,Brennan Rigsby Jr.,KEEP (bbref=Oregon),32040,Oregon,,
5105622,2023,Brennan Rigsby Jr.,DELETE (phantom),14055,Radford,32040,Oregon
5105622,2024,Brennan Rigsby Jr.,KEEP (bbref=Oregon),47691,Oregon,,
5105622,2024,Brennan Rigsby Jr.,DELETE (phantom),14056,Radford,47691,Oregon
5105622,2025,Brennan Rigsby Jr.,KEEP (bbref=Minnesota),51821,Minnesota,,
5105622,2025,Brennan Rigsby Jr.,DELETE (phantom),14057,Radford,51821,Minnesota
4897364,2022,Brennan Watkins,UNRESOLVED (no bbref row),14060,Chattanooga,,
4897364,2022,Brennan Watkins,UNRESOLVED (no bbref row),28767,VMI,,
4897364,2024,Brennan Watkins,UNRESOLVED (no bbref row),14062,Chattanooga,,
4897364,2024,Brennan Watkins,UNRESOLVED (no bbref row),49116,VMI,,
4897364,2025,Brennan Watkins,KEEP (bbref=North Dakota State),52216,North Dakota State,,
4897364,2025,Brennan Watkins,DELETE (phantom),14063,Chattanooga,52216,North Dakota State
5177603,2025,Brentay Noel,KEEP (bbref=Southern),53212,Southern,,
5177603,2025,Brentay Noel,DELETE (phantom),14071,Louisiana-Monroe,53212,Southern
4897050,2023,Brett Rumpel,KEEP (bbref=St. Bonaventure),32777,St. Bonaventure,,
4897050,2023,Brett Rumpel,DELETE (phantom),14079,Manhattan,32777,St. Bonaventure
5240665,2025,Brewer Carruth,UNRESOLVED (no bbref row),14086,Texas State,,
5240665,2025,Brewer Carruth,UNRESOLVED (no bbref row),14085,Southern,,
5240665,2025,Brewer Carruth,UNRESOLVED (no bbref row),14084,Appalachian State,,
5241241,2025,Brian Amuneke,KEEP (bbref=Fresno State),50735,Fresno State,,
5241241,2025,Brian Amuneke,DELETE (phantom),14090,Wichita State,50735,Fresno State
5107895,2023,Brian Moore Jr.,KEEP (bbref=Murray State),31504,Murray State,,
5107895,2023,Brian Moore Jr.,DELETE (phantom),14093,Grand Canyon,31504,Murray State
5107895,2024,Brian Moore Jr.,KEEP (bbref=Murray State),47179,Murray State,,
5107895,2024,Brian Moore Jr.,DELETE (phantom),14094,Grand Canyon,47179,Murray State
5107895,2025,Brian Moore Jr.,KEEP (bbref=Norfolk State),52130,Norfolk State,,
5107895,2025,Brian Moore Jr.,DELETE (phantom),14095,Grand Canyon,52130,Norfolk State
4593256,2024,Brian Taylor,KEEP (bbref=Central Michigan),45444,Central Michigan,,
4593256,2024,Brian Taylor,DELETE (phantom),14099,East Tennessee State,45444,Central Michigan
4593256,2023,Brian Taylor II,UNRESOLVED (no bbref row),14098,East Tennessee State,,
4593256,2023,Brian Taylor II,UNRESOLVED (no bbref row),29743,Central Michigan,,
5106766,2025,Brian Taylor II,KEEP (bbref=SIU Edwardsville),52820,SIU Edwardsville,,
5106766,2025,Brian Taylor II,DELETE (phantom),14100,East Tennessee State,52820,SIU Edwardsville
4823976,2023,Brian Waddell,UNRESOLVED (no bbref row),14102,Bellarmine,,
4823976,2023,Brian Waddell,UNRESOLVED (no bbref row),32220,Purdue,,
4823976,2024,Brian Waddell,KEEP (bbref=Purdue),47857,Purdue,,
4823976,2024,Brian Waddell,DELETE (phantom),14103,Bellarmine,47857,Purdue
4823976,2025,Brian Waddell,KEEP (bbref=Purdue),52679,Purdue,,
4823976,2025,Brian Waddell,DELETE (phantom),14104,Bellarmine,52679,Purdue
5241745,2025,Brit Harris,KEEP (bbref=South Carolina Upstate),53132,South Carolina Upstate,,
5241745,2025,Brit Harris,DELETE (phantom),14110,Florida International,53132,South Carolina Upstate
5177725,2024,Brock Felder,UNRESOLVED (no bbref row),14119,Seattle,,
5177725,2024,Brock Felder,UNRESOLVED (no bbref row),48400,Southern Utah,,
5177725,2025,Brock Felder,UNRESOLVED (no bbref row),14120,Seattle,,
5177725,2025,Brock Felder,UNRESOLVED (no bbref row),53240,Southern Utah,,
5103589,2024,Brock Harding,KEEP (bbref=Iowa),46358,Iowa,,
5103589,2024,Brock Harding,DELETE (phantom),14122,Texas Christian,46358,Iowa
5103589,2025,Brock Harding,KEEP (bbref=Iowa),51163,Iowa,,
5103589,2025,Brock Harding,DELETE (phantom),14123,Texas Christian,51163,Iowa
5175357,2025,Brock Vice,KEEP (bbref=North Texas),52245,North Texas,,
5175357,2025,Brock Vice,DELETE (phantom),14130,Murray State,52245,North Texas
5107377,2023,Brody Robinson,KEEP (bbref=Chattanooga),29808,Chattanooga,,
5107377,2023,Brody Robinson,DELETE (phantom),14137,Oakland,29808,Chattanooga
5107377,2025,Brody Robinson,KEEP (bbref=UT Arlington),53864,UT Arlington,,
5107377,2025,Brody Robinson,DELETE (phantom),14139,Oakland,53864,UT Arlington
5108917,2023,Brody Rowbury,KEEP (bbref=Southeastern Louisiana),32350,Southeastern Louisiana,,
5108917,2023,Brody Rowbury,DELETE (phantom),14141,Idaho,32350,Southeastern Louisiana
5108917,2024,Brody Rowbury,KEEP (bbref=Southeastern Louisiana),47998,Southeastern Louisiana,,
5108917,2024,Brody Rowbury,DELETE (phantom),14142,Idaho,47998,Southeastern Louisiana
5108917,2025,Brody Rowbury,KEEP (bbref=Southeastern Louisiana),52808,Southeastern Louisiana,,
5108917,2025,Brody Rowbury,DELETE (phantom),14143,Idaho,52808,Southeastern Louisiana
5101624,2024,Brooklyn Hicks,KEEP (bbref=Nevada-Las Vegas),48969,Nevada-Las Vegas,,
5101624,2024,Brooklyn Hicks,DELETE (phantom),14149,Montana,48969,Nevada-Las Vegas
5101624,2025,Brooklyn Hicks,KEEP (bbref=Nevada-Las Vegas),53837,Nevada-Las Vegas,,
5101624,2025,Brooklyn Hicks,DELETE (phantom),14150,Montana,53837,Nevada-Las Vegas
5106602,2024,Bryan Etumnu,UNRESOLVED (no bbref row),14160,Wright State,,
5106602,2024,Bryan Etumnu,UNRESOLVED (no bbref row),46920,Merrimack,,
5106602,2025,Bryan Etumnu,KEEP (bbref=Merrimack),51748,Merrimack,,
5106602,2025,Bryan Etumnu,DELETE (phantom),14161,Wright State,51748,Merrimack
5175788,2024,Bryan Ndjonga,KEEP (bbref=Cal State Northridge),45357,Cal State Northridge,,
5175788,2024,Bryan Ndjonga,DELETE (phantom),14163,Canisius,45357,Cal State Northridge
5175788,2025,Bryan Ndjonga,KEEP (bbref=Central Michigan),50091,Central Michigan,,
5175788,2025,Bryan Ndjonga,DELETE (phantom),14164,Canisius,50091,Central Michigan
5106643,2023,Bryant Selebangue,UNRESOLVED (no bbref row),14166,Western Kentucky,,
5106643,2023,Bryant Selebangue,UNRESOLVED (no bbref row),33131,Tulsa,,
5106643,2024,Bryant Selebangue,UNRESOLVED (no bbref row),14167,Western Kentucky,,
5106643,2024,Bryant Selebangue,UNRESOLVED (no bbref row),44976,Arizona State,,
5106643,2025,Bryant Selebangue,KEEP (bbref=McNeese),51704,McNeese,,
5106643,2025,Bryant Selebangue,DELETE (phantom),14168,Western Kentucky,51704,McNeese
4066826,2021,Bryce Aiken,UNRESOLVED (no bbref row),96844,Harvard,,
4066826,2021,Bryce Aiken,UNRESOLVED (no bbref row),98976,Seton Hall,,
5106463,2023,Bryce Baker,KEEP (bbref=Old Dominion),31986,Old Dominion,,
5106463,2023,Bryce Baker,DELETE (phantom),14170,College of Charleston,31986,Old Dominion
5106463,2024,Bryce Baker,KEEP (bbref=Old Dominion),47645,Old Dominion,,
5106463,2024,Bryce Baker,DELETE (phantom),14171,College of Charleston,47645,Old Dominion
5106463,2025,Bryce Baker,KEEP (bbref=Winthrop),54204,Winthrop,,
5106463,2025,Bryce Baker,DELETE (phantom),14172,College of Charleston,54204,Winthrop
5176231,2024,Bryce Ford,KEEP (bbref=Toledo),48664,Toledo,,
5176231,2024,Bryce Ford,DELETE (phantom),14181,Arizona State,48664,Toledo
5176231,2025,Bryce Ford,KEEP (bbref=Toledo),53542,Toledo,,
5176231,2025,Bryce Ford,DELETE (phantom),14182,Arizona State,53542,Toledo
5041945,2025,Bryce Heard,KEEP (bbref=NC State),51987,NC State,,
5041945,2025,Bryce Heard,DELETE (phantom),14189,Dayton,51987,NC State
4565698,2022,Bryce Hopkins,KEEP (bbref=Kentucky),26526,Kentucky,,
4565698,2022,Bryce Hopkins,DELETE (phantom),14191,St. John's (NY),26526,Kentucky
4565698,2023,Bryce Hopkins,UNRESOLVED (no bbref row),14192,St. John's (NY),,
4565698,2023,Bryce Hopkins,UNRESOLVED (no bbref row),32198,Providence,,
4565698,2024,Bryce Hopkins,UNRESOLVED (no bbref row),14193,St. John's (NY),,
4565698,2024,Bryce Hopkins,UNRESOLVED (no bbref row),47836,Providence,,
4565698,2025,Bryce Hopkins,KEEP (bbref=Providence),52654,Providence,,
4565698,2025,Bryce Hopkins,DELETE (phantom),14194,St. John's (NY),52654,Providence
5174291,2024,Bryce Lindsay,KEEP (bbref=Texas A&M),48600,Texas A&M,,
5174291,2024,Bryce Lindsay,DELETE (phantom),14196,Villanova,48600,Texas A&M
5174291,2025,Bryce Lindsay,KEEP (bbref=James Madison),51229,James Madison,,
5174291,2025,Bryce Lindsay,DELETE (phantom),14197,Villanova,51229,James Madison
4897519,2022,Bryce Zephir,KEEP (bbref=North Texas),27261,North Texas,,
4897519,2022,Bryce Zephir,DELETE (phantom),14202,Syracuse,27261,North Texas
5107223,2023,Brycen Blaine,KEEP (bbref=James Madison),30880,James Madison,,
5107223,2023,Brycen Blaine,DELETE (phantom),14207,Charleston Southern,30880,James Madison
4586322,2022,Brycen Long,KEEP (bbref=Houston Christian),36745,Houston Christian,,
4586322,2022,Brycen Long,DELETE (phantom),14211,Portland State,36745,Houston Christian
4586322,2023,Brycen Long,UNRESOLVED (no bbref row),30650,Houston Christian,,
4586322,2023,Brycen Long,UNRESOLVED (no bbref row),14212,Portland State,,
4586322,2024,Brycen Long,UNRESOLVED (no bbref row),14213,Portland State,,
4586322,2024,Brycen Long,UNRESOLVED (no bbref row),44978,Arizona State,,
5239594,2025,Bryson Cokley,UNRESOLVED (no bbref row),14218,Elon,,
5239594,2025,Bryson Cokley,UNRESOLVED (no bbref row),50783,George Mason,,
5107077,2023,Bryson Dawkins,KEEP (bbref=North Alabama),31685,North Alabama,,
5107077,2023,Bryson Dawkins,DELETE (phantom),14220,Youngstown State,31685,North Alabama
5107077,2025,Bryson Dawkins,KEEP (bbref=Houston Christian),50999,Houston Christian,,
5107077,2025,Bryson Dawkins,DELETE (phantom),14222,Youngstown State,50999,Houston Christian
4897571,2023,Bryson Spell,KEEP (bbref=Liberty),30996,Liberty,,
4897571,2023,Bryson Spell,DELETE (phantom),14230,Elon,30996,Liberty
4897571,2024,Bryson Spell,KEEP (bbref=Liberty),46599,Liberty,,
4897571,2024,Bryson Spell,DELETE (phantom),14231,Elon,46599,Liberty
4897571,2025,Bryson Spell,KEEP (bbref=Liberty),51424,Liberty,,
4897571,2025,Bryson Spell,DELETE (phantom),14232,Elon,51424,Liberty
4873180,2025,Bryson Tucker,KEEP (bbref=Indiana),51122,Indiana,,
4873180,2025,Bryson Tucker,DELETE (phantom),14235,Washington,51122,Indiana
4895759,2024,Bryson Wilson,KEEP (bbref=Buffalo),45308,Buffalo,,
4895759,2024,Bryson Wilson,DELETE (phantom),14237,Binghamton,45308,Buffalo
4895759,2025,Bryson Wilson,KEEP (bbref=Buffalo),49927,Buffalo,,
4895759,2025,Bryson Wilson,DELETE (phantom),14238,Binghamton,49927,Buffalo
5176788,2024,Bubu Benjamin,KEEP (bbref=Tarleton State),48541,Tarleton State,,
5176788,2024,Bubu Benjamin,DELETE (phantom),14243,George Washington,48541,Tarleton State
5176788,2025,Bubu Benjamin,KEEP (bbref=Tarleton State),53394,Tarleton State,,
5176788,2025,Bubu Benjamin,DELETE (phantom),14244,George Washington,53394,Tarleton State
5107144,2023,Butta Johnson,UNRESOLVED (no bbref row),14253,Clemson,,
5107144,2023,Butta Johnson,UNRESOLVED (no bbref row),33151,UAB,,
5107144,2024,Butta Johnson,KEEP (bbref=UAB),48727,UAB,,
5107144,2024,Butta Johnson,DELETE (phantom),14254,Clemson,48727,UAB
5107144,2025,Butta Johnson,KEEP (bbref=UAB),53610,UAB,,
5107144,2025,Butta Johnson,DELETE (phantom),14255,Clemson,53610,UAB
5107878,2023,C.J. Jones,UNRESOLVED (no bbref row),14259,Kansas State,,
5107878,2023,C.J. Jones,UNRESOLVED (no bbref row),33275,Illinois-Chicago,,
5107878,2024,C.J. Jones,KEEP (bbref=Illinois-Chicago),48866,Illinois-Chicago,,
5107878,2024,C.J. Jones,DELETE (phantom),14260,Kansas State,48866,Illinois-Chicago
4897054,2022,CJ Anthony,KEEP (bbref=Cincinnati),25444,Cincinnati,,
4897054,2022,CJ Anthony,DELETE (phantom),14979,Iona,25444,Cincinnati
4897054,2023,CJ Anthony,KEEP (bbref=Cincinnati),29839,Cincinnati,,
4897054,2023,CJ Anthony,DELETE (phantom),14980,Iona,29839,Cincinnati
4897054,2024,CJ Anthony,KEEP (bbref=Cincinnati),45532,Cincinnati,,
4897054,2024,CJ Anthony,DELETE (phantom),14981,Iona,45532,Cincinnati
5176658,2024,CJ Booker,KEEP (bbref=Texas-Rio Grande Valley),34783,Texas-Rio Grande Valley,,
5176658,2024,CJ Booker,DELETE (phantom),14987,Southeastern Louisiana,34783,Texas-Rio Grande Valley
5106594,2023,CJ Delancy,KEEP (bbref=Long Island University),31043,Long Island University,,
5106594,2023,CJ Delancy,DELETE (phantom),14992,Chicago State,31043,Long Island University
5106594,2024,CJ Delancy,KEEP (bbref=Long Island University),46650,Long Island University,,
5106594,2024,CJ Delancy,DELETE (phantom),14993,Chicago State,46650,Long Island University
5105796,2023,CJ Gunn,UNRESOLVED (no bbref row),14997,DePaul,,
5105796,2023,CJ Gunn,UNRESOLVED (no bbref row),30783,Indiana,,
5105796,2024,CJ Gunn,KEEP (bbref=Indiana),46316,Indiana,,
5105796,2024,CJ Gunn,DELETE (phantom),14998,DePaul,46316,Indiana
5177528,2024,CJ Hines,UNRESOLVED (no bbref row),15008,Temple,,
5177528,2024,CJ Hines,UNRESOLVED (no bbref row),44913,Alabama State,,
5177528,2025,CJ Hines,KEEP (bbref=Alabama State),49549,Alabama State,,
5177528,2025,CJ Hines,DELETE (phantom),15009,Temple,49549,Alabama State
5242278,2025,CJ Luster II,KEEP (bbref=Stony Brook),53352,Stony Brook,,
5242278,2025,CJ Luster II,DELETE (phantom),15014,UNC Wilmington,53352,Stony Brook
5106287,2023,CJ Williams,UNRESOLVED (no bbref row),15022,Auburn,,
5106287,2023,CJ Williams,UNRESOLVED (no bbref row),33058,Texas Tech,,
4898189,2022,Cade Haskins,KEEP (bbref=Dartmouth),25591,Dartmouth,,
4898189,2022,Cade Haskins,DELETE (phantom),14269,William & Mary,25591,Dartmouth
4898189,2023,Cade Haskins,UNRESOLVED (no bbref row),14270,William & Mary,,
4898189,2023,Cade Haskins,UNRESOLVED (no bbref row),29984,Dartmouth,,
4898189,2024,Cade Haskins,KEEP (bbref=Dartmouth),45666,Dartmouth,,
4898189,2024,Cade Haskins,DELETE (phantom),14271,William & Mary,45666,Dartmouth
4898189,2025,Cade Haskins,KEEP (bbref=Dartmouth),50320,Dartmouth,,
4898189,2025,Cade Haskins,DELETE (phantom),14272,William & Mary,50320,Dartmouth
5107885,2023,Cade Hornecker,KEEP (bbref=Southern Illinois),32722,Southern Illinois,,
5107885,2023,Cade Hornecker,DELETE (phantom),14274,Abilene Christian,32722,Southern Illinois
5241374,2025,Cade Norris,KEEP (bbref=Illinois State),51100,Illinois State,,
5241374,2025,Cade Norris,DELETE (phantom),14282,Samford,51100,Illinois State
5107970,2023,Cade Tyson,KEEP (bbref=Belmont),29425,Belmont,,
5107970,2023,Cade Tyson,DELETE (phantom),14292,Minnesota,29425,Belmont
5107970,2024,Cade Tyson,KEEP (bbref=Belmont),45148,Belmont,,
5107970,2024,Cade Tyson,DELETE (phantom),14293,Minnesota,45148,Belmont
5107970,2025,Cade Tyson,KEEP (bbref=North Carolina),52191,North Carolina,,
5107970,2025,Cade Tyson,DELETE (phantom),14294,Minnesota,52191,North Carolina
5196866,2025,Caden Diggs,UNRESOLVED (no bbref row),14296,Maryland-Baltimore County,,
5196866,2025,Caden Diggs,UNRESOLVED (no bbref row),52439,Old Dominion,,
5107866,2023,Caden Powell,UNRESOLVED (no bbref row),14301,Baylor,,
5107866,2023,Caden Powell,UNRESOLVED (no bbref row),33826,Wyoming,,
5107866,2024,Caden Powell,KEEP (bbref=Wyoming),49426,Wyoming,,
5107866,2024,Caden Powell,DELETE (phantom),14302,Baylor,49426,Wyoming
5107866,2025,Caden Powell,KEEP (bbref=Rice),52737,Rice,,
5107866,2025,Caden Powell,DELETE (phantom),14303,Baylor,52737,Rice
5105804,2023,Caelum Swanton-Rodger,KEEP (bbref=Maryland),31235,Maryland,,
5105804,2023,Caelum Swanton-Rodger,DELETE (phantom),14309,Old Dominion,31235,Maryland
5105804,2024,Caelum Swanton-Rodger,KEEP (bbref=Maryland),46843,Maryland,,
5105804,2024,Caelum Swanton-Rodger,DELETE (phantom),14310,Old Dominion,46843,Maryland
5107455,2023,Caleb Blackwell,KEEP (bbref=Alabama A&M),29161,Alabama A&M,,
5107455,2023,Caleb Blackwell,DELETE (phantom),14323,UTEP,29161,Alabama A&M
5107455,2024,Caleb Blackwell,UNRESOLVED (no bbref row),14324,UTEP,,
5107455,2024,Caleb Blackwell,UNRESOLVED (no bbref row),44890,Alabama A&M,,
5175939,2024,Caleb Johnson,KEEP (bbref=Jacksonville State),46413,Jacksonville State,,
5175939,2024,Caleb Johnson,DELETE (phantom),14339,Long Island University,46413,Jacksonville State
4706147,2025,Caleb Kizer,KEEP (bbref=South Alabama),53100,South Alabama,,
4706147,2025,Caleb Kizer,DELETE (phantom),14345,South Dakota,53100,South Alabama
5179093,2024,Caleb McCarty,UNRESOLVED (no bbref row),14347,Cal State Bakersfield,,
5179093,2024,Caleb McCarty,UNRESOLVED (no bbref row),48295,South Carolina State,,
5179093,2025,Caleb McCarty,KEEP (bbref=South Carolina State),53124,South Carolina State,,
5179093,2025,Caleb McCarty,DELETE (phantom),14348,Cal State Bakersfield,53124,South Carolina State
4873194,2025,Caleb Middleton,KEEP (bbref=New Hampshire),52058,New Hampshire,,
4873194,2025,Caleb Middleton,DELETE (phantom),14350,Elon,52058,New Hampshire
5107860,2023,Caleb Shaw,KEEP (bbref=Northern Colorado),31819,Northern Colorado,,
5107860,2023,Caleb Shaw,DELETE (phantom),14360,Grand Canyon,31819,Northern Colorado
5175056,2024,Callum Richard,KEEP (bbref=East Carolina),45792,East Carolina,,
5175056,2024,Callum Richard,DELETE (phantom),14377,Wofford,45792,East Carolina
5175056,2025,Callum Richard,UNRESOLVED (no bbref row),50476,East Carolina,,
5175056,2025,Callum Richard,UNRESOLVED (no bbref row),14378,Wofford,,
5108073,2023,Cam Amboree,KEEP (bbref=Oral Roberts),32029,Oral Roberts,,
5108073,2023,Cam Amboree,DELETE (phantom),14386,Southern,32029,Oral Roberts
5108073,2024,Cam Amboree,KEEP (bbref=Oral Roberts),47681,Oral Roberts,,
5108073,2024,Cam Amboree,DELETE (phantom),14387,Southern,47681,Oral Roberts
4897466,2022,Cam Crawford,UNRESOLVED (no bbref row),14401,Duquesne,,
4897466,2022,Cam Crawford,UNRESOLVED (no bbref row),26358,Indiana State,,
4897466,2024,Cam Crawford,KEEP (bbref=Marshall),46813,Marshall,,
4897466,2024,Cam Crawford,DELETE (phantom),14403,Duquesne,46813,Marshall
5105458,2023,Cam Denson,KEEP (bbref=Pacific),32069,Pacific,,
5105458,2023,Cam Denson,DELETE (phantom),14406,Ball State,32069,Pacific
5105458,2024,Cam Denson,KEEP (bbref=Pacific),47715,Pacific,,
5105458,2024,Cam Denson,DELETE (phantom),14407,Ball State,47715,Pacific
5105458,2025,Cam Denson,KEEP (bbref=Long Beach State),51460,Long Beach State,,
5105458,2025,Cam Denson,DELETE (phantom),14408,Ball State,51460,Long Beach State
5174619,2024,Cam Estevez,KEEP (bbref=Rhode Island),47909,Rhode Island,,
5174619,2024,Cam Estevez,DELETE (phantom),14410,Fairfield,47909,Rhode Island
5174619,2025,Cam Estevez,KEEP (bbref=Rhode Island),52732,Rhode Island,,
5174619,2025,Cam Estevez,DELETE (phantom),14411,Fairfield,52732,Rhode Island
5176075,2024,Cam Gillus,KEEP (bbref=Lehigh),46579,Lehigh,,
5176075,2024,Cam Gillus,DELETE (phantom),14413,Howard,46579,Lehigh
5176075,2025,Cam Gillus,KEEP (bbref=Lehigh),51402,Lehigh,,
5176075,2025,Cam Gillus,DELETE (phantom),14414,Howard,51402,Lehigh
5106610,2023,Cam Gregory,UNRESOLVED (no bbref row),14416,Campbell,,
5106610,2023,Cam Gregory,UNRESOLVED (no bbref row),32415,Saint Francis (PA),,
5106610,2024,Cam Gregory,KEEP (bbref=Saint Francis (PA)),48058,Saint Francis (PA),,
5106610,2024,Cam Gregory,DELETE (phantom),14417,Campbell,48058,Saint Francis (PA)
5107700,2024,Cam Haffner,UNRESOLVED (no bbref row),14421,Western Kentucky,,
5107700,2024,Cam Haffner,UNRESOLVED (no bbref row),45887,Evansville,,
5107700,2025,Cam Haffner,UNRESOLVED (no bbref row),14422,Western Kentucky,,
5107700,2025,Cam Haffner,UNRESOLVED (no bbref row),50582,Evansville,,
5176283,2024,Cam Manyawu,KEEP (bbref=Wyoming),49424,Wyoming,,
5176283,2024,Cam Manyawu,DELETE (phantom),14429,Iowa,49424,Wyoming
5176283,2025,Cam Manyawu,KEEP (bbref=Drake),50421,Drake,,
5176283,2025,Cam Manyawu,DELETE (phantom),14430,Iowa,50421,Drake
4896462,2022,Cam McDowell,UNRESOLVED (no bbref row),14432,Tarleton State,,
4896462,2022,Cam McDowell,UNRESOLVED (no bbref row),26053,Georgia,,
4896462,2023,Cam McDowell,KEEP (bbref=Jacksonville State),30867,Jacksonville State,,
4896462,2023,Cam McDowell,DELETE (phantom),14433,Tarleton State,30867,Jacksonville State
5107271,2023,Cam Morris III,KEEP (bbref=Massachusetts-Lowell),33310,Massachusetts-Lowell,,
5107271,2023,Cam Morris III,DELETE (phantom),14438,East Tennessee State,33310,Massachusetts-Lowell
5107271,2024,Cam Morris III,UNRESOLVED (no bbref row),14439,East Tennessee State,,
5107271,2024,Cam Morris III,UNRESOLVED (no bbref row),48909,Massachusetts-Lowell,,
5107271,2025,Cam Morris III,KEEP (bbref=Massachusetts-Lowell),53777,Massachusetts-Lowell,,
5107271,2025,Cam Morris III,DELETE (phantom),14440,East Tennessee State,53777,Massachusetts-Lowell
4432182,2022,Cam'Ron Fletcher,UNRESOLVED (no bbref row),14451,High Point,,
4432182,2022,Cam'Ron Fletcher,UNRESOLVED (no bbref row),14452,Xavier,,
4432182,2022,Cam'Ron Fletcher,UNRESOLVED (no bbref row),25932,Florida State,,
4432182,2023,Cam'Ron Fletcher,UNRESOLVED (no bbref row),14454,Xavier,,
4432182,2023,Cam'Ron Fletcher,UNRESOLVED (no bbref row),14453,High Point,,
4432182,2023,Cam'Ron Fletcher,UNRESOLVED (no bbref row),30358,Florida State,,
4432182,2024,Cam'Ron Fletcher,UNRESOLVED (bbref=Florida State matched 0 rows),14455,High Point,,
4432182,2024,Cam'Ron Fletcher,UNRESOLVED (bbref=Florida State matched 0 rows),14456,Xavier,,
4432182,2025,Cam'Ron Fletcher,UNRESOLVED (no bbref row),14457,High Point,,
4432182,2025,Cam'Ron Fletcher,UNRESOLVED (no bbref row),14458,Xavier,,
5105855,2024,Camden Heide,KEEP (bbref=Purdue),47854,Purdue,,
5105855,2024,Camden Heide,DELETE (phantom),14463,Texas,47854,Purdue
5105855,2025,Camden Heide,KEEP (bbref=Purdue),52676,Purdue,,
5105855,2025,Camden Heide,DELETE (phantom),14464,Texas,52676,Purdue
5113969,2024,Cameron Carr,KEEP (bbref=Tennessee),48585,Tennessee,,
5113969,2024,Cameron Carr,DELETE (phantom),14474,Baylor,48585,Tennessee
5113969,2025,Cameron Carr,UNRESOLVED (no bbref row),14475,Baylor,,
5113969,2025,Cameron Carr,UNRESOLVED (no bbref row),53461,Tennessee,,
5241847,2025,Cameron Clark,KEEP (bbref=Cal State Bakersfield),49973,Cal State Bakersfield,,
5241847,2025,Cameron Clark,DELETE (phantom),14477,South Carolina State,49973,Cal State Bakersfield
4712902,2023,Cameron Corhen,KEEP (bbref=Florida State),30359,Florida State,,
4712902,2023,Cameron Corhen,DELETE (phantom),14479,Pittsburgh,30359,Florida State
5177744,2024,Cameron Faas,KEEP (bbref=Kansas City),46424,Kansas City,,
5177744,2024,Cameron Faas,DELETE (phantom),14483,Fresno State,46424,Kansas City
5177744,2025,Cameron Faas,KEEP (bbref=Kansas City),51247,Kansas City,,
5177744,2025,Cameron Faas,DELETE (phantom),14484,Fresno State,51247,Kansas City
5107880,2023,Cameron Fens,KEEP (bbref=Illinois-Chicago),33277,Illinois-Chicago,,
5107880,2023,Cameron Fens,DELETE (phantom),14486,South Dakota,33277,Illinois-Chicago
5107880,2024,Cameron Fens,KEEP (bbref=Illinois-Chicago),48872,Illinois-Chicago,,
5107880,2024,Cameron Fens,DELETE (phantom),14487,South Dakota,48872,Illinois-Chicago
3143998,2016,Cameron Jones,UNRESOLVED (no bbref row),75714,Radford,,
3143998,2016,Cameron Jones,UNRESOLVED (no bbref row),75919,Saint Peter's,,
4897484,2023,Cameron Palesse,KEEP (bbref=Valparaiso),33531,Valparaiso,,
4897484,2023,Cameron Palesse,DELETE (phantom),14502,Alabama State,33531,Valparaiso
4897484,2024,Cameron Palesse,KEEP (bbref=Canisius),45408,Canisius,,
4897484,2024,Cameron Palesse,DELETE (phantom),14503,Alabama State,45408,Canisius
4897484,2025,Cameron Palesse,KEEP (bbref=Canisius),50050,Canisius,,
4897484,2025,Cameron Palesse,DELETE (phantom),14504,Alabama State,50050,Canisius
4432321,2022,Cameron Sheffield,UNRESOLVED (no bbref row),14508,Duke,,
4432321,2022,Cameron Sheffield,UNRESOLVED (no bbref row),27710,Rice,,
4432321,2023,Cameron Sheffield,UNRESOLVED (no bbref row),14509,Duke,,
4432321,2023,Cameron Sheffield,UNRESOLVED (no bbref row),32276,Rice,,
5106589,2023,Cameron Tweedy,UNRESOLVED (no bbref row),14514,Saint Francis (PA),,
5106589,2023,Cameron Tweedy,UNRESOLVED (no bbref row),30277,FDU,,
5106589,2025,Cameron Tweedy,KEEP (bbref=FDU),50619,FDU,,
5106589,2025,Cameron Tweedy,DELETE (phantom),14516,Saint Francis (PA),50619,FDU
5174995,2024,Camian Shell,KEEP (bbref=North Carolina A&T),47360,North Carolina A&T,,
5174995,2024,Camian Shell,DELETE (phantom),14520,Delaware State,47360,North Carolina A&T
5174995,2025,Camian Shell,KEEP (bbref=North Carolina A&T),52160,North Carolina A&T,,
5174995,2025,Camian Shell,DELETE (phantom),14521,Delaware State,52160,North Carolina A&T
5175821,2024,Camp Wagner,KEEP (bbref=Rice),47931,Rice,,
5175821,2024,Camp Wagner,DELETE (phantom),14523,Indiana State,47931,Rice
4897018,2025,Camren Hunter,UNRESOLVED (no bbref row),14531,Central Arkansas,,
4897018,2025,Camren Hunter,UNRESOLVED (no bbref row),54226,Wisconsin,,
5037880,2024,Carey Booth,KEEP (bbref=Notre Dame),47559,Notre Dame,,
5037880,2024,Carey Booth,DELETE (phantom),14537,Colorado State,47559,Notre Dame
5037880,2025,Carey Booth,KEEP (bbref=Illinois),51086,Illinois,,
5037880,2025,Carey Booth,DELETE (phantom),14538,Colorado State,51086,Illinois
4711271,2024,Carl Cherenfant,KEEP (bbref=Memphis),46889,Memphis,,
4711271,2024,Carl Cherenfant,DELETE (phantom),14540,McNeese,46889,Memphis
4711271,2025,Carl Cherenfant,KEEP (bbref=New Mexico State),52086,New Mexico State,,
4711271,2025,Carl Cherenfant,DELETE (phantom),14541,McNeese,52086,New Mexico State
5106684,2023,Carl Daughtery Jr.,UNRESOLVED (no bbref row),29722,Central Arkansas,,
5106684,2023,Carl Daughtery Jr.,UNRESOLVED (no bbref row),14543,UC Davis,,
5106684,2024,Carl Daughtery Jr.,UNRESOLVED (no bbref row),14544,UC Davis,,
5106684,2024,Carl Daughtery Jr.,UNRESOLVED (no bbref row),45417,Central Arkansas,,
5176654,2024,Carlos Hart,KEEP (bbref=New Orleans),34345,New Orleans,,
5176654,2024,Carlos Hart,DELETE (phantom),14552,Eastern Michigan,34345,New Orleans
5177285,2024,Carlos Lopez,KEEP (bbref=Saint Francis (PA)),48060,Saint Francis (PA),,
5177285,2024,Carlos Lopez,DELETE (phantom),14555,Hofstra,48060,Saint Francis (PA)
5175727,2024,Carlous Williams,KEEP (bbref=Tulsa),48718,Tulsa,,
5175727,2024,Carlous Williams,DELETE (phantom),14556,Tennessee State,48718,Tulsa
5242634,2025,Carmelo Pacheco,KEEP (bbref=Mount St. Mary's),51952,Mount St. Mary's,,
5242634,2025,Carmelo Pacheco,DELETE (phantom),14561,UCF,51952,Mount St. Mary's
5240910,2025,Carter Benton,UNRESOLVED (no bbref row),14573,Tulsa,,
5240910,2025,Carter Benton,UNRESOLVED (no bbref row),52528,Pacific,,
4897421,2023,Carter Kingsbury,UNRESOLVED (no bbref row),14579,The Citadel,,
4897421,2023,Carter Kingsbury,UNRESOLVED (no bbref row),30829,Iowa,,
4897421,2024,Carter Kingsbury,KEEP (bbref=Iowa),46361,Iowa,,
4897421,2024,Carter Kingsbury,DELETE (phantom),14580,The Citadel,46361,Iowa
4897421,2025,Carter Kingsbury,KEEP (bbref=Iowa),51171,Iowa,,
4897421,2025,Carter Kingsbury,DELETE (phantom),14581,The Citadel,51171,Iowa
4894460,2024,Carter Lang,UNRESOLVED (no bbref row),14582,Virginia,,
4894460,2024,Carter Lang,UNRESOLVED (no bbref row),49153,Vanderbilt,,
5176397,2024,Carter Welling,KEEP (bbref=UC Irvine),48772,UC Irvine,,
5176397,2024,Carter Welling,DELETE (phantom),14585,Clemson,48772,UC Irvine
5176397,2025,Carter Welling,KEEP (bbref=Utah Valley),53965,Utah Valley,,
5176397,2025,Carter Welling,DELETE (phantom),14586,Clemson,53965,Utah Valley
4432692,2022,Casey Simmons,KEEP (bbref=Northwestern),27353,Northwestern,,
4432692,2022,Casey Simmons,DELETE (phantom),14591,Yale,27353,Northwestern
5176177,2024,Cayden Vasko,KEEP (bbref=Central Michigan),45450,Central Michigan,,
5176177,2024,Cayden Vasko,DELETE (phantom),14608,Wofford,45450,Central Michigan
5176177,2025,Cayden Vasko,KEEP (bbref=Central Michigan),50089,Central Michigan,,
5176177,2025,Cayden Vasko,DELETE (phantom),14609,Wofford,50089,Central Michigan
5177575,2025,Cbo Newton,UNRESOLVED (no bbref row),14613,Abilene Christian,,
5177575,2025,Cbo Newton,UNRESOLVED (no bbref row),50888,Grambling,,
5105882,2023,Chabi Barre,KEEP (bbref=Duquesne),30148,Duquesne,,
5105882,2023,Chabi Barre,DELETE (phantom),14621,Akron,30148,Duquesne
5105882,2025,Chabi Barre,KEEP (bbref=Duquesne),50465,Duquesne,,
5105882,2025,Chabi Barre,DELETE (phantom),14623,Akron,50465,Duquesne
5177526,2024,Chad Moodie,UNRESOLVED (no bbref row),14626,Appalachian State,,
5177526,2024,Chad Moodie,UNRESOLVED (no bbref row),44884,Alabama A&M,,
5177526,2025,Chad Moodie,KEEP (bbref=Alabama A&M),49516,Alabama A&M,,
5177526,2025,Chad Moodie,DELETE (phantom),14627,Appalachian State,49516,Alabama A&M
4396683,2022,Chance Moore,KEEP (bbref=Jackson State),26409,Jackson State,,
4396683,2022,Chance Moore,DELETE (phantom),14632,West Virginia,26409,Jackson State
4433596,2023,Chance Moore,KEEP (bbref=Missouri State),31410,Missouri State,,
4433596,2023,Chance Moore,DELETE (phantom),14633,West Virginia,31410,Missouri State
4433596,2024,Chance Moore,UNRESOLVED (no bbref row),14634,West Virginia,,
4433596,2024,Chance Moore,UNRESOLVED (no bbref row),47063,Missouri State,,
4433596,2025,Chance Moore,UNRESOLVED (no bbref row),53253,St. Bonaventure,,
4433596,2025,Chance Moore,UNRESOLVED (no bbref row),14635,West Virginia,,
5105459,2023,Chance Stephens,KEEP (bbref=Loyola Marymount),31144,Loyola Marymount,,
5105459,2023,Chance Stephens,DELETE (phantom),14638,Minnesota,31144,Loyola Marymount
5105459,2025,Chance Stephens,KEEP (bbref=Maryland),51679,Maryland,,
5105459,2025,Chance Stephens,DELETE (phantom),14640,Minnesota,51679,Maryland
4683680,2023,Chance Westry,KEEP (bbref=Auburn),29345,Auburn,,
4683680,2023,Chance Westry,DELETE (phantom),14643,UAB,29345,Auburn
4683680,2025,Chance Westry,UNRESOLVED (no bbref row),14645,UAB,,
4683680,2025,Chance Westry,UNRESOLVED (no bbref row),53375,Syracuse,,
5107217,2023,Chancellor White,KEEP (bbref=Louisiana),31078,Louisiana,,
5107217,2023,Chancellor White,DELETE (phantom),14648,Northern Colorado,31078,Louisiana
5107217,2025,Chancellor White,KEEP (bbref=Louisiana),51506,Louisiana,,
5107217,2025,Chancellor White,DELETE (phantom),14650,Northern Colorado,51506,Louisiana
5175741,2024,Chandler Cuthrell,UNRESOLVED (no bbref row),14653,Elon,,
5175741,2024,Chandler Cuthrell,UNRESOLVED (no bbref row),49050,UTSA,,
5175741,2025,Chandler Cuthrell,KEEP (bbref=Purdue Fort Wayne),52691,Purdue Fort Wayne,,
5175741,2025,Chandler Cuthrell,DELETE (phantom),14654,Elon,52691,Purdue Fort Wayne
4712843,2023,Chandler Jackson,KEEP (bbref=Florida State),30363,Florida State,,
4712843,2023,Chandler Jackson,DELETE (phantom),14656,Arkansas State,30363,Florida State
4712843,2023,Chandler Jackson,DELETE (phantom),14657,Milwaukee,30363,Florida State
4712843,2024,Chandler Jackson,UNRESOLVED (bbref=Florida State matched 0 rows),14659,Milwaukee,,
4712843,2024,Chandler Jackson,UNRESOLVED (bbref=Florida State matched 0 rows),14658,Arkansas State,,
4712843,2025,Chandler Jackson,UNRESOLVED (no bbref row),14660,Arkansas State,,
4712843,2025,Chandler Jackson,UNRESOLVED (no bbref row),14661,Milwaukee,,
4712843,2025,Chandler Jackson,UNRESOLVED (no bbref row),50703,Florida State,,
5243095,2025,Chansey Willis Jr.,UNRESOLVED (no bbref row),14674,Minnesota,,
5243095,2025,Chansey Willis Jr.,UNRESOLVED (no bbref row),54157,Western Michigan,,
4838708,2023,Charles Chukwu,UNRESOLVED (no bbref row),14677,Portland State,,
4838708,2023,Charles Chukwu,UNRESOLVED (no bbref row),33139,Tulsa,,
5106648,2024,Charlie May,KEEP (bbref=UCF),48837,UCF,,
5106648,2024,Charlie May,DELETE (phantom),14694,Michigan,48837,UCF
5106738,2023,Charlie Williams,UNRESOLVED (no bbref row),33763,William & Mary,,
5106738,2023,Charlie Williams,UNRESOLVED (no bbref row),14699,Lipscomb,,
5106738,2024,Charlie Williams,KEEP (bbref=William & Mary),49366,William & Mary,,
5106738,2024,Charlie Williams,DELETE (phantom),14700,Lipscomb,49366,William & Mary
4888733,2023,Chas Kelley III,KEEP (bbref=Boston College),29488,Boston College,,
4888733,2023,Chas Kelley III,DELETE (phantom),14703,Georgia Tech,29488,Boston College
4888733,2024,Chas Kelley III,KEEP (bbref=Boston College),45205,Boston College,,
4888733,2024,Chas Kelley III,DELETE (phantom),14704,Georgia Tech,45205,Boston College
4888733,2025,Chas Kelley III,UNRESOLVED (no bbref row),14705,Georgia Tech,,
4888733,2025,Chas Kelley III,UNRESOLVED (no bbref row),49830,Boston College,,
5241000,2025,Chas Lewless,KEEP (bbref=San Diego),53002,San Diego,,
5241000,2025,Chas Lewless,DELETE (phantom),14707,West Georgia,53002,San Diego
4838705,2023,Chase Cormier,KEEP (bbref=Northeastern),31798,Northeastern,,
4838705,2023,Chase Cormier,DELETE (phantom),14714,Iona,31798,Northeastern
4838705,2024,Chase Cormier,KEEP (bbref=Wofford),49401,Wofford,,
4838705,2024,Chase Cormier,DELETE (phantom),14715,Iona,49401,Wofford
4706918,2024,Chase Forte,KEEP (bbref=Northwestern State),47531,Northwestern State,,
4706918,2024,Chase Forte,DELETE (phantom),14724,Boston College,47531,Northwestern State
4706918,2025,Chase Forte,KEEP (bbref=South Dakota),53143,South Dakota,,
4706918,2025,Chase Forte,DELETE (phantom),14725,Boston College,53143,South Dakota
4612709,2022,Chase Johnston,KEEP (bbref=Stetson),28203,Stetson,,
4612709,2022,Chase Johnston,DELETE (phantom),14730,High Point,28203,Stetson
4612709,2023,Chase Johnston,KEEP (bbref=Florida Gulf Coast),30328,Florida Gulf Coast,,
4612709,2023,Chase Johnston,DELETE (phantom),14731,High Point,30328,Florida Gulf Coast
5107320,2023,Chase Martin,UNRESOLVED (no bbref row),14739,Oral Roberts,,
5107320,2023,Chase Martin,UNRESOLVED (no bbref row),33802,Wofford,,
5107320,2024,Chase Martin,KEEP (bbref=Wofford),49406,Wofford,,
5107320,2024,Chase Martin,DELETE (phantom),14740,Oral Roberts,49406,Wofford
4702334,2025,Chase Martin,UNRESOLVED (no bbref row),51865,Missouri State,,
4702334,2025,Chase Martin,UNRESOLVED (no bbref row),14741,Oral Roberts,,
4897502,2022,Chase McKey,KEEP (bbref=Marshall),37352,Marshall,,
4897502,2022,Chase McKey,DELETE (phantom),14744,Western Carolina,37352,Marshall
4897502,2024,Chase McKey,UNRESOLVED (no bbref row),14746,Western Carolina,,
4897502,2024,Chase McKey,UNRESOLVED (no bbref row),46821,Marshall,,
5105446,2024,Chauncey Gibson,UNRESOLVED (no bbref row),14758,Chicago State,,
5105446,2024,Chauncey Gibson,UNRESOLVED (no bbref row),34758,UT Arlington,,
5105446,2025,Chauncey Gibson,KEEP (bbref=Prairie View A&M),52617,Prairie View A&M,,
5105446,2025,Chauncey Gibson,DELETE (phantom),14759,Chicago State,52617,Prairie View A&M
5105448,2023,Chauncey Wiggins,KEEP (bbref=Clemson),29850,Clemson,,
5105448,2023,Chauncey Wiggins,DELETE (phantom),14761,Florida State,29850,Clemson
5105448,2024,Chauncey Wiggins,KEEP (bbref=Clemson),45541,Clemson,,
5105448,2024,Chauncey Wiggins,DELETE (phantom),14762,Florida State,45541,Clemson
5105448,2025,Chauncey Wiggins,KEEP (bbref=Clemson),50173,Clemson,,
5105448,2025,Chauncey Wiggins,DELETE (phantom),14763,Florida State,50173,Clemson
5239815,2025,Chaydon Stone,KEEP (bbref=Maryland-Baltimore County),53767,Maryland-Baltimore County,,
5239815,2025,Chaydon Stone,DELETE (phantom),14765,Nicholls State,53767,Maryland-Baltimore County
5105486,2023,Chendall Weaver,KEEP (bbref=UT Arlington),33389,UT Arlington,,
5105486,2023,Chendall Weaver,DELETE (phantom),14770,Texas,33389,UT Arlington
5106598,2025,Chevalier Emery,UNRESOLVED (no bbref row),14776,Cleveland State,,
5106598,2025,Chevalier Emery,UNRESOLVED (no bbref row),54133,Western Carolina,,
5176415,2024,Chip Brunt,KEEP (bbref=UC Riverside),48784,UC Riverside,,
5176415,2024,Chip Brunt,DELETE (phantom),14785,Northwestern State,48784,UC Riverside
4684745,2023,Chisom Okpara,KEEP (bbref=Harvard),30580,Harvard,,
4684745,2023,Chisom Okpara,DELETE (phantom),14788,Stanford,30580,Harvard
4684745,2024,Chisom Okpara,KEEP (bbref=Harvard),46147,Harvard,,
4684745,2024,Chisom Okpara,DELETE (phantom),14789,Stanford,46147,Harvard
40763,2012,Chris  Smith,UNRESOLVED (no bbref row),56227,Louisville,,
40763,2012,Chris  Smith,UNRESOLVED (no bbref row),55839,Incarnate Word,,
4684627,2023,Chris Bell,KEEP (bbref=Syracuse),32878,Syracuse,,
4684627,2023,Chris Bell,DELETE (phantom),14796,California,32878,Syracuse
4684627,2024,Chris Bell,KEEP (bbref=Syracuse),48521,Syracuse,,
4684627,2024,Chris Bell,DELETE (phantom),14797,California,48521,Syracuse
4684627,2025,Chris Bell,KEEP (bbref=Syracuse),53367,Syracuse,,
4684627,2025,Chris Bell,DELETE (phantom),14798,California,53367,Syracuse
45636,2012,Chris Colvin,KEEP (bbref=Arizona State),54445,Arizona State,,
45636,2012,Chris Colvin,DELETE (phantom),58768,West Georgia,54445,Arizona State
45636,2013,Chris Colvin,KEEP (bbref=Arizona State),59102,Arizona State,,
45636,2013,Chris Colvin,DELETE (phantom),63297,West Georgia,59102,Arizona State
5108143,2024,Chris Dockery,KEEP (bbref=Weber State),49278,Weber State,,
5108143,2024,Chris Dockery,DELETE (phantom),14803,Kansas City,49278,Weber State
5176752,2024,Chris Fields Jr.,KEEP (bbref=Norfolk State),47332,Norfolk State,,
5176752,2024,Chris Fields Jr.,DELETE (phantom),14807,Campbell,47332,Norfolk State
5176752,2025,Chris Fields Jr.,KEEP (bbref=Norfolk State),52133,Norfolk State,,
5176752,2025,Chris Fields Jr.,DELETE (phantom),14808,Campbell,52133,Norfolk State
4433615,2023,Chris Hodges,UNRESOLVED (no bbref row),14810,Montana State,,
4433615,2023,Chris Hodges,UNRESOLVED (no bbref row),33788,Wisconsin,,
4433615,2024,Chris Hodges,KEEP (bbref=Wisconsin),49394,Wisconsin,,
4433615,2024,Chris Hodges,DELETE (phantom),14811,Montana State,49394,Wisconsin
4433615,2025,Chris Hodges,UNRESOLVED (no bbref row),14812,Montana State,,
4433615,2025,Chris Hodges,UNRESOLVED (no bbref row),54229,Wisconsin,,
4684163,2023,Chris Howell,UNRESOLVED (no bbref row),14814,New Mexico,,
4684163,2023,Chris Howell,UNRESOLVED (no bbref row),32462,Saint Mary's,,
4684163,2024,Chris Howell,KEEP (bbref=Saint Mary's),48112,Saint Mary's,,
4684163,2024,Chris Howell,DELETE (phantom),14815,New Mexico,48112,Saint Mary's
4684163,2025,Chris Howell,KEEP (bbref=UC San Diego),53681,UC San Diego,,
4684163,2025,Chris Howell,DELETE (phantom),14816,New Mexico,53681,UC San Diego
56730,2012,Chris Johnson,UNRESOLVED (no bbref row),55635,Grand Canyon,,
56730,2012,Chris Johnson,UNRESOLVED (no bbref row),57900,St. Bonaventure,,
56730,2013,Chris Johnson,KEEP (bbref=St. Bonaventure),62475,St. Bonaventure,,
56730,2013,Chris Johnson,DELETE (phantom),60305,Grand Canyon,62475,St. Bonaventure
5175069,2024,Chris Johnson,KEEP (bbref=Texas),48612,Texas,,
5175069,2024,Chris Johnson,DELETE (phantom),14819,UCF,48612,Texas
5175069,2025,Chris Johnson,UNRESOLVED (no bbref row),14820,UCF,,
5175069,2025,Chris Johnson,UNRESOLVED (no bbref row),53310,Stephen F. Austin,,
4897889,2022,Chris Kuzemka,KEEP (bbref=Loyola (MD)),26665,Loyola (MD),,
4897889,2022,Chris Kuzemka,DELETE (phantom),14825,Vermont,26665,Loyola (MD)
4897889,2023,Chris Kuzemka,KEEP (bbref=Loyola (MD)),31129,Loyola (MD),,
4897889,2023,Chris Kuzemka,DELETE (phantom),14826,Vermont,31129,Loyola (MD)
4897889,2024,Chris Kuzemka,KEEP (bbref=Loyola (MD)),46726,Loyola (MD),,
4897889,2024,Chris Kuzemka,DELETE (phantom),14827,Vermont,46726,Loyola (MD)
4897889,2025,Chris Kuzemka,KEEP (bbref=Loyola (MD)),51558,Loyola (MD),,
4897889,2025,Chris Kuzemka,DELETE (phantom),14828,Vermont,51558,Loyola (MD)
4683768,2025,Chris Lockett Jr.,UNRESOLVED (no bbref row),14830,Jacksonville,,
4683768,2025,Chris Lockett Jr.,UNRESOLVED (no bbref row),49820,Boise State,,
5108786,2023,Chris Moncrief,UNRESOLVED (no bbref row),14839,Saint Francis (PA),,
5108786,2023,Chris Moncrief,UNRESOLVED (no bbref row),30256,Evansville,,
4897522,2023,Chris Morgan,KEEP (bbref=North Texas),31789,North Texas,,
4897522,2023,Chris Morgan,DELETE (phantom),14844,Purdue Fort Wayne,31789,North Texas
4897522,2023,Chris Morgan,DELETE (phantom),14843,Coppin State,31789,North Texas
4897522,2024,Chris Morgan,KEEP (bbref=North Texas),47446,North Texas,,
4897522,2024,Chris Morgan,DELETE (phantom),14845,Coppin State,47446,North Texas
4897522,2025,Chris Morgan,UNRESOLVED (no bbref row),14847,Coppin State,,
4897522,2025,Chris Morgan,UNRESOLVED (no bbref row),51898,Monmouth,,
4905252,2025,Chris Riddle,KEEP (bbref=DePaul),50357,DePaul,,
4905252,2025,Chris Riddle,DELETE (phantom),14858,Toledo,50357,DePaul
5183810,2025,Chris Tadjo,KEEP (bbref=Iowa),51169,Iowa,,
5183810,2025,Chris Tadjo,DELETE (phantom),14864,Santa Clara,51169,Iowa
4897213,2023,Chris Walker,KEEP (bbref=Little Rock),31017,Little Rock,,
4897213,2023,Chris Walker,DELETE (phantom),14872,Illinois-Chicago,31017,Little Rock
4897213,2024,Chris Walker,KEEP (bbref=Binghamton),45177,Binghamton,,
4897213,2024,Chris Walker,DELETE (phantom),14873,Illinois-Chicago,45177,Binghamton
4897213,2025,Chris Walker,KEEP (bbref=Binghamton),49799,Binghamton,,
4897213,2025,Chris Walker,DELETE (phantom),14874,Illinois-Chicago,49799,Binghamton
5105978,2024,Christ Essandoko,KEEP (bbref=Saint Joseph's),48079,Saint Joseph's,,
5105978,2024,Christ Essandoko,DELETE (phantom),14878,South Carolina,48079,Saint Joseph's
5105978,2025,Christ Essandoko,KEEP (bbref=Providence),52663,Providence,,
5105978,2025,Christ Essandoko,DELETE (phantom),14879,South Carolina,52663,Providence
4901961,2024,Christian Coleman,KEEP (bbref=UAB),48730,UAB,,
4901961,2024,Christian Coleman,DELETE (phantom),14890,Oklahoma State,48730,UAB
4901961,2025,Christian Coleman,KEEP (bbref=UAB),53607,UAB,,
4901961,2025,Christian Coleman,DELETE (phantom),14891,Oklahoma State,53607,UAB
5242936,2025,Christian Henry,UNRESOLVED (no bbref row),14907,Fordham,,
5242936,2025,Christian Henry,UNRESOLVED (no bbref row),50541,Eastern Michigan,,
4685650,2025,Christian Jones,UNRESOLVED (bbref=Kansas State matched 0 rows),14915,Siena,,
4685650,2025,Christian Jones,UNRESOLVED (bbref=Kansas State matched 0 rows),14914,Long Beach State,,
4685650,2025,Christian Jones,UNRESOLVED (bbref=Kansas State matched 0 rows),14913,George Washington,,
5106728,2023,Christian May,UNRESOLVED (no bbref row),14922,UNC Wilmington,,
5106728,2023,Christian May,UNRESOLVED (no bbref row),33093,Towson,,
5106728,2024,Christian May,KEEP (bbref=Towson),48669,Towson,,
5106728,2024,Christian May,DELETE (phantom),14923,UNC Wilmington,48669,Towson
5106728,2025,Christian May,KEEP (bbref=Towson),53552,Towson,,
5106728,2025,Christian May,DELETE (phantom),14924,UNC Wilmington,53552,Towson
5238164,2025,Christian Nitu,KEEP (bbref=Florida State),50708,Florida State,,
5238164,2025,Christian Nitu,DELETE (phantom),14930,Washington,50708,Florida State
5105444,2023,Christian Reeves,KEEP (bbref=Duke),30131,Duke,,
5105444,2023,Christian Reeves,DELETE (phantom),14934,College of Charleston,30131,Duke
5105444,2024,Christian Reeves,UNRESOLVED (no bbref row),14935,College of Charleston,,
5105444,2024,Christian Reeves,UNRESOLVED (no bbref row),45779,Duke,,
5105444,2025,Christian Reeves,KEEP (bbref=Clemson),50178,Clemson,,
5105444,2025,Christian Reeves,DELETE (phantom),14936,College of Charleston,50178,Clemson
5241909,2025,Christian Richardson,KEEP (bbref=Long Beach State),51464,Long Beach State,,
5241909,2025,Christian Richardson,DELETE (phantom),14938,Omaha,51464,Long Beach State
4684735,2023,Christian Watson,KEEP (bbref=Miami (FL)),31318,Miami (FL),,
4684735,2023,Christian Watson,DELETE (phantom),14943,Hampton,31318,Miami (FL)
4684735,2024,Christian Watson,UNRESOLVED (no bbref row),14944,Hampton,,
4684735,2024,Christian Watson,UNRESOLVED (no bbref row),46950,Miami (FL),,
4684735,2025,Christian Watson,UNRESOLVED (no bbref row),14945,Hampton,,
4684735,2025,Christian Watson,UNRESOLVED (no bbref row),53223,Southern,,
5105975,2023,Christian Winborne,UNRESOLVED (no bbref row),14948,Nicholls State,,
5105975,2023,Christian Winborne,UNRESOLVED (no bbref row),32431,Saint Joseph's,,
5105975,2024,Christian Winborne,UNRESOLVED (no bbref row),14949,Nicholls State,,
5105975,2024,Christian Winborne,UNRESOLVED (no bbref row),48081,Saint Joseph's,,
5105975,2025,Christian Winborne,KEEP (bbref=Iona),51151,Iona,,
5105975,2025,Christian Winborne,DELETE (phantom),14950,Nicholls State,51151,Iona
5109790,2023,Christoph Tilly,UNRESOLVED (no bbref row),14952,Ohio State,,
5109790,2023,Christoph Tilly,UNRESOLVED (no bbref row),32575,Santa Clara,,
5109790,2024,Christoph Tilly,KEEP (bbref=Santa Clara),48219,Santa Clara,,
5109790,2024,Christoph Tilly,DELETE (phantom),14953,Ohio State,48219,Santa Clara
5109790,2025,Christoph Tilly,KEEP (bbref=Santa Clara),53033,Santa Clara,,
5109790,2025,Christoph Tilly,DELETE (phantom),14954,Ohio State,53033,Santa Clara
5177732,2024,Chuck Bailey III,UNRESOLVED (no bbref row),14961,Nevada,,
5177732,2024,Chuck Bailey III,UNRESOLVED (no bbref row),45883,Evansville,,
5175409,2025,Chudi Dioramma,UNRESOLVED (no bbref row),14966,Arkansas State,,
5175409,2025,Chudi Dioramma,UNRESOLVED (no bbref row),52854,Sacramento State,,
4433271,2022,Chuks Isitua,KEEP (bbref=IU Indy),26263,IU Indy,,
4433271,2022,Chuks Isitua,DELETE (phantom),14968,Southern Utah,26263,IU Indy
4433271,2023,Chuks Isitua,KEEP (bbref=Fresno State),30399,Fresno State,,
4433271,2023,Chuks Isitua,DELETE (phantom),14969,Southern Utah,30399,Fresno State
5175360,2024,Churchill Abass,KEEP (bbref=DePaul),45708,DePaul,,
5175360,2024,Churchill Abass,DELETE (phantom),14973,New Orleans,45708,DePaul
5175360,2025,Churchill Abass,KEEP (bbref=Wake Forest),54064,Wake Forest,,
5175360,2025,Churchill Abass,DELETE (phantom),14974,New Orleans,54064,Wake Forest
5174637,2024,Cian Medley,KEEP (bbref=Saint Louis),48097,Saint Louis,,
5174637,2024,Cian Medley,DELETE (phantom),14976,Kent State,48097,Saint Louis
5176669,2024,Cliff Davis,KEEP (bbref=Northwestern State),47528,Northwestern State,,
5176669,2024,Cliff Davis,DELETE (phantom),15030,James Madison,47528,Northwestern State
5176669,2025,Cliff Davis,KEEP (bbref=Texas-Rio Grande Valley),53889,Texas-Rio Grande Valley,,
5176669,2025,Cliff Davis,DELETE (phantom),15031,James Madison,53889,Texas-Rio Grande Valley
5176192,2024,Cody Head,KEEP (bbref=Lipscomb),46605,Lipscomb,,
5176192,2024,Cody Head,DELETE (phantom),15038,Akron,46605,Lipscomb
5176192,2025,Cody Head,UNRESOLVED (no bbref row),49654,Arkansas State,,
5176192,2025,Cody Head,UNRESOLVED (no bbref row),15039,Akron,,
5174947,2024,Colby Duggan,KEEP (bbref=Campbell),45397,Campbell,,
5174947,2024,Colby Duggan,DELETE (phantom),15048,College of Charleston,45397,Campbell
5174947,2025,Colby Duggan,KEEP (bbref=Campbell),50031,Campbell,,
5174947,2025,Colby Duggan,DELETE (phantom),15049,College of Charleston,50031,Campbell
5176315,2025,Colby Garland,KEEP (bbref=Longwood),51481,Longwood,,
5176315,2025,Colby Garland,DELETE (phantom),15052,San Jose State,51481,Longwood
5108150,2024,Cole Farrell,UNRESOLVED (no bbref row),15067,Long Beach State,,
5108150,2024,Cole Farrell,UNRESOLVED (no bbref row),47790,Portland State,,
5108150,2025,Cole Farrell,KEEP (bbref=Portland State),52607,Portland State,,
5108150,2025,Cole Farrell,DELETE (phantom),15068,Long Beach State,52607,Portland State
5241611,2025,Cole Franklin,KEEP (bbref=Cleveland State),50191,Cleveland State,,
5241611,2025,Cole Franklin,DELETE (phantom),15070,North Texas,50191,Cleveland State
5105782,2023,Cole Hargrove,KEEP (bbref=Drexel),30115,Drexel,,
5105782,2023,Cole Hargrove,DELETE (phantom),15072,Providence,30115,Drexel
5105782,2024,Cole Hargrove,KEEP (bbref=Drexel),45768,Drexel,,
5105782,2024,Cole Hargrove,DELETE (phantom),15073,Providence,45768,Drexel
5105782,2025,Cole Hargrove,KEEP (bbref=Drexel),50430,Drexel,,
5105782,2025,Cole Hargrove,DELETE (phantom),15074,Providence,50430,Drexel
4781728,2023,Cole Middleton,KEEP (bbref=Cleveland State),29867,Cleveland State,,
4781728,2023,Cole Middleton,DELETE (phantom),15081,Lipscomb,29867,Cleveland State
5106779,2023,Cole Sherman,KEEP (bbref=Northern Kentucky),31870,Northern Kentucky,,
5106779,2023,Cole Sherman,DELETE (phantom),15087,Louisville,31870,Northern Kentucky
5106779,2024,Cole Sherman,KEEP (bbref=Northern Kentucky),47525,Northern Kentucky,,
5106779,2024,Cole Sherman,DELETE (phantom),15088,Louisville,47525,Northern Kentucky
5108809,2023,Coleton Benson,KEEP (bbref=Army),29317,Army,,
5108809,2023,Coleton Benson,DELETE (phantom),15094,New Orleans,29317,Army
5108809,2024,Coleton Benson,KEEP (bbref=Texas State),48637,Texas State,,
5108809,2024,Coleton Benson,DELETE (phantom),15095,New Orleans,48637,Texas State
5108809,2025,Coleton Benson,KEEP (bbref=Texas State),53515,Texas State,,
5108809,2025,Coleton Benson,DELETE (phantom),15096,New Orleans,53515,Texas State
5106054,2023,Colin McKenzie,KEEP (bbref=East Carolina),30165,East Carolina,,
5106054,2023,Colin McKenzie,DELETE (phantom),15102,South Carolina State,30165,East Carolina
4684812,2023,Colin Smith,KEEP (bbref=Vanderbilt),33540,Vanderbilt,,
4684812,2023,Colin Smith,DELETE (phantom),15111,UC Santa Barbara,33540,Vanderbilt
4684812,2024,Colin Smith,UNRESOLVED (no bbref row),15112,UC Santa Barbara,,
4684812,2024,Colin Smith,UNRESOLVED (no bbref row),49146,Vanderbilt,,
5176799,2025,Collin Kuhl,KEEP (bbref=Georgia Southern),50837,Georgia Southern,,
5176799,2025,Collin Kuhl,DELETE (phantom),15121,Stetson,50837,Georgia Southern
5106718,2023,Collin Metcalf,KEEP (bbref=Northeastern),31802,Northeastern,,
5106718,2023,Collin Metcalf,DELETE (phantom),15123,Maryland,31802,Northeastern
5106718,2024,Collin Metcalf,KEEP (bbref=Northeastern),47458,Northeastern,,
5106718,2024,Collin Metcalf,DELETE (phantom),15124,Maryland,47458,Northeastern
5106718,2025,Collin Metcalf,KEEP (bbref=Northeastern),52255,Northeastern,,
5106718,2025,Collin Metcalf,DELETE (phantom),15125,Maryland,52255,Northeastern
5103832,2024,Comeh Emuobor,KEEP (bbref=UCF),48832,UCF,,
5103832,2024,Comeh Emuobor,DELETE (phantom),15139,New Hampshire,48832,UCF
5103832,2025,Comeh Emuobor,KEEP (bbref=Iona),51150,Iona,,
5103832,2025,Comeh Emuobor,DELETE (phantom),15140,New Hampshire,51150,Iona
5101865,2024,Connor Dow,KEEP (bbref=Oklahoma State),47637,Oklahoma State,,
5101865,2024,Connor Dow,DELETE (phantom),15148,Oral Roberts,47637,Oklahoma State
5101865,2025,Connor Dow,UNRESOLVED (no bbref row),15149,Oral Roberts,,
5101865,2025,Connor Dow,UNRESOLVED (no bbref row),52426,Oklahoma State,,
5174622,2024,Connor Dubsky,KEEP (bbref=Rhode Island),47915,Rhode Island,,
5174622,2024,Connor Dubsky,DELETE (phantom),15151,UNC Asheville,47915,Rhode Island
5105861,2023,Connor Essegian,UNRESOLVED (no bbref row),15154,Nebraska,,
5105861,2023,Connor Essegian,UNRESOLVED (no bbref row),33778,Wisconsin,,
5105861,2024,Connor Essegian,KEEP (bbref=Wisconsin),49388,Wisconsin,,
5105861,2024,Connor Essegian,DELETE (phantom),15155,Nebraska,49388,Wisconsin
4897447,2022,Connor Hickman,KEEP (bbref=Bradley),25193,Bradley,,
4897447,2022,Connor Hickman,DELETE (phantom),15161,College of Charleston,25193,Bradley
4897447,2023,Connor Hickman,UNRESOLVED (no bbref row),29527,Bradley,,
4897447,2023,Connor Hickman,UNRESOLVED (no bbref row),15162,College of Charleston,,
4897447,2024,Connor Hickman,KEEP (bbref=Bradley),45241,Bradley,,
4897447,2024,Connor Hickman,DELETE (phantom),15163,College of Charleston,45241,Bradley
5241283,2025,Connor Hollenbeck,KEEP (bbref=Idaho State),15166,Idaho State,,
5241283,2025,Connor Hollenbeck,DELETE (phantom),15167,Marshall,15166,Idaho State
4702097,2022,Connor Serven,KEEP (bbref=Illinois),26310,Illinois,,
4702097,2022,Connor Serven,DELETE (phantom),15176,Mercer,26310,Illinois
4702097,2023,Connor Serven,UNRESOLVED (no bbref row),15177,Mercer,,
4702097,2023,Connor Serven,UNRESOLVED (no bbref row),30742,Illinois,,
4702097,2024,Connor Serven,KEEP (bbref=Eastern Michigan),45846,Eastern Michigan,,
4702097,2024,Connor Serven,DELETE (phantom),15178,Mercer,45846,Eastern Michigan
4888885,2023,Connor Turnbull,UNRESOLVED (no bbref row),15184,Evansville,,
4888885,2023,Connor Turnbull,UNRESOLVED (no bbref row),29603,Butler,,
4888885,2024,Connor Turnbull,KEEP (bbref=Butler),45317,Butler,,
4888885,2024,Connor Turnbull,DELETE (phantom),15185,Evansville,45317,Butler
4897451,2023,Conor Enright,KEEP (bbref=Drake),30100,Drake,,
4897451,2023,Conor Enright,DELETE (phantom),15188,Indiana,30100,Drake
4897451,2025,Conor Enright,KEEP (bbref=DePaul),50351,DePaul,,
4897451,2025,Conor Enright,DELETE (phantom),15190,Indiana,50351,DePaul
5174957,2024,Conrad Martinez,UNRESOLVED (no bbref row),15192,High Point,,
5174957,2024,Conrad Martinez,UNRESOLVED (no bbref row),44996,Arizona,,
5174957,2025,Conrad Martinez,UNRESOLVED (no bbref row),15193,High Point,,
5174957,2025,Conrad Martinez,UNRESOLVED (no bbref row),49633,Arizona,,
5176402,2024,Cooper Schwieger,UNRESOLVED (no bbref row),49131,Valparaiso,,
5176402,2024,Cooper Schwieger,UNRESOLVED (no bbref row),15222,Wake Forest,,
5176402,2025,Cooper Schwieger,KEEP (bbref=Valparaiso),54001,Valparaiso,,
5176402,2025,Cooper Schwieger,DELETE (phantom),15223,Wake Forest,54001,Valparaiso
4401637,2023,Cooper Smith,KEEP (bbref=Michigan),31336,Michigan,,
4401637,2023,Cooper Smith,DELETE (phantom),15225,Eastern Michigan,31336,Michigan
4401637,2023,Cooper Smith,DELETE (phantom),15226,Loyola Marymount,31336,Michigan
4401637,2024,Cooper Smith,UNRESOLVED (no bbref row),15228,Loyola Marymount,,
4401637,2024,Cooper Smith,UNRESOLVED (no bbref row),15227,Eastern Michigan,,
4401637,2024,Cooper Smith,UNRESOLVED (no bbref row),46982,Michigan,,
4401637,2025,Cooper Smith,UNRESOLVED (no bbref row),15229,Eastern Michigan,,
4401637,2025,Cooper Smith,UNRESOLVED (no bbref row),15230,Loyola Marymount,,
5113386,2023,Corbin Green,UNRESOLVED (no bbref row),15236,Troy,,
5113386,2023,Corbin Green,UNRESOLVED (no bbref row),29123,Air Force,,
5113386,2024,Corbin Green,UNRESOLVED (no bbref row),15237,Troy,,
5113386,2024,Corbin Green,UNRESOLVED (no bbref row),44861,Air Force,,
5113386,2025,Corbin Green,UNRESOLVED (no bbref row),53536,Texas Tech,,
5113386,2025,Corbin Green,UNRESOLVED (no bbref row),15238,Troy,,
5177690,2024,Corey Camper Jr.,UNRESOLVED (no bbref row),15249,Nevada,,
5177690,2024,Corey Camper Jr.,UNRESOLVED (no bbref row),49031,UTEP,,
5177690,2025,Corey Camper Jr.,KEEP (bbref=UTEP),53904,UTEP,,
5177690,2025,Corey Camper Jr.,DELETE (phantom),15250,Nevada,53904,UTEP
4858606,2025,Corey Chest,UNRESOLVED (no bbref row),15253,Mississippi,,
4858606,2025,Corey Chest,UNRESOLVED (no bbref row),51335,Louisiana State,,
5175759,2024,Corey Stephenson,KEEP (bbref=Cal State Bakersfield),45326,Cal State Bakersfield,,
5175759,2024,Corey Stephenson,DELETE (phantom),15281,Florida International,45326,Cal State Bakersfield
5175759,2025,Corey Stephenson,KEEP (bbref=Cal State Bakersfield),49964,Cal State Bakersfield,,
5175759,2025,Corey Stephenson,DELETE (phantom),15282,Florida International,49964,Cal State Bakersfield
5110039,2023,Corey Washington,UNRESOLVED (no bbref row),15286,Southern Methodist,,
5110039,2023,Corey Washington,UNRESOLVED (no bbref row),32466,Saint Peter's,,
5110039,2024,Corey Washington,KEEP (bbref=Saint Peter's),48116,Saint Peter's,,
5110039,2024,Corey Washington,DELETE (phantom),15287,Southern Methodist,48116,Saint Peter's
5110039,2025,Corey Washington,UNRESOLVED (no bbref row),15288,Southern Methodist,,
5110039,2025,Corey Washington,UNRESOLVED (no bbref row),54172,Wichita State,,
5105533,2024,Corneilous Williams,KEEP (bbref=Western Carolina),49298,Western Carolina,,
5105533,2024,Corneilous Williams,DELETE (phantom),15291,North Alabama,49298,Western Carolina
5241911,2025,Cory Curtis Jr.,KEEP (bbref=Long Beach State),51466,Long Beach State,,
5241911,2025,Cory Curtis Jr.,DELETE (phantom),15296,Kansas City,51466,Long Beach State
4904928,2025,Cory Wells,KEEP (bbref=Utah Valley),53972,Utah Valley,,
4904928,2025,Cory Wells,DELETE (phantom),15301,Prairie View A&M,53972,Utah Valley
5177355,2024,Cougar Downing,KEEP (bbref=Little Rock),46620,Little Rock,,
5177355,2024,Cougar Downing,DELETE (phantom),15303,Maryland-Baltimore County,46620,Little Rock
4685648,2025,Courtney Anderson Jr.,UNRESOLVED (no bbref row),15307,Montana,,
4685648,2025,Courtney Anderson Jr.,UNRESOLVED (no bbref row),50237,Colorado,,
5107198,2023,Cruz Davis,KEEP (bbref=Iona),30808,Iona,,
5107198,2023,Cruz Davis,DELETE (phantom),15313,Hofstra,30808,Iona
5107198,2024,Cruz Davis,UNRESOLVED (no bbref row),15314,Hofstra,,
5107198,2024,Cruz Davis,UNRESOLVED (no bbref row),48431,St. John's (NY),,
4593474,2022,Curt Lewis,KEEP (bbref=Eastern Kentucky),25769,Eastern Kentucky,,
4593474,2022,Curt Lewis,DELETE (phantom),15318,Texas State,25769,Eastern Kentucky
4593474,2022,Curt Lewis,DELETE (phantom),15317,Southern,25769,Eastern Kentucky
4593474,2024,Curt Lewis,KEEP (bbref=Missouri),47084,Missouri,,
4593474,2024,Curt Lewis,DELETE (phantom),15321,Southern,47084,Missouri
4593474,2024,Curt Lewis,DELETE (phantom),15322,Texas State,47084,Missouri
4593474,2025,Curt Lewis,KEEP (bbref=East Tennessee State),50486,East Tennessee State,,
4593474,2025,Curt Lewis,DELETE (phantom),15323,Southern,50486,East Tennessee State
4593474,2025,Curt Lewis,DELETE (phantom),15324,Texas State,50486,East Tennessee State
5037872,2025,Curtis Givens III,KEEP (bbref=Louisiana State),51336,Louisiana State,,
5037872,2025,Curtis Givens III,DELETE (phantom),15326,Memphis,51336,Louisiana State
4683782,2024,Curtis Williams Jr.,KEEP (bbref=Louisville),46697,Louisville,,
4683782,2024,Curtis Williams Jr.,DELETE (phantom),15330,Tulane,46697,Louisville
4683782,2025,Curtis Williams Jr.,UNRESOLVED (no bbref row),15331,Tulane,,
4683782,2025,Curtis Williams Jr.,UNRESOLVED (no bbref row),50805,Georgetown,,
5175054,2024,Cyr Malonga,KEEP (bbref=East Carolina),45791,East Carolina,,
5175054,2024,Cyr Malonga,DELETE (phantom),15333,New Mexico State,45791,East Carolina
5175054,2025,Cyr Malonga,KEEP (bbref=East Carolina),50475,East Carolina,,
5175054,2025,Cyr Malonga,DELETE (phantom),15334,New Mexico State,50475,East Carolina
5105432,2023,Cyril Martynov,KEEP (bbref=Georgia Tech),30518,Georgia Tech,,
5105432,2023,Cyril Martynov,DELETE (phantom),15341,FDU,30518,Georgia Tech
5105432,2024,Cyril Martynov,UNRESOLVED (no bbref row),15342,FDU,,
5105432,2024,Cyril Martynov,UNRESOLVED (no bbref row),45848,Eastern Michigan,,
5105432,2025,Cyril Martynov,KEEP (bbref=Eastern Kentucky),50532,Eastern Kentucky,,
5105432,2025,Cyril Martynov,DELETE (phantom),15343,FDU,50532,Eastern Kentucky
4585602,2022,D'Avian Houston,KEEP (bbref=Longwood),26589,Longwood,,
4585602,2022,D'Avian Houston,DELETE (phantom),15353,Texas A&M-Corpus Christi,26589,Longwood
4585602,2023,D'Avian Houston,KEEP (bbref=Longwood),31058,Longwood,,
4585602,2023,D'Avian Houston,DELETE (phantom),15354,Texas A&M-Corpus Christi,31058,Longwood
4585602,2024,D'Avian Houston,KEEP (bbref=Longwood),46658,Longwood,,
4585602,2024,D'Avian Houston,DELETE (phantom),15355,Texas A&M-Corpus Christi,46658,Longwood
4585602,2025,D'Avian Houston,UNRESOLVED (no bbref row),15356,Texas A&M-Corpus Christi,,
4585602,2025,D'Avian Houston,UNRESOLVED (no bbref row),50209,Coastal Carolina,,
4683777,2024,D.J. Wagner,KEEP (bbref=Kentucky),46494,Kentucky,,
4683777,2024,D.J. Wagner,DELETE (phantom),15346,Arkansas,46494,Kentucky
4895353,2024,DJ Jefferson,UNRESOLVED (no bbref row),16027,Gardner-Webb,,
4895353,2024,DJ Jefferson,UNRESOLVED (no bbref row),48583,Tennessee,,
4895353,2025,DJ Jefferson,KEEP (bbref=Longwood),51489,Longwood,,
4895353,2025,DJ Jefferson,DELETE (phantom),16028,Gardner-Webb,51489,Longwood
4897129,2022,DJ Patrick,UNRESOLVED (no bbref row),16034,UNC Asheville,,
4897129,2022,DJ Patrick,UNRESOLVED (no bbref row),28060,South Florida,,
4897129,2023,DJ Patrick,KEEP (bbref=South Florida),32696,South Florida,,
4897129,2023,DJ Patrick,DELETE (phantom),16035,UNC Asheville,32696,South Florida
4897129,2024,DJ Patrick,KEEP (bbref=Charleston Southern),45473,Charleston Southern,,
4897129,2024,DJ Patrick,DELETE (phantom),16036,UNC Asheville,45473,Charleston Southern
4897129,2025,DJ Patrick,UNRESOLVED (no bbref row),16037,UNC Asheville,,
4897129,2025,DJ Patrick,UNRESOLVED (no bbref row),50117,Charleston Southern,,
5106843,2023,DJ Richards Jr.,KEEP (bbref=UTSA),33444,UTSA,,
5106843,2023,DJ Richards Jr.,DELETE (phantom),16039,McNeese,33444,UTSA
4897215,2022,DJ Smith,KEEP (bbref=Little Rock),37150,Little Rock,,
4897215,2022,DJ Smith,DELETE (phantom),16043,Campbell,37150,Little Rock
4897215,2023,DJ Smith,KEEP (bbref=Little Rock),31013,Little Rock,,
4897215,2023,DJ Smith,DELETE (phantom),16044,Campbell,31013,Little Rock
4897215,2024,DJ Smith,KEEP (bbref=Bowling Green),45235,Bowling Green,,
4897215,2024,DJ Smith,DELETE (phantom),16045,Campbell,45235,Bowling Green
4897215,2025,DJ Smith,KEEP (bbref=Robert Morris),52783,Robert Morris,,
4897215,2025,DJ Smith,DELETE (phantom),16046,Campbell,52783,Robert Morris
4589475,2022,DaJion Humphrey,KEEP (bbref=Holy Cross),36734,Holy Cross,,
4589475,2022,DaJion Humphrey,DELETE (phantom),15390,Samford,36734,Holy Cross
4589475,2024,DaJion Humphrey,KEEP (bbref=Bowling Green),45233,Bowling Green,,
4589475,2024,DaJion Humphrey,DELETE (phantom),15392,Samford,45233,Bowling Green
4589475,2025,DaJion Humphrey,KEEP (bbref=Bowling Green),49858,Bowling Green,,
4589475,2025,DaJion Humphrey,DELETE (phantom),15393,Samford,49858,Bowling Green
5172339,2024,DaJohn Craig,KEEP (bbref=Oregon State),47705,Oregon State,,
5172339,2024,DaJohn Craig,DELETE (phantom),15394,Coastal Carolina,47705,Oregon State
5172339,2025,DaJohn Craig,UNRESOLVED (no bbref row),15395,Coastal Carolina,,
5172339,2025,DaJohn Craig,UNRESOLVED (no bbref row),52513,Oregon State,,
5110433,2023,DaJuan Bates,KEEP (bbref=South Carolina State),32644,South Carolina State,,
5110433,2023,DaJuan Bates,DELETE (phantom),15397,Chicago State,32644,South Carolina State
5177140,2024,Daemar Kelly,KEEP (bbref=Quinnipiac),47886,Quinnipiac,,
5177140,2024,Daemar Kelly,DELETE (phantom),15361,Northern Illinois,47886,Quinnipiac
5177140,2025,Daemar Kelly,UNRESOLVED (no bbref row),52879,Saint Francis (PA),,
5177140,2025,Daemar Kelly,UNRESOLVED (no bbref row),15362,Northern Illinois,,
4432638,2022,Daeshun Ruffin,KEEP (bbref=Mississippi),27454,Mississippi,,
4432638,2022,Daeshun Ruffin,DELETE (phantom),15364,Jackson State,27454,Mississippi
4432638,2023,Daeshun Ruffin,KEEP (bbref=Mississippi),31993,Mississippi,,
4432638,2023,Daeshun Ruffin,DELETE (phantom),15365,Jackson State,31993,Mississippi
4845373,2024,Dai Dai Ames,KEEP (bbref=Kansas State),46454,Kansas State,,
4845373,2024,Dai Dai Ames,DELETE (phantom),15369,California,46454,Kansas State
4703106,2022,Dailin Smith,KEEP (bbref=Alabama A&M),24877,Alabama A&M,,
4703106,2022,Dailin Smith,DELETE (phantom),15372,Cal State Bakersfield,24877,Alabama A&M
4703106,2023,Dailin Smith,UNRESOLVED (no bbref row),15373,Cal State Bakersfield,,
4703106,2023,Dailin Smith,UNRESOLVED (no bbref row),29149,Alabama A&M,,
4703106,2024,Dailin Smith,UNRESOLVED (no bbref row),15374,Cal State Bakersfield,,
4703106,2024,Dailin Smith,UNRESOLVED (no bbref row),44881,Alabama A&M,,
4848625,2024,Dailyn Swain,KEEP (bbref=Xavier),15381,Xavier,,
4848625,2024,Dailyn Swain,DELETE (phantom),15380,Texas,15381,Xavier
4848625,2025,Dailyn Swain,UNRESOLVED (no bbref row),15382,Texas,,
4848625,2025,Dailyn Swain,UNRESOLVED (no bbref row),15383,Xavier,,
4611412,2022,Daimion Collins,KEEP (bbref=Kentucky),26524,Kentucky,,
4611412,2022,Daimion Collins,DELETE (phantom),15385,South Florida,26524,Kentucky
4611412,2023,Daimion Collins,KEEP (bbref=Kentucky),30937,Kentucky,,
4611412,2023,Daimion Collins,DELETE (phantom),15386,South Florida,30937,Kentucky
4611412,2024,Daimion Collins,KEEP (bbref=Louisiana State),46515,Louisiana State,,
4611412,2024,Daimion Collins,DELETE (phantom),15387,South Florida,46515,Louisiana State
4611412,2025,Daimion Collins,KEEP (bbref=Louisiana State),51334,Louisiana State,,
4611412,2025,Daimion Collins,DELETE (phantom),15388,South Florida,51334,Louisiana State
5177125,2024,Dallas Hobbs,KEEP (bbref=Mount St. Mary's),47164,Mount St. Mary's,,
5177125,2024,Dallas Hobbs,DELETE (phantom),15404,Rice,47164,Mount St. Mary's
5177125,2025,Dallas Hobbs,KEEP (bbref=Mount St. Mary's),51949,Mount St. Mary's,,
5177125,2025,Dallas Hobbs,DELETE (phantom),15405,Rice,51949,Mount St. Mary's
4704086,2022,Dallas James,UNRESOLVED (no bbref row),15411,Morgan State,,
4704086,2022,Dallas James,UNRESOLVED (no bbref row),28012,South Carolina State,,
4704086,2023,Dallas James,KEEP (bbref=South Carolina State),32646,South Carolina State,,
4704086,2023,Dallas James,DELETE (phantom),15412,Morgan State,32646,South Carolina State
4704086,2024,Dallas James,UNRESOLVED (no bbref row),48299,South Carolina State,,
4704086,2024,Dallas James,UNRESOLVED (no bbref row),15413,Morgan State,,
5105464,2023,Dallin Hall,UNRESOLVED (no bbref row),15420,Virginia,,
5105464,2023,Dallin Hall,UNRESOLVED (no bbref row),29373,Brigham Young,,
5105464,2024,Dallin Hall,KEEP (bbref=Brigham Young),45100,Brigham Young,,
5105464,2024,Dallin Hall,DELETE (phantom),15421,Virginia,45100,Brigham Young
5105464,2025,Dallin Hall,KEEP (bbref=Brigham Young),49735,Brigham Young,,
5105464,2025,Dallin Hall,DELETE (phantom),15422,Virginia,49735,Brigham Young
5107652,2023,Damarco Minor,KEEP (bbref=SIU Edwardsville),32360,SIU Edwardsville,,
5107652,2023,Damarco Minor,DELETE (phantom),15428,Pittsburgh,32360,SIU Edwardsville
5107652,2024,Damarco Minor,UNRESOLVED (no bbref row),15429,Pittsburgh,,
5107652,2024,Damarco Minor,UNRESOLVED (no bbref row),48007,SIU Edwardsville,,
5107652,2025,Damarco Minor,UNRESOLVED (no bbref row),15430,Pittsburgh,,
5107652,2025,Damarco Minor,UNRESOLVED (no bbref row),52507,Oregon State,,
5240279,2025,Damarien Yates,KEEP (bbref=Memphis),51717,Memphis,,
5240279,2025,Damarien Yates,DELETE (phantom),15440,Alabama State,51717,Memphis
5114198,2025,Damarion Bonds,KEEP (bbref=Central Michigan),50090,Central Michigan,,
5114198,2025,Damarion Bonds,DELETE (phantom),15442,Alabama State,50090,Central Michigan
5107899,2023,Damien Mayo Jr.,KEEP (bbref=Missouri State),31418,Missouri State,,
5107899,2023,Damien Mayo Jr.,DELETE (phantom),15452,Southern Illinois,31418,Missouri State
5107899,2024,Damien Mayo Jr.,KEEP (bbref=Missouri State),47067,Missouri State,,
5107899,2024,Damien Mayo Jr.,DELETE (phantom),15453,Southern Illinois,47067,Missouri State
5239811,2025,Damon Strand,KEEP (bbref=Albany (NY)),53630,Albany (NY),,
5239811,2025,Damon Strand,DELETE (phantom),15464,La Salle,53630,Albany (NY)
5105811,2023,Dan Skillings Jr.,KEEP (bbref=Cincinnati),29833,Cincinnati,,
5105811,2023,Dan Skillings Jr.,DELETE (phantom),15473,Baylor,29833,Cincinnati
5105811,2024,Dan Skillings Jr.,KEEP (bbref=Cincinnati),45521,Cincinnati,,
5105811,2024,Dan Skillings Jr.,DELETE (phantom),15474,Baylor,45521,Cincinnati
5176571,2024,Dani Pounds,KEEP (bbref=Old Dominion),47648,Old Dominion,,
5176571,2024,Dani Pounds,DELETE (phantom),15479,Tennessee Tech,47648,Old Dominion
5176571,2025,Dani Pounds,UNRESOLVED (no bbref row),15480,Tennessee Tech,,
5176571,2025,Dani Pounds,UNRESOLVED (no bbref row),52438,Old Dominion,,
5176290,2024,Daniel Akitoby,KEEP (bbref=Morgan State),47159,Morgan State,,
5176290,2024,Daniel Akitoby,DELETE (phantom),15481,UTSA,47159,Morgan State
5176290,2025,Daniel Akitoby,UNRESOLVED (no bbref row),15482,UTSA,,
5176290,2025,Daniel Akitoby,UNRESOLVED (no bbref row),51937,Morgan State,,
5108796,2023,Daniel Egbuniwe,KEEP (bbref=Little Rock),31021,Little Rock,,
5108796,2023,Daniel Egbuniwe,DELETE (phantom),15485,St. Bonaventure,31021,Little Rock
5108796,2024,Daniel Egbuniwe,UNRESOLVED (no bbref row),15486,St. Bonaventure,,
5108796,2024,Daniel Egbuniwe,UNRESOLVED (no bbref row),48565,Tennessee Tech,,
5108796,2025,Daniel Egbuniwe,KEEP (bbref=Tennessee Tech),53443,Tennessee Tech,,
5108796,2025,Daniel Egbuniwe,DELETE (phantom),15487,St. Bonaventure,53443,Tennessee Tech
5101672,2025,Daniel Freitag,UNRESOLVED (no bbref row),15489,Buffalo,,
5101672,2025,Daniel Freitag,UNRESOLVED (no bbref row),54228,Wisconsin,,
5116517,2025,Daniel Helterhoff,KEEP (bbref=South Carolina Upstate),53139,South Carolina Upstate,,
5116517,2025,Daniel Helterhoff,DELETE (phantom),15498,Rider,53139,South Carolina Upstate
5105982,2024,Daniel Rivera,KEEP (bbref=Bryant),45275,Bryant,,
5105982,2024,Daniel Rivera,DELETE (phantom),15510,UAB,45275,Bryant
5105982,2025,Daniel Rivera,UNRESOLVED (no bbref row),15511,UAB,,
5105982,2025,Daniel Rivera,UNRESOLVED (no bbref row),51684,Massachusetts,,
5108148,2023,Daniel Rouzan,KEEP (bbref=Weber State),33667,Weber State,,
5108148,2023,Daniel Rouzan,DELETE (phantom),15513,Bethune-Cookman,33667,Weber State
5108148,2024,Daniel Rouzan,KEEP (bbref=Manhattan),46767,Manhattan,,
5108148,2024,Daniel Rouzan,DELETE (phantom),15514,Bethune-Cookman,46767,Manhattan
5175833,2024,Daniel Tobiloba,KEEP (bbref=South Florida),48349,South Florida,,
5175833,2024,Daniel Tobiloba,DELETE (phantom),15519,UC Riverside,48349,South Florida
5175833,2025,Daniel Tobiloba,KEEP (bbref=South Florida),53178,South Florida,,
5175833,2025,Daniel Tobiloba,DELETE (phantom),15520,UC Riverside,53178,South Florida
4838711,2023,Danilo Jovanovich,KEEP (bbref=Miami (FL)),31323,Miami (FL),,
4838711,2023,Danilo Jovanovich,DELETE (phantom),15527,Milwaukee,31323,Miami (FL)
4838711,2024,Danilo Jovanovich,KEEP (bbref=Louisville),46701,Louisville,,
4838711,2024,Danilo Jovanovich,DELETE (phantom),15528,Milwaukee,46701,Louisville
4709429,2022,Danny Ogele,KEEP (bbref=Minnesota),37550,Minnesota,,
4709429,2022,Danny Ogele,DELETE (phantom),37447,Mercyhurst,37550,Minnesota
4596531,2022,Dante Harris,UNRESOLVED (no bbref row),15536,Tennessee State,,
4596531,2022,Dante Harris,UNRESOLVED (no bbref row),26030,Georgetown,,
4596531,2024,Dante Harris,UNRESOLVED (no bbref row),49194,Virginia,,
4596531,2024,Dante Harris,UNRESOLVED (no bbref row),15538,Tennessee State,,
4596531,2025,Dante Harris,KEEP (bbref=Memphis),51715,Memphis,,
4596531,2025,Dante Harris,DELETE (phantom),15539,Tennessee State,51715,Memphis
5101651,2025,Daquan Davis,UNRESOLVED (no bbref row),15544,Providence,,
5101651,2025,Daquan Davis,UNRESOLVED (no bbref row),50700,Florida State,,
5105493,2023,Dario Domingos,KEEP (bbref=UT Arlington),33395,UT Arlington,,
5105493,2023,Dario Domingos,DELETE (phantom),15548,Utah Tech,33395,UT Arlington
5105493,2024,Dario Domingos,KEEP (bbref=Tarleton State),48540,Tarleton State,,
5105493,2024,Dario Domingos,DELETE (phantom),15549,Utah Tech,48540,Tarleton State
5176836,2024,Darius Duffy,UNRESOLVED (no bbref row),15554,Purdue Fort Wayne,,
5176836,2024,Darius Duffy,UNRESOLVED (no bbref row),47009,Milwaukee,,
5176836,2025,Darius Duffy,KEEP (bbref=Milwaukee),51809,Milwaukee,,
5176836,2025,Darius Duffy,DELETE (phantom),15555,Purdue Fort Wayne,51809,Milwaukee
5241623,2025,Darius Robinson Jr.,UNRESOLVED (no bbref row),15558,SIU Edwardsville,,
5241623,2025,Darius Robinson Jr.,UNRESOLVED (no bbref row),52479,Oral Roberts,,
5241645,2025,Dariyus Woodson,KEEP (bbref=North Dakota),52200,North Dakota,,
5241645,2025,Dariyus Woodson,DELETE (phantom),15561,Louisiana,52200,North Dakota
5105402,2024,Darren Buchanan Jr.,KEEP (bbref=George Washington),46025,George Washington,,
5105402,2024,Darren Buchanan Jr.,DELETE (phantom),15566,Rutgers,46025,George Washington
5105402,2025,Darren Buchanan Jr.,UNRESOLVED (no bbref row),15567,Rutgers,,
5105402,2025,Darren Buchanan Jr.,UNRESOLVED (no bbref row),50787,George Washington,,
5144381,2025,Darrion Sutton,UNRESOLVED (no bbref row),15575,Missouri State,,
5144381,2025,Darrion Sutton,UNRESOLVED (no bbref row),50866,Georgia Tech,,
4937074,2023,Darrion Williams,KEEP (bbref=Nevada),31574,Nevada,,
4937074,2023,Darrion Williams,DELETE (phantom),15577,NC State,31574,Nevada
4937074,2024,Darrion Williams,KEEP (bbref=Texas Tech),48646,Texas Tech,,
4937074,2024,Darrion Williams,DELETE (phantom),15578,NC State,48646,Texas Tech
4937074,2025,Darrion Williams,KEEP (bbref=Texas Tech),53525,Texas Tech,,
4937074,2025,Darrion Williams,DELETE (phantom),15579,NC State,53525,Texas Tech
5175657,2025,Darryl Simmons II,KEEP (bbref=Gardner-Webb),50756,Gardner-Webb,,
5175657,2025,Darryl Simmons II,DELETE (phantom),15583,St. Bonaventure,50756,Gardner-Webb
4712834,2023,Dashon Gittens,KEEP (bbref=Florida International),30346,Florida International,,
4712834,2023,Dashon Gittens,DELETE (phantom),15588,Sacred Heart,30346,Florida International
4712834,2024,Dashon Gittens,KEEP (bbref=Florida International),45971,Florida International,,
4712834,2024,Dashon Gittens,DELETE (phantom),15589,Sacred Heart,45971,Florida International
4712834,2025,Dashon Gittens,KEEP (bbref=Florida International),50686,Florida International,,
4712834,2025,Dashon Gittens,DELETE (phantom),15590,Sacred Heart,50686,Florida International
5105801,2023,Dasonte Bowen,KEEP (bbref=Iowa),30824,Iowa,,
5105801,2023,Dasonte Bowen,DELETE (phantom),15592,St. Bonaventure,30824,Iowa
5105801,2024,Dasonte Bowen,KEEP (bbref=Iowa),46357,Iowa,,
5105801,2024,Dasonte Bowen,DELETE (phantom),15593,St. Bonaventure,46357,Iowa
4897343,2023,Davante Dennis,KEEP (bbref=Incarnate Word),30764,Incarnate Word,,
4897343,2023,Davante Dennis,DELETE (phantom),15596,Western Carolina,30764,Incarnate Word
4897343,2024,Davante Dennis,KEEP (bbref=Incarnate Word),46304,Incarnate Word,,
4897343,2024,Davante Dennis,DELETE (phantom),15597,Western Carolina,46304,Incarnate Word
57421,2012,David Brown,KEEP (bbref=Furman),55498,Furman,,
57421,2012,David Brown,DELETE (phantom),55512,Gardner-Webb,55498,Furman
5108023,2023,David Coit,KEEP (bbref=Northern Illinois),31830,Northern Illinois,,
5108023,2023,David Coit,DELETE (phantom),15610,Maryland,31830,Northern Illinois
5108023,2024,David Coit,KEEP (bbref=Northern Illinois),47487,Northern Illinois,,
5108023,2024,David Coit,DELETE (phantom),15611,Maryland,47487,Northern Illinois
5108023,2025,David Coit,KEEP (bbref=Kansas),51264,Kansas,,
5108023,2025,David Coit,DELETE (phantom),15612,Maryland,51264,Kansas
5176815,2024,David Douglas Jr.,KEEP (bbref=Green Bay),46119,Green Bay,,
5176815,2024,David Douglas Jr.,DELETE (phantom),15618,Fresno State,46119,Green Bay
5174624,2024,David Fuchs,KEEP (bbref=Rhode Island),47908,Rhode Island,,
5174624,2024,David Fuchs,DELETE (phantom),15623,San Francisco,47908,Rhode Island
5174624,2025,David Fuchs,KEEP (bbref=Rhode Island),52730,Rhode Island,,
5174624,2025,David Fuchs,DELETE (phantom),15624,San Francisco,52730,Rhode Island
5174623,2024,David Green,KEEP (bbref=Rhode Island),47904,Rhode Island,,
5174623,2024,David Green,DELETE (phantom),15632,Tulsa,47904,Rhode Island
5174623,2025,David Green,KEEP (bbref=Rhode Island),52726,Rhode Island,,
5174623,2025,David Green,DELETE (phantom),15633,Tulsa,52726,Rhode Island
5240406,2025,David Hermes,KEEP (bbref=UTSA),53929,UTSA,,
5240406,2025,David Hermes,DELETE (phantom),15636,UNC Asheville,53929,UTSA
5106709,2024,David Onanina,KEEP (bbref=Eastern Kentucky),45832,Eastern Kentucky,,
5106709,2024,David Onanina,DELETE (phantom),15646,Bethune-Cookman,45832,Eastern Kentucky
5176447,2024,David Simon,KEEP (bbref=San Diego),48181,San Diego,,
5176447,2024,David Simon,DELETE (phantom),15653,Vermont,48181,San Diego
5176447,2025,David Simon,UNRESOLVED (no bbref row),15654,Vermont,,
5176447,2025,David Simon,UNRESOLVED (no bbref row),52997,San Diego,,
5177691,2024,David Terrell Jr.,KEEP (bbref=UTEP),49033,UTEP,,
5177691,2024,David Terrell Jr.,DELETE (phantom),15656,North Texas,49033,UTEP
5177691,2025,David Terrell Jr.,KEEP (bbref=UTEP),53907,UTEP,,
5177691,2025,David Terrell Jr.,DELETE (phantom),15657,North Texas,53907,UTEP
5176149,2024,David Thomas,KEEP (bbref=Mercer),46893,Mercer,,
5176149,2024,David Thomas,DELETE (phantom),15659,Richmond,46893,Mercer
5176149,2025,David Thomas,KEEP (bbref=DePaul),50355,DePaul,,
5176149,2025,David Thomas,DELETE (phantom),15660,Richmond,50355,DePaul
5113182,2024,David Tubek,KEEP (bbref=Seton Hall),48255,Seton Hall,,
5113182,2024,David Tubek,DELETE (phantom),15662,UTEP,48255,Seton Hall
5113182,2025,David Tubek,KEEP (bbref=Seton Hall),53069,Seton Hall,,
5113182,2025,David Tubek,DELETE (phantom),15663,UTEP,53069,Seton Hall
5132733,2024,Davin Cosby Jr.,UNRESOLVED (no bbref row),15668,Kennesaw State,,
5132733,2024,Davin Cosby Jr.,UNRESOLVED (no bbref row),44906,Alabama,,
5132733,2025,Davin Cosby Jr.,KEEP (bbref=Wake Forest),54061,Wake Forest,,
5132733,2025,Davin Cosby Jr.,DELETE (phantom),15669,Kennesaw State,54061,Wake Forest
5176164,2024,Davion Bailey,UNRESOLVED (no bbref row),15671,Incarnate Word,,
5176164,2024,Davion Bailey,UNRESOLVED (no bbref row),45111,Ball State,,
4700530,2022,Davion Bradford,KEEP (bbref=Kansas State),26481,Kansas State,,
4700530,2022,Davion Bradford,DELETE (phantom),15674,Tulane,26481,Kansas State
4700530,2023,Davion Bradford,KEEP (bbref=Wake Forest),33622,Wake Forest,,
4700530,2023,Davion Bradford,DELETE (phantom),15675,Tulane,33622,Wake Forest
4700530,2025,Davion Bradford,KEEP (bbref=East Tennessee State),50490,East Tennessee State,,
4700530,2025,Davion Bradford,DELETE (phantom),15677,Tulane,50490,East Tennessee State
5107477,2023,Davion Cunningham,KEEP (bbref=UNC Asheville),33328,UNC Asheville,,
5107477,2023,Davion Cunningham,DELETE (phantom),15679,Morehead State,33328,UNC Asheville
5107477,2024,Davion Cunningham,KEEP (bbref=UNC Asheville),48926,UNC Asheville,,
5107477,2024,Davion Cunningham,DELETE (phantom),15680,Morehead State,48926,UNC Asheville
5106452,2023,Davion Sykes,KEEP (bbref=Texas State),33044,Texas State,,
5106452,2023,Davion Sykes,DELETE (phantom),15685,Southern Illinois,33044,Texas State
5106452,2024,Davion Sykes,KEEP (bbref=Texas State),48634,Texas State,,
5106452,2024,Davion Sykes,DELETE (phantom),15686,Southern Illinois,48634,Texas State
5241869,2025,Davis Bynum,KEEP (bbref=Cal State Fullerton),49984,Cal State Fullerton,,
5241869,2025,Davis Bynum,DELETE (phantom),15689,Rider,49984,Cal State Fullerton
4702626,2022,Dawson Baker,KEEP (bbref=UC Irvine),28470,UC Irvine,,
4702626,2022,Dawson Baker,DELETE (phantom),15698,Brigham Young,28470,UC Irvine
4702626,2023,Dawson Baker,UNRESOLVED (no bbref row),15699,Brigham Young,,
4702626,2023,Dawson Baker,UNRESOLVED (no bbref row),33185,UC Irvine,,
5239604,2025,Dayan Nessah,UNRESOLVED (no bbref row),15706,Cleveland State,,
5239604,2025,Dayan Nessah,UNRESOLVED (no bbref row),50793,George Washington,,
4897458,2023,Daylen Berry,UNRESOLVED (no bbref row),15709,Winthrop,,
4897458,2023,Daylen Berry,UNRESOLVED (no bbref row),29795,Charlotte,,
4897458,2024,Daylen Berry,KEEP (bbref=Charlotte),45494,Charlotte,,
4897458,2024,Daylen Berry,DELETE (phantom),15710,Winthrop,45494,Charlotte
4897458,2025,Daylen Berry,KEEP (bbref=Charleston Southern),50116,Charleston Southern,,
4897458,2025,Daylen Berry,DELETE (phantom),15711,Winthrop,50116,Charleston Southern
4684795,2023,De'Ante Green,UNRESOLVED (no bbref row),15719,South Florida,,
4684795,2023,De'Ante Green,UNRESOLVED (no bbref row),30364,Florida State,,
5177122,2024,De'Shayne Montgomery,KEEP (bbref=Mount St. Mary's),47162,Mount St. Mary's,,
5177122,2024,De'Shayne Montgomery,DELETE (phantom),15722,Dayton,47162,Mount St. Mary's
5177122,2025,De'Shayne Montgomery,UNRESOLVED (no bbref row),50818,Georgia,,
5177122,2025,De'Shayne Montgomery,UNRESOLVED (no bbref row),15723,Dayton,,
5176937,2024,DeAndre Craig Jr.,KEEP (bbref=Denver),45744,Denver,,
5176937,2024,DeAndre Craig Jr.,DELETE (phantom),15731,Purdue Fort Wayne,45744,Denver
5176937,2025,DeAndre Craig Jr.,KEEP (bbref=Denver),50386,Denver,,
5176937,2025,DeAndre Craig Jr.,DELETE (phantom),15732,Purdue Fort Wayne,50386,Denver
5107343,2023,DeJuan Campbell,KEEP (bbref=Western Carolina),33691,Western Carolina,,
5107343,2023,DeJuan Campbell,DELETE (phantom),15755,California,33691,Western Carolina
5107343,2024,DeJuan Campbell,KEEP (bbref=Western Carolina),49295,Western Carolina,,
5107343,2024,DeJuan Campbell,DELETE (phantom),15756,California,49295,Western Carolina
5241658,2025,DeSean Goode,KEEP (bbref=IU Indy),51040,IU Indy,,
5241658,2025,DeSean Goode,DELETE (phantom),15853,Robert Morris,51040,IU Indy
4848622,2024,DeShawn Harris-Smith,KEEP (bbref=Maryland),46838,Maryland,,
4848622,2024,DeShawn Harris-Smith,DELETE (phantom),15858,Georgetown,46838,Maryland
4848622,2025,DeShawn Harris-Smith,KEEP (bbref=Maryland),51674,Maryland,,
4848622,2025,DeShawn Harris-Smith,DELETE (phantom),15859,Georgetown,51674,Maryland
4873093,2024,Dedan Thomas Jr.,KEEP (bbref=Nevada-Las Vegas),48960,Nevada-Las Vegas,,
4873093,2024,Dedan Thomas Jr.,DELETE (phantom),15749,Louisiana State,48960,Nevada-Las Vegas
4873093,2025,Dedan Thomas Jr.,KEEP (bbref=Nevada-Las Vegas),53830,Nevada-Las Vegas,,
4873093,2025,Dedan Thomas Jr.,DELETE (phantom),15750,Louisiana State,53830,Nevada-Las Vegas
5175415,2024,Dejour Reaves,KEEP (bbref=Northern Colorado),47475,Northern Colorado,,
5175415,2024,Dejour Reaves,DELETE (phantom),15752,Fordham,47475,Northern Colorado
5175415,2025,Dejour Reaves,KEEP (bbref=Iona),51143,Iona,,
5175415,2025,Dejour Reaves,DELETE (phantom),15753,Fordham,51143,Iona
4873143,2025,Del Jones,KEEP (bbref=Clemson),50176,Clemson,,
4873143,2025,Del Jones,DELETE (phantom),15759,Radford,50176,Clemson
5243123,2025,Demarco Bethea,KEEP (bbref=East Texas A&M),50497,East Texas A&M,,
5243123,2025,Demarco Bethea,DELETE (phantom),15771,Houston Christian,50497,East Texas A&M
4691165,2023,Demari Williams,KEEP (bbref=Oral Roberts),32027,Oral Roberts,,
4691165,2023,Demari Williams,DELETE (phantom),15774,Houston Christian,32027,Oral Roberts
5106255,2024,Demarion Watson,KEEP (bbref=Iowa State),46374,Iowa State,,
5106255,2024,Demarion Watson,DELETE (phantom),15782,North Texas,46374,Iowa State
5106255,2025,Demarion Watson,KEEP (bbref=Iowa State),51181,Iowa State,,
5106255,2025,Demarion Watson,DELETE (phantom),15783,North Texas,51181,Iowa State
5105848,2023,Demetrius Lilley,KEEP (bbref=Penn State),32087,Penn State,,
5105848,2023,Demetrius Lilley,DELETE (phantom),15788,Binghamton,32087,Penn State
5105848,2024,Demetrius Lilley,KEEP (bbref=Penn State),47735,Penn State,,
5105848,2024,Demetrius Lilley,DELETE (phantom),15789,Binghamton,47735,Penn State
5105848,2025,Demetrius Lilley,KEEP (bbref=La Salle),51348,La Salle,,
5105848,2025,Demetrius Lilley,DELETE (phantom),15790,Binghamton,51348,La Salle
5252053,2025,Demitri Gardner,UNRESOLVED (no bbref row),15792,East Carolina,,
5252053,2025,Demitri Gardner,UNRESOLVED (no bbref row),15793,Fordham,,
5176948,2024,Deng Mayar,KEEP (bbref=North Dakota),47405,North Dakota,,
5176948,2024,Deng Mayar,DELETE (phantom),15797,Omaha,47405,North Dakota
5176948,2025,Deng Mayar,KEEP (bbref=North Dakota),52202,North Dakota,,
5176948,2025,Deng Mayar,DELETE (phantom),15798,Omaha,52202,North Dakota
4610138,2022,Denham Wojcik,KEEP (bbref=Harvard),26179,Harvard,,
4610138,2022,Denham Wojcik,DELETE (phantom),15799,Michigan State,26179,Harvard
4610138,2023,Denham Wojcik,UNRESOLVED (no bbref row),15800,Michigan State,,
4610138,2023,Denham Wojcik,UNRESOLVED (no bbref row),30590,Harvard,,
4610138,2024,Denham Wojcik,KEEP (bbref=Harvard),46153,Harvard,,
4610138,2024,Denham Wojcik,DELETE (phantom),15801,Michigan State,46153,Harvard
4872744,2024,Dennis Evans,KEEP (bbref=Louisville),46700,Louisville,,
4872744,2024,Dennis Evans,DELETE (phantom),15807,Grand Canyon,46700,Louisville
4848630,2024,Dennis Parker Jr.,KEEP (bbref=NC State),47195,NC State,,
4848630,2024,Dennis Parker Jr.,DELETE (phantom),15810,Radford,47195,NC State
4848630,2025,Dennis Parker Jr.,KEEP (bbref=NC State),51985,NC State,,
4848630,2025,Dennis Parker Jr.,DELETE (phantom),15811,Radford,51985,NC State
5105596,2023,Denver Anglin,KEEP (bbref=Georgetown),30464,Georgetown,,
5105596,2023,Denver Anglin,DELETE (phantom),15813,Iona,30464,Georgetown
5105596,2025,Denver Anglin,KEEP (bbref=Rice),52739,Rice,,
5105596,2025,Denver Anglin,DELETE (phantom),15815,Iona,52739,Rice
5105527,2023,Denzel Aberdeen,KEEP (bbref=Florida),30324,Florida,,
5105527,2023,Denzel Aberdeen,DELETE (phantom),15817,Kentucky,30324,Florida
5105527,2024,Denzel Aberdeen,KEEP (bbref=Florida),45961,Florida,,
5105527,2024,Denzel Aberdeen,DELETE (phantom),15818,Kentucky,45961,Florida
5105527,2025,Denzel Aberdeen,KEEP (bbref=Florida),50659,Florida,,
5105527,2025,Denzel Aberdeen,DELETE (phantom),15819,Kentucky,50659,Florida
5175663,2025,Denzel Hines,KEEP (bbref=Coastal Carolina),50202,Coastal Carolina,,
5175663,2025,Denzel Hines,DELETE (phantom),15822,UC Riverside,50202,Coastal Carolina
5105858,2023,Derek Simpson,UNRESOLVED (no bbref row),32338,Rutgers,,
5105858,2023,Derek Simpson,UNRESOLVED (no bbref row),15825,Saint Joseph's,,
5105858,2024,Derek Simpson,KEEP (bbref=Rutgers),47983,Rutgers,,
5105858,2024,Derek Simpson,DELETE (phantom),15826,Saint Joseph's,47983,Rutgers
5176395,2025,Derin Saran,KEEP (bbref=Stanford),53306,Stanford,,
5176395,2025,Derin Saran,DELETE (phantom),15833,UC Irvine,53306,Stanford
4684720,2023,Derrian Ford,KEEP (bbref=Arkansas),29282,Arkansas,,
4684720,2023,Derrian Ford,DELETE (phantom),15835,Temple,29282,Arkansas
4684720,2024,Derrian Ford,UNRESOLVED (no bbref row),15836,Temple,,
4684720,2024,Derrian Ford,UNRESOLVED (no bbref row),45019,Arkansas State,,
4684720,2025,Derrian Ford,UNRESOLVED (no bbref row),49649,Arkansas State,,
4684720,2025,Derrian Ford,UNRESOLVED (no bbref row),15837,Temple,,
5106309,2024,Derrick Michael Xzavierro,KEEP (bbref=Grand Canyon),46114,Grand Canyon,,
5106309,2024,Derrick Michael Xzavierro,DELETE (phantom),15841,Long Beach State,46114,Grand Canyon
5095155,2025,Derrion Reid,KEEP (bbref=Alabama),49543,Alabama,,
5095155,2025,Derrion Reid,DELETE (phantom),15846,Oklahoma,49543,Alabama
4700968,2023,Derrius Ward,UNRESOLVED (no bbref row),15848,Grambling,,
4700968,2023,Derrius Ward,UNRESOLVED (no bbref row),33421,Texas-Rio Grande Valley,,
4700968,2025,Derrius Ward,KEEP (bbref=Coppin State),50269,Coppin State,,
4700968,2025,Derrius Ward,DELETE (phantom),15850,Grambling,50269,Coppin State
5105606,2023,Desmond Claude,UNRESOLVED (no bbref row),15865,Washington,,
5105606,2023,Desmond Claude,UNRESOLVED (no bbref row),33834,Xavier,,
5105606,2024,Desmond Claude,KEEP (bbref=Xavier),49433,Xavier,,
5105606,2024,Desmond Claude,DELETE (phantom),15866,Washington,49433,Xavier
5105606,2025,Desmond Claude,KEEP (bbref=Southern California),53844,Southern California,,
5105606,2025,Desmond Claude,DELETE (phantom),15867,Washington,53844,Southern California
4702497,2023,Deuce Turner,UNRESOLVED (no bbref row),15871,Fairfield,,
4702497,2023,Deuce Turner,UNRESOLVED (no bbref row),32529,San Diego,,
4702497,2024,Deuce Turner,KEEP (bbref=San Diego),48173,San Diego,,
4702497,2024,Deuce Turner,DELETE (phantom),15872,Fairfield,48173,San Diego
4702497,2025,Deuce Turner,KEEP (bbref=UC Santa Barbara),53692,UC Santa Barbara,,
4702497,2025,Deuce Turner,DELETE (phantom),15873,Fairfield,53692,UC Santa Barbara
4567588,2023,Devan Cambridge,UNRESOLVED (no bbref row),15876,UCF,,
4567588,2023,Devan Cambridge,UNRESOLVED (no bbref row),29239,Arizona State,,
4567588,2024,Devan Cambridge,KEEP (bbref=Texas Tech),48648,Texas Tech,,
4567588,2024,Devan Cambridge,DELETE (phantom),15877,UCF,48648,Texas Tech
4567588,2025,Devan Cambridge,KEEP (bbref=Texas Tech),53531,Texas Tech,,
4567588,2025,Devan Cambridge,DELETE (phantom),15878,UCF,53531,Texas Tech
5107177,2023,Devean Williams,UNRESOLVED (no bbref row),15880,Rider,,
5107177,2023,Devean Williams,UNRESOLVED (no bbref row),29711,Canisius,,
5107177,2024,Devean Williams,KEEP (bbref=Canisius),45407,Canisius,,
5107177,2024,Devean Williams,DELETE (phantom),15881,Rider,45407,Canisius
5107177,2025,Devean Williams,KEEP (bbref=Bryant),49902,Bryant,,
5107177,2025,Devean Williams,DELETE (phantom),15882,Rider,49902,Bryant
4702467,2022,Devin Askew,KEEP (bbref=Texas),28341,Texas,,
4702467,2022,Devin Askew,DELETE (phantom),15885,Villanova,28341,Texas
4702467,2023,Devin Askew,UNRESOLVED (no bbref row),29672,California,,
4702467,2023,Devin Askew,UNRESOLVED (no bbref row),15886,Villanova,,
4702467,2024,Devin Askew,KEEP (bbref=California),45379,California,,
4702467,2024,Devin Askew,DELETE (phantom),15887,Villanova,45379,California
4702467,2025,Devin Askew,KEEP (bbref=Long Beach State),51455,Long Beach State,,
4702467,2025,Devin Askew,DELETE (phantom),15888,Villanova,51455,Long Beach State
5242928,2025,Devin Brafford,KEEP (bbref=Siena),53079,Siena,,
5242928,2025,Devin Brafford,DELETE (phantom),15891,Charleston Southern,53079,Siena
5311849,2026,Devin Brown,KEEP (bbref=Coastal Carolina),15893,Coastal Carolina,,
5311849,2026,Devin Brown,DELETE (phantom),15894,Davidson,15893,Coastal Carolina
4888718,2023,Devin Ceaser,KEEP (bbref=Buffalo),29589,Buffalo,,
4888718,2023,Devin Ceaser,DELETE (phantom),15898,Maryland-Baltimore County,29589,Buffalo
4888718,2024,Devin Ceaser,KEEP (bbref=Old Dominion),47643,Old Dominion,,
4888718,2024,Devin Ceaser,DELETE (phantom),15899,Maryland-Baltimore County,47643,Old Dominion
4888718,2025,Devin Ceaser,KEEP (bbref=Old Dominion),52433,Old Dominion,,
4888718,2025,Devin Ceaser,DELETE (phantom),15900,Maryland-Baltimore County,52433,Old Dominion
5105895,2023,Devin Dinkins,KEEP (bbref=George Mason),30435,George Mason,,
5105895,2023,Devin Dinkins,DELETE (phantom),15902,Manhattan,30435,George Mason
5241694,2025,Devin Haid,KEEP (bbref=Central Connecticut State),50075,Central Connecticut State,,
5241694,2025,Devin Haid,DELETE (phantom),15906,South Florida,50075,Central Connecticut State
4897902,2022,Devin Hines,KEEP (bbref=Lafayette),15908,Lafayette,,
4897902,2022,Devin Hines,DELETE (phantom),15909,North Florida,15908,Lafayette
4897902,2023,Devin Hines,KEEP (bbref=Lafayette),15910,Lafayette,,
4897902,2023,Devin Hines,DELETE (phantom),15911,North Florida,15910,Lafayette
4897902,2024,Devin Hines,KEEP (bbref=Lafayette),15912,Lafayette,,
4897902,2024,Devin Hines,DELETE (phantom),15913,North Florida,15912,Lafayette
4897902,2025,Devin Hines,KEEP (bbref=Lafayette),15914,Lafayette,,
4897902,2025,Devin Hines,DELETE (phantom),15915,North Florida,15914,Lafayette
4791227,2023,Devin McGlockton,KEEP (bbref=Boston College),29484,Boston College,,
4791227,2023,Devin McGlockton,DELETE (phantom),15917,Vanderbilt,29484,Boston College
4791227,2024,Devin McGlockton,KEEP (bbref=Boston College),45201,Boston College,,
4791227,2024,Devin McGlockton,DELETE (phantom),15918,Vanderbilt,45201,Boston College
5105431,2023,Devin Ree,KEEP (bbref=Louisville),31105,Louisville,,
5105431,2023,Devin Ree,DELETE (phantom),15921,Jackson State,31105,Louisville
5105431,2024,Devin Ree,KEEP (bbref=Louisiana Tech),46682,Louisiana Tech,,
5105431,2024,Devin Ree,DELETE (phantom),15922,Jackson State,46682,Louisiana Tech
5105431,2025,Devin Ree,KEEP (bbref=Louisiana Tech),51517,Louisiana Tech,,
5105431,2025,Devin Ree,DELETE (phantom),15923,Jackson State,51517,Louisiana Tech
4703393,2023,Devin Tillis,KEEP (bbref=UC Irvine),33188,UC Irvine,,
4703393,2023,Devin Tillis,DELETE (phantom),15928,Virginia,33188,UC Irvine
4703393,2024,Devin Tillis,KEEP (bbref=UC Irvine),48769,UC Irvine,,
4703393,2024,Devin Tillis,DELETE (phantom),15929,Virginia,48769,UC Irvine
4703393,2025,Devin Tillis,KEEP (bbref=UC Irvine),53651,UC Irvine,,
4703393,2025,Devin Tillis,DELETE (phantom),15930,Virginia,53651,UC Irvine
4685685,2024,Devin Williams,KEEP (bbref=UCLA),48847,UCLA,,
4685685,2024,Devin Williams,DELETE (phantom),15934,Florida Atlantic,48847,UCLA
5176789,2024,Devon Barnes,KEEP (bbref=Tarleton State),48533,Tarleton State,,
5176789,2024,Devon Barnes,DELETE (phantom),15941,Ball State,48533,Tarleton State
5176789,2025,Devon Barnes,KEEP (bbref=UTEP),53906,UTEP,,
5176789,2025,Devon Barnes,DELETE (phantom),15942,Ball State,53906,UTEP
5178891,2024,Devon Ellis,UNRESOLVED (no bbref row),15944,Norfolk State,,
5178891,2024,Devon Ellis,UNRESOLVED (no bbref row),46823,Maryland,,
5178891,2025,Devon Ellis,KEEP (bbref=Valparaiso),54006,Valparaiso,,
5178891,2025,Devon Ellis,DELETE (phantom),15945,Norfolk State,54006,Valparaiso
5152761,2024,Devon Pryor,KEEP (bbref=Texas),48613,Texas,,
5152761,2024,Devon Pryor,DELETE (phantom),15947,Oregon,48613,Texas
5152761,2025,Devon Pryor,KEEP (bbref=Texas),53490,Texas,,
5152761,2025,Devon Pryor,DELETE (phantom),15948,Oregon,53490,Texas
5176275,2024,Deywilk Tavarez,KEEP (bbref=Delaware State),45728,Delaware State,,
5176275,2024,Deywilk Tavarez,DELETE (phantom),15957,Loyola (IL),45728,Delaware State
5176275,2025,Deywilk Tavarez,KEEP (bbref=College of Charleston),50101,College of Charleston,,
5176275,2025,Deywilk Tavarez,DELETE (phantom),15958,Loyola (IL),50101,College of Charleston
5175842,2024,Dez White,UNRESOLVED (no bbref row),15960,Oregon State,,
5175842,2024,Dez White,UNRESOLVED (no bbref row),45086,Austin Peay,,
5175842,2025,Dez White,KEEP (bbref=Missouri State),51860,Missouri State,,
5175842,2025,Dez White,DELETE (phantom),15961,Oregon State,51860,Missouri State
5240545,2025,Dezayne Mingo,KEEP (bbref=Marshall),51640,Marshall,,
5240545,2025,Dezayne Mingo,DELETE (phantom),15963,Charlotte,51640,Marshall
5176804,2025,Dhiaukuei Manyiel Dut,UNRESOLVED (no bbref row),15967,California,,
5176804,2025,Dhiaukuei Manyiel Dut,UNRESOLVED (no bbref row),50850,Georgia State,,
5181250,2025,Dillon Battie,KEEP (bbref=Temple),53420,Temple,,
5181250,2025,Dillon Battie,DELETE (phantom),15982,Wichita State,53420,Temple
5106283,2023,Dillon Mitchell,KEEP (bbref=Texas),33016,Texas,,
5106283,2023,Dillon Mitchell,DELETE (phantom),15988,St. John's (NY),33016,Texas
5106283,2024,Dillon Mitchell,KEEP (bbref=Texas),48606,Texas,,
5106283,2024,Dillon Mitchell,DELETE (phantom),15989,St. John's (NY),48606,Texas
5101666,2025,Dillon Tingler,KEEP (bbref=Eastern Michigan),50546,Eastern Michigan,,
5101666,2025,Dillon Tingler,DELETE (phantom),15992,Drexel,50546,Eastern Michigan
5107242,2023,Dion Brown,KEEP (bbref=Maryland-Baltimore County),33296,Maryland-Baltimore County,,
5107242,2023,Dion Brown,DELETE (phantom),16001,Saint Louis,33296,Maryland-Baltimore County
5107242,2024,Dion Brown,UNRESOLVED (no bbref row),16002,Saint Louis,,
5107242,2024,Dion Brown,UNRESOLVED (no bbref row),48892,Maryland-Baltimore County,,
5107242,2025,Dion Brown,UNRESOLVED (no bbref row),16003,Saint Louis,,
5107242,2025,Dion Brown,UNRESOLVED (no bbref row),49826,Boston College,,
5107301,2023,Dionjahe Thomas,KEEP (bbref=McNeese),31263,McNeese,,
5107301,2023,Dionjahe Thomas,DELETE (phantom),16005,Jackson State,31263,McNeese
5107301,2024,Dionjahe Thomas,KEEP (bbref=McNeese),46871,McNeese,,
5107301,2024,Dionjahe Thomas,DELETE (phantom),16006,Jackson State,46871,McNeese
5107301,2025,Dionjahe Thomas,KEEP (bbref=Southern),53210,Southern,,
5107301,2025,Dionjahe Thomas,DELETE (phantom),16007,Jackson State,53210,Southern
5108775,2024,Dionte Johnson,UNRESOLVED (no bbref row),16010,North Carolina Central,,
5108775,2024,Dionte Johnson,UNRESOLVED (no bbref row),46825,Maryland,,
5239578,2025,Dior Conners,KEEP (bbref=Appalachian State),49596,Appalachian State,,
5239578,2025,Dior Conners,DELETE (phantom),16012,Ohio,49596,Appalachian State
4432926,2022,Dishon Jackson,UNRESOLVED (no bbref row),16017,Pittsburgh,,
4432926,2022,Dishon Jackson,UNRESOLVED (no bbref row),28895,Washington State,,
4432926,2024,Dishon Jackson,KEEP (bbref=Charlotte),45485,Charlotte,,
4432926,2024,Dishon Jackson,DELETE (phantom),16019,Pittsburgh,45485,Charlotte
4432926,2025,Dishon Jackson,KEEP (bbref=Iowa State),51177,Iowa State,,
4432926,2025,Dishon Jackson,DELETE (phantom),16020,Pittsburgh,51177,Iowa State
5060733,2025,Divine Ugochukwu,KEEP (bbref=Miami (FL)),51781,Miami (FL),,
5060733,2025,Divine Ugochukwu,DELETE (phantom),16021,Michigan State,51781,Miami (FL)
5177539,2024,Djahi Binet,UNRESOLVED (no bbref row),44934,Alcorn State,,
5177539,2024,Djahi Binet,UNRESOLVED (no bbref row),16050,Southern,,
5177539,2024,Djahi Binet,UNRESOLVED (no bbref row),16051,Texas State,,
5177539,2025,Djahi Binet,KEEP (bbref=Alcorn State),49564,Alcorn State,,
5177539,2025,Djahi Binet,DELETE (phantom),16052,Southern,49564,Alcorn State
5177539,2025,Djahi Binet,DELETE (phantom),16053,Texas State,49564,Alcorn State
5174638,2024,Djordje Curcic,KEEP (bbref=Saint Louis),48098,Saint Louis,,
5174638,2024,Djordje Curcic,DELETE (phantom),16055,College of Charleston,48098,Saint Louis
5108978,2023,Doctor Bradley,KEEP (bbref=New Mexico State),31616,New Mexico State,,
5108978,2023,Doctor Bradley,DELETE (phantom),16058,Bethune-Cookman,31616,New Mexico State
5108978,2025,Doctor Bradley,UNRESOLVED (no bbref row),16060,Bethune-Cookman,,
5108978,2025,Doctor Bradley,UNRESOLVED (no bbref row),49659,Arkansas-Pine Bluff,,
5107158,2023,Dok Muordar,KEEP (bbref=South Florida),32695,South Florida,,
5107158,2023,Dok Muordar,DELETE (phantom),16062,Monmouth,32695,South Florida
5107158,2024,Dok Muordar,KEEP (bbref=Cleveland State),45561,Cleveland State,,
5107158,2024,Dok Muordar,DELETE (phantom),16063,Monmouth,45561,Cleveland State
4897976,2023,Dola Adebayo,KEEP (bbref=Mount St. Mary's),31495,Mount St. Mary's,,
4897976,2023,Dola Adebayo,DELETE (phantom),16066,George Mason,31495,Mount St. Mary's
4897976,2024,Dola Adebayo,KEEP (bbref=Mount St. Mary's),47165,Mount St. Mary's,,
4897976,2024,Dola Adebayo,DELETE (phantom),16067,George Mason,47165,Mount St. Mary's
4897976,2025,Dola Adebayo,KEEP (bbref=Mount St. Mary's),51948,Mount St. Mary's,,
4897976,2025,Dola Adebayo,DELETE (phantom),16068,George Mason,51948,Mount St. Mary's
5106783,2024,Dominic Capriotti,KEEP (bbref=Houston Christian),46188,Houston Christian,,
5106783,2024,Dominic Capriotti,DELETE (phantom),16075,Pacific,46188,Houston Christian
5106783,2025,Dominic Capriotti,KEEP (bbref=Binghamton),49810,Binghamton,,
5106783,2025,Dominic Capriotti,DELETE (phantom),16076,Pacific,49810,Binghamton
5243109,2025,Dominic Pangonis,KEEP (bbref=Stephen F. Austin),53313,Stephen F. Austin,,
5243109,2025,Dominic Pangonis,DELETE (phantom),16077,Wright State,53313,Stephen F. Austin
4702518,2022,Dominic Parolin,KEEP (bbref=Lehigh),37122,Lehigh,,
4702518,2022,Dominic Parolin,DELETE (phantom),16079,Boise State,37122,Lehigh
4702518,2024,Dominic Parolin,KEEP (bbref=Lehigh),46574,Lehigh,,
4702518,2024,Dominic Parolin,DELETE (phantom),16081,Boise State,46574,Lehigh
4432198,2024,Dominick Harris,KEEP (bbref=Loyola Marymount),46736,Loyola Marymount,,
4432198,2024,Dominick Harris,DELETE (phantom),16085,Loyola (IL),46736,Loyola Marymount
4432198,2025,Dominick Harris,UNRESOLVED (no bbref row),16086,Loyola (IL),,
4432198,2025,Dominick Harris,UNRESOLVED (no bbref row),53718,UCLA,,
5241380,2025,Dominick Nelson,KEEP (bbref=Utah Valley),53963,Utah Valley,,
5241380,2025,Dominick Nelson,DELETE (phantom),16089,Iowa State,53963,Utah Valley
5107819,2023,Dominique Ford,UNRESOLVED (no bbref row),16097,San Diego,,
5107819,2023,Dominique Ford,UNRESOLVED (no bbref row),30725,Idaho,,
5107819,2024,Dominique Ford,UNRESOLVED (no bbref row),16098,San Diego,,
5107819,2024,Dominique Ford,UNRESOLVED (no bbref row),48393,Southern Utah,,
5107819,2025,Dominique Ford,UNRESOLVED (no bbref row),16099,San Diego,,
5107819,2025,Dominique Ford,UNRESOLVED (no bbref row),53235,Southern Utah,,
4903216,2024,Don McHenry,KEEP (bbref=Western Kentucky),49318,Western Kentucky,,
4903216,2024,Don McHenry,DELETE (phantom),16106,Utah,49318,Western Kentucky
4903216,2025,Don McHenry,UNRESOLVED (no bbref row),16107,Utah,,
4903216,2025,Don McHenry,UNRESOLVED (no bbref row),54144,Western Kentucky,,
5107355,2023,Donovan Atwell,KEEP (bbref=UNC Greensboro),33337,UNC Greensboro,,
5107355,2023,Donovan Atwell,DELETE (phantom),16118,Texas Tech,33337,UNC Greensboro
5107355,2024,Donovan Atwell,KEEP (bbref=UNC Greensboro),48935,UNC Greensboro,,
5107355,2024,Donovan Atwell,DELETE (phantom),16119,Texas Tech,48935,UNC Greensboro
5107355,2025,Donovan Atwell,KEEP (bbref=UNC Greensboro),53802,UNC Greensboro,,
5107355,2025,Donovan Atwell,DELETE (phantom),16120,Texas Tech,53802,UNC Greensboro
5107782,2023,Donovan Dent,KEEP (bbref=New Mexico),31601,New Mexico,,
5107782,2023,Donovan Dent,DELETE (phantom),16124,UCLA,31601,New Mexico
5107782,2024,Donovan Dent,KEEP (bbref=New Mexico),47264,New Mexico,,
5107782,2024,Donovan Dent,DELETE (phantom),16125,UCLA,47264,New Mexico
5107782,2025,Donovan Dent,KEEP (bbref=New Mexico),52064,New Mexico,,
5107782,2025,Donovan Dent,DELETE (phantom),16126,UCLA,52064,New Mexico
5176207,2024,Donovan Hunter,KEEP (bbref=Kent State),46486,Kent State,,
5176207,2024,Donovan Hunter,DELETE (phantom),16131,Bellarmine,46486,Kent State
5176207,2025,Donovan Hunter,KEEP (bbref=Kent State),51312,Kent State,,
5176207,2025,Donovan Hunter,DELETE (phantom),16132,Bellarmine,51312,Kent State
5107298,2023,Donovan Oday,KEEP (bbref=McNeese),31261,McNeese,,
5107298,2023,Donovan Oday,DELETE (phantom),16134,Northern Kentucky,31261,McNeese
5107298,2024,Donovan Oday,KEEP (bbref=Cal State Fullerton),45338,Cal State Fullerton,,
5107298,2024,Donovan Oday,DELETE (phantom),16135,Northern Kentucky,45338,Cal State Fullerton
5107298,2025,Donovan Oday,KEEP (bbref=Cal State Fullerton),49976,Cal State Fullerton,,
5107298,2025,Donovan Oday,DELETE (phantom),16136,Northern Kentucky,49976,Cal State Fullerton
4711303,2024,Donovan Raymond,KEEP (bbref=Hampton),46138,Hampton,,
4711303,2024,Donovan Raymond,DELETE (phantom),16139,Old Dominion,46138,Hampton
5176727,2024,Dontae Horne,KEEP (bbref=Texas State),48639,Texas State,,
5176727,2024,Dontae Horne,DELETE (phantom),16145,Prairie View A&M,48639,Texas State
5176727,2025,Dontae Horne,KEEP (bbref=Georgia Southern),50832,Georgia Southern,,
5176727,2025,Dontae Horne,DELETE (phantom),16146,Prairie View A&M,50832,Georgia Southern
5106265,2024,Dorian Finister,KEEP (bbref=Kansas State),46456,Kansas State,,
5106265,2024,Dorian Finister,DELETE (phantom),16154,Louisiana,46456,Kansas State
5106265,2025,Dorian Finister,UNRESOLVED (no bbref row),16155,Louisiana,,
5106265,2025,Dorian Finister,UNRESOLVED (no bbref row),52947,Sam Houston,,
5107653,2023,Dorion Staples,KEEP (bbref=SIU Edwardsville),32370,SIU Edwardsville,,
5107653,2023,Dorion Staples,DELETE (phantom),16161,Maryland,32370,SIU Edwardsville
5107653,2024,Dorion Staples,UNRESOLVED (no bbref row),16162,Maryland,,
5107653,2024,Dorion Staples,UNRESOLVED (no bbref row),48015,SIU Edwardsville,,
4873179,2025,Doryan Onwuchekwa,UNRESOLVED (no bbref row),16165,Tulsa,,
4873179,2025,Doryan Onwuchekwa,UNRESOLVED (no bbref row),50863,Georgia Tech,,
5177138,2024,Doug Young,KEEP (bbref=Quinnipiac),47883,Quinnipiac,,
5177138,2024,Doug Young,DELETE (phantom),16167,Prairie View A&M,47883,Quinnipiac
5177138,2025,Doug Young,KEEP (bbref=Quinnipiac),52704,Quinnipiac,,
5177138,2025,Doug Young,DELETE (phantom),16168,Prairie View A&M,52704,Quinnipiac
5240935,2025,Dovydas Butka,KEEP (bbref=Pepperdine),52564,Pepperdine,,
5240935,2025,Dovydas Butka,DELETE (phantom),16171,Campbell,52564,Pepperdine
4711259,2024,Dra Gibbs-Lawhorn,KEEP (bbref=Illinois),46276,Illinois,,
4711259,2024,Dra Gibbs-Lawhorn,DELETE (phantom),16177,Nevada-Las Vegas,46276,Illinois
4711259,2025,Dra Gibbs-Lawhorn,KEEP (bbref=Illinois),51084,Illinois,,
4711259,2025,Dra Gibbs-Lawhorn,DELETE (phantom),16178,Nevada-Las Vegas,51084,Illinois
5176445,2024,Dragos Lungu,KEEP (bbref=San Diego),48179,San Diego,,
5176445,2024,Dragos Lungu,DELETE (phantom),16180,Tennessee-Martin,48179,San Diego
5176445,2025,Dragos Lungu,UNRESOLVED (no bbref row),16181,Tennessee-Martin,,
5176445,2025,Dragos Lungu,UNRESOLVED (no bbref row),52998,San Diego,,
5105494,2023,Drake Allen,KEEP (bbref=Southern Utah),32758,Southern Utah,,
5105494,2023,Drake Allen,DELETE (phantom),16183,Utah State,32758,Southern Utah
5105494,2024,Drake Allen,KEEP (bbref=Utah Valley),49093,Utah Valley,,
5105494,2024,Drake Allen,DELETE (phantom),16184,Utah State,49093,Utah Valley
5175361,2024,Dramane Camara,KEEP (bbref=DePaul),45711,DePaul,,
5175361,2024,Dramane Camara,DELETE (phantom),16188,Norfolk State,45711,DePaul
5143607,2024,Drayton Jones,UNRESOLVED (no bbref row),16190,Butler,,
5143607,2024,Drayton Jones,UNRESOLVED (no bbref row),48294,South Carolina State,,
5143607,2025,Drayton Jones,KEEP (bbref=South Carolina State),53115,South Carolina State,,
5143607,2025,Drayton Jones,DELETE (phantom),16191,Butler,53115,South Carolina State
5106877,2023,Dre Bullock,KEEP (bbref=Louisiana Tech),31088,Louisiana Tech,,
5106877,2023,Dre Bullock,DELETE (phantom),16193,Hawaii,31088,Louisiana Tech
5106877,2024,Dre Bullock,KEEP (bbref=Niagara),34360,Niagara,,
5106877,2024,Dre Bullock,DELETE (phantom),16194,Hawaii,34360,Niagara
5106877,2025,Dre Bullock,KEEP (bbref=South Dakota),53145,South Dakota,,
5106877,2025,Dre Bullock,DELETE (phantom),16195,Hawaii,53145,South Dakota
5176183,2025,Drew Barbee,KEEP (bbref=Central Michigan),50096,Central Michigan,,
5176183,2025,Drew Barbee,DELETE (phantom),16198,Incarnate Word,50096,Central Michigan
5176387,2024,Drew Carter,KEEP (bbref=UC Davis),48764,UC Davis,,
5176387,2024,Drew Carter,DELETE (phantom),16201,Oregon,48764,UC Davis
5082704,2024,Drew Fielder,KEEP (bbref=Georgetown),46044,Georgetown,,
5082704,2024,Drew Fielder,DELETE (phantom),16204,Boise State,46044,Georgetown
5082704,2025,Drew Fielder,UNRESOLVED (no bbref row),16205,Boise State,,
5082704,2025,Drew Fielder,UNRESOLVED (no bbref row),50803,Georgetown,,
5107307,2023,Drew King,KEEP (bbref=Houston Christian),30652,Houston Christian,,
5107307,2023,Drew King,DELETE (phantom),16214,Youngstown State,30652,Houston Christian
5107307,2024,Drew King,UNRESOLVED (no bbref row),16215,Youngstown State,,
5107307,2024,Drew King,UNRESOLVED (no bbref row),48876,Illinois-Chicago,,
5107307,2025,Drew King,UNRESOLVED (no bbref row),16216,Youngstown State,,
5107307,2025,Drew King,UNRESOLVED (no bbref row),50571,Elon,,
5197113,2025,Drew McKenna,UNRESOLVED (no bbref row),16220,Old Dominion,,
5197113,2025,Drew McKenna,UNRESOLVED (no bbref row),50808,Georgetown,,
4684303,2023,Drissa Traore,KEEP (bbref=St. John's (NY)),32793,St. John's (NY),,
4684303,2023,Drissa Traore,DELETE (phantom),16228,Rhode Island,32793,St. John's (NY)
4684303,2024,Drissa Traore,UNRESOLVED (no bbref row),16229,Rhode Island,,
4684303,2024,Drissa Traore,UNRESOLVED (no bbref row),48432,St. John's (NY),,
5107438,2023,Duane Posey,UNRESOLVED (no bbref row),16232,Texas Southern,,
5107438,2023,Duane Posey,UNRESOLVED (no bbref row),29182,Alabama State,,
5107438,2024,Duane Posey,KEEP (bbref=Northwestern State),47533,Northwestern State,,
5107438,2024,Duane Posey,DELETE (phantom),16233,Texas Southern,47533,Northwestern State
5105805,2023,Dug McDaniel,KEEP (bbref=Michigan),31327,Michigan,,
5105805,2023,Dug McDaniel,DELETE (phantom),16236,Memphis,31327,Michigan
5105805,2024,Dug McDaniel,UNRESOLVED (no bbref row),16237,Memphis,,
5105805,2024,Dug McDaniel,UNRESOLVED (no bbref row),46971,Michigan,,
5105805,2025,Dug McDaniel,KEEP (bbref=Kansas State),51274,Kansas State,,
5105805,2025,Dug McDaniel,DELETE (phantom),16238,Memphis,51274,Kansas State
4870569,2023,Duke Brennan,KEEP (bbref=Arizona State),29246,Arizona State,,
4870569,2023,Duke Brennan,DELETE (phantom),16240,Villanova,29246,Arizona State
4870569,2024,Duke Brennan,KEEP (bbref=Grand Canyon),46108,Grand Canyon,,
4870569,2024,Duke Brennan,DELETE (phantom),16241,Villanova,46108,Grand Canyon
4870569,2025,Duke Brennan,UNRESOLVED (no bbref row),16242,Villanova,,
4870569,2025,Duke Brennan,UNRESOLVED (no bbref row),50901,Grand Canyon,,
4702049,2022,Duke Miles,KEEP (bbref=Troy),39294,Troy,,
4702049,2022,Duke Miles,DELETE (phantom),16244,Vanderbilt,39294,Troy
4702049,2023,Duke Miles,KEEP (bbref=Troy),33101,Troy,,
4702049,2023,Duke Miles,DELETE (phantom),16245,Vanderbilt,33101,Troy
4702049,2025,Duke Miles,UNRESOLVED (no bbref row),16247,Vanderbilt,,
4702049,2025,Duke Miles,UNRESOLVED (no bbref row),52405,Oklahoma,,
4565204,2022,Duncan Powell,KEEP (bbref=North Carolina A&T),27179,North Carolina A&T,,
4565204,2022,Duncan Powell,DELETE (phantom),16249,Providence,27179,North Carolina A&T
4565204,2023,Duncan Powell,KEEP (bbref=North Carolina A&T),31695,North Carolina A&T,,
4565204,2023,Duncan Powell,DELETE (phantom),16250,Providence,31695,North Carolina A&T
4565204,2024,Duncan Powell,KEEP (bbref=Sacramento State),48035,Sacramento State,,
4565204,2024,Duncan Powell,DELETE (phantom),16251,Providence,48035,Sacramento State
4565204,2025,Duncan Powell,UNRESOLVED (no bbref row),16252,Providence,,
4565204,2025,Duncan Powell,UNRESOLVED (no bbref row),50858,Georgia Tech,,
4685662,2024,Dusty Stromer,KEEP (bbref=Gonzaga),46085,Gonzaga,,
4685662,2024,Dusty Stromer,DELETE (phantom),16254,Grand Canyon,46085,Gonzaga
4685662,2025,Dusty Stromer,KEEP (bbref=Gonzaga),50876,Gonzaga,,
4685662,2025,Dusty Stromer,DELETE (phantom),16255,Grand Canyon,50876,Gonzaga
4703011,2024,Dwayne Koroma,KEEP (bbref=UT Arlington),34759,UT Arlington,,
4703011,2024,Dwayne Koroma,DELETE (phantom),16260,Connecticut,34759,UT Arlington
4703011,2025,Dwayne Koroma,KEEP (bbref=Le Moyne),51385,Le Moyne,,
4703011,2025,Dwayne Koroma,DELETE (phantom),16261,Connecticut,51385,Le Moyne
4432739,2023,Dylan Anderson,UNRESOLVED (no bbref row),29264,Arizona,,
4432739,2023,Dylan Anderson,UNRESOLVED (no bbref row),16265,Murray State,,
4432739,2025,Dylan Anderson,UNRESOLVED (no bbref row),16267,Murray State,,
4432739,2025,Dylan Anderson,UNRESOLVED (no bbref row),49818,Boise State,,
5105636,2023,Dylan Andrews,KEEP (bbref=UCLA),33246,UCLA,,
5105636,2023,Dylan Andrews,DELETE (phantom),16269,Boise State,33246,UCLA
5105636,2024,Dylan Andrews,KEEP (bbref=UCLA),48838,UCLA,,
5105636,2024,Dylan Andrews,DELETE (phantom),16270,Boise State,48838,UCLA
5105636,2025,Dylan Andrews,KEEP (bbref=UCLA),53713,UCLA,,
5105636,2025,Dylan Andrews,DELETE (phantom),16271,Boise State,53713,UCLA
5106742,2023,Dylan Arnett,KEEP (bbref=Cleveland State),29869,Cleveland State,,
5106742,2023,Dylan Arnett,DELETE (phantom),16273,North Texas,29869,Cleveland State
5106742,2024,Dylan Arnett,KEEP (bbref=Cleveland State),45556,Cleveland State,,
5106742,2024,Dylan Arnett,DELETE (phantom),16274,North Texas,45556,Cleveland State
5106742,2025,Dylan Arnett,KEEP (bbref=Cleveland State),50186,Cleveland State,,
5106742,2025,Dylan Arnett,DELETE (phantom),16275,North Texas,50186,Cleveland State
5176033,2024,Dylan Blair,UNRESOLVED (no bbref row),45054,Army,,
5176033,2024,Dylan Blair,UNRESOLVED (no bbref row),16278,Western Carolina,,
5180818,2024,Dylan Brumfield,UNRESOLVED (no bbref row),16280,Texas State,,
5180818,2024,Dylan Brumfield,UNRESOLVED (no bbref row),16279,Southern,,
5180818,2025,Dylan Brumfield,UNRESOLVED (no bbref row),16281,Southern,,
5180818,2025,Dylan Brumfield,UNRESOLVED (no bbref row),16282,Texas State,,
5105658,2023,Dylan Darling,KEEP (bbref=Washington State),33654,Washington State,,
5105658,2023,Dylan Darling,DELETE (phantom),16284,St. John's (NY),33654,Washington State
5105658,2024,Dylan Darling,KEEP (bbref=Washington State),49264,Washington State,,
5105658,2024,Dylan Darling,DELETE (phantom),16285,St. John's (NY),49264,Washington State
5105658,2025,Dylan Darling,KEEP (bbref=Idaho State),51049,Idaho State,,
5105658,2025,Dylan Darling,DELETE (phantom),16286,St. John's (NY),51049,Idaho State
5176193,2024,Dylan Faulkner,KEEP (bbref=Lipscomb),46606,Lipscomb,,
5176193,2024,Dylan Faulkner,DELETE (phantom),16290,Samford,46606,Lipscomb
5176193,2025,Dylan Faulkner,KEEP (bbref=Lipscomb),51432,Lipscomb,,
5176193,2025,Dylan Faulkner,DELETE (phantom),16291,Samford,51432,Lipscomb
5241460,2025,Dylan Godfrey,KEEP (bbref=Canisius),50049,Canisius,,
5241460,2025,Dylan Godfrey,DELETE (phantom),16293,UC Riverside,50049,Canisius
5241777,2025,Dylan Jones,KEEP (bbref=FDU),50614,FDU,,
5241777,2025,Dylan Jones,DELETE (phantom),16300,Southern Utah,50614,FDU
5177101,2024,Dylan Saunders,KEEP (bbref=Iona),46345,Iona,,
5177101,2024,Dylan Saunders,DELETE (phantom),16306,New Hampshire,46345,Iona
5176301,2024,EJ Neal Jr.,KEEP (bbref=Idaho),46261,Idaho,,
5176301,2024,EJ Neal Jr.,DELETE (phantom),16365,Southern California,46261,Idaho
5176301,2025,EJ Neal Jr.,KEEP (bbref=Sacramento State),52850,Sacramento State,,
5176301,2025,EJ Neal Jr.,DELETE (phantom),16366,Southern California,52850,Sacramento State
4898226,2022,Ed Holland III,UNRESOLVED (no bbref row),16322,Howard,,
4898226,2022,Ed Holland III,UNRESOLVED (no bbref row),27520,Pennsylvania,,
4898226,2023,Ed Holland III,KEEP (bbref=Pennsylvania),32098,Pennsylvania,,
4898226,2023,Ed Holland III,DELETE (phantom),16323,Howard,32098,Pennsylvania
4898226,2024,Ed Holland III,KEEP (bbref=Pennsylvania),47745,Pennsylvania,,
4898226,2024,Ed Holland III,DELETE (phantom),16324,Howard,47745,Pennsylvania
5107220,2023,Ed Nnamoko,KEEP (bbref=Georgia State),30505,Georgia State,,
5107220,2023,Ed Nnamoko,DELETE (phantom),16327,Winthrop,30505,Georgia State
5107220,2025,Ed Nnamoko,KEEP (bbref=New Mexico State),52088,New Mexico State,,
5107220,2025,Ed Nnamoko,DELETE (phantom),16329,Winthrop,52088,New Mexico State
5176342,2024,Eddie Placer,UNRESOLVED (no bbref row),16333,Wagner,,
5176342,2024,Eddie Placer,UNRESOLVED (no bbref row),48311,South Carolina Upstate,,
5177359,2024,Eddie Ricks III,KEEP (bbref=Morehead State),47139,Morehead State,,
5177359,2024,Eddie Ricks III,DELETE (phantom),16336,James Madison,47139,Morehead State
5175078,2024,Eemeli Yalaho,KEEP (bbref=Texas Tech),48653,Texas Tech,,
5175078,2024,Eemeli Yalaho,DELETE (phantom),16348,Washington State,48653,Texas Tech
5175078,2025,Eemeli Yalaho,KEEP (bbref=Texas Tech),53533,Texas Tech,,
5175078,2025,Eemeli Yalaho,DELETE (phantom),16349,Washington State,53533,Texas Tech
4858612,2024,Eli DeLaurier,UNRESOLVED (no bbref row),16374,East Carolina,,
4858612,2024,Eli DeLaurier,UNRESOLVED (no bbref row),47844,Providence,,
4858612,2025,Eli DeLaurier,KEEP (bbref=Providence),52667,Providence,,
4858612,2025,Eli DeLaurier,DELETE (phantom),16375,East Carolina,52667,Providence
5176347,2024,Eli Shetlar,KEEP (bbref=Indiana State),46331,Indiana State,,
5176347,2024,Eli Shetlar,DELETE (phantom),16388,Drake,46331,Indiana State
5177286,2024,Eli Wilborn,KEEP (bbref=Saint Francis (PA)),48059,Saint Francis (PA),,
5177286,2024,Eli Wilborn,DELETE (phantom),16395,James Madison,48059,Saint Francis (PA)
5177286,2025,Eli Wilborn,KEEP (bbref=Duquesne),50464,Duquesne,,
5177286,2025,Eli Wilborn,DELETE (phantom),16396,James Madison,50464,Duquesne
5107282,2023,Elijah Brooks,KEEP (bbref=North Dakota),31747,North Dakota,,
5107282,2023,Elijah Brooks,DELETE (phantom),16405,Houston Christian,31747,North Dakota
5107282,2024,Elijah Brooks,KEEP (bbref=North Dakota),47407,North Dakota,,
5107282,2024,Elijah Brooks,DELETE (phantom),16406,Houston Christian,47407,North Dakota
5060703,2025,Elijah Crawford,KEEP (bbref=Brigham Young),49739,Brigham Young,,
5060703,2025,Elijah Crawford,DELETE (phantom),16414,Illinois-Chicago,49739,Brigham Young
5114945,2023,Elijah Davis,UNRESOLVED (no bbref row),16417,North Carolina,,
5114945,2023,Elijah Davis,UNRESOLVED (no bbref row),16416,Morgan State,,
5176576,2024,Elijah Davis,KEEP (bbref=Incarnate Word),46302,Incarnate Word,,
5176576,2024,Elijah Davis,DELETE (phantom),16419,North Carolina,46302,Incarnate Word
5176576,2024,Elijah Davis,DELETE (phantom),16418,Morgan State,46302,Incarnate Word
5263816,2025,Elijah Davis,UNRESOLVED (no bbref row),16420,Morgan State,,
5263816,2025,Elijah Davis,UNRESOLVED (no bbref row),16421,North Carolina,,
4897978,2022,Elijah Elliott,KEEP (bbref=Mount St. Mary's),26974,Mount St. Mary's,,
4897978,2022,Elijah Elliott,DELETE (phantom),16426,Ohio,26974,Mount St. Mary's
4897978,2022,Elijah Elliott,DELETE (phantom),16425,New Mexico State,26974,Mount St. Mary's
4897978,2024,Elijah Elliott,KEEP (bbref=Texas-Rio Grande Valley),34776,Texas-Rio Grande Valley,,
4897978,2024,Elijah Elliott,DELETE (phantom),16430,Ohio,34776,Texas-Rio Grande Valley
4897978,2024,Elijah Elliott,DELETE (phantom),16429,New Mexico State,34776,Texas-Rio Grande Valley
5243080,2025,Elijah Elliott,UNRESOLVED (no bbref row),16431,New Mexico State,,
5243080,2025,Elijah Elliott,UNRESOLVED (no bbref row),16432,Ohio,,
5106288,2023,Elijah Fisher,UNRESOLVED (no bbref row),16436,Seton Hall,,
5106288,2023,Elijah Fisher,UNRESOLVED (no bbref row),33054,Texas Tech,,
5106288,2024,Elijah Fisher,KEEP (bbref=DePaul),45701,DePaul,,
5106288,2024,Elijah Fisher,DELETE (phantom),16437,Seton Hall,45701,DePaul
5106288,2025,Elijah Fisher,KEEP (bbref=Pacific),52519,Pacific,,
5106288,2025,Elijah Fisher,DELETE (phantom),16438,Seton Hall,52519,Pacific
5105894,2023,Elijah Gray,UNRESOLVED (no bbref row),16443,Wisconsin,,
5105894,2023,Elijah Gray,UNRESOLVED (no bbref row),30380,Fordham,,
5105894,2024,Elijah Gray,KEEP (bbref=Fordham),45986,Fordham,,
5105894,2024,Elijah Gray,DELETE (phantom),16444,Wisconsin,45986,Fordham
5105894,2025,Elijah Gray,KEEP (bbref=Temple),53414,Temple,,
5105894,2025,Elijah Gray,DELETE (phantom),16445,Wisconsin,53414,Temple
5108850,2023,Elijah Hulsewe,KEEP (bbref=Bethune-Cookman),29445,Bethune-Cookman,,
5108850,2023,Elijah Hulsewe,DELETE (phantom),16446,UCF,29445,Bethune-Cookman
5108850,2024,Elijah Hulsewe,KEEP (bbref=Bethune-Cookman),45162,Bethune-Cookman,,
5108850,2024,Elijah Hulsewe,DELETE (phantom),16447,UCF,45162,Bethune-Cookman
5106767,2023,Elijah Jamison,KEEP (bbref=Milwaukee),31356,Milwaukee,,
5106767,2023,Elijah Jamison,DELETE (phantom),16450,Norfolk State,31356,Milwaukee
5106767,2024,Elijah Jamison,UNRESOLVED (no bbref row),16451,Norfolk State,,
5106767,2024,Elijah Jamison,UNRESOLVED (no bbref row),47004,Milwaukee,,
5106767,2025,Elijah Jamison,UNRESOLVED (no bbref row),16452,Norfolk State,,
5106767,2025,Elijah Jamison,UNRESOLVED (no bbref row),53819,UNC Wilmington,,
5176811,2024,Elijah Jones,KEEP (bbref=Green Bay),46121,Green Bay,,
5176811,2024,Elijah Jones,DELETE (phantom),16453,Longwood,46121,Green Bay
5106056,2025,Elijah Jones,UNRESOLVED (bbref=College of Charleston matched 0 rows),16455,Longwood,,
5106056,2025,Elijah Jones,UNRESOLVED (bbref=College of Charleston matched 0 rows),16456,UTEP,,
4879743,2022,Elijah Kennedy,KEEP (bbref=Florida),25895,Florida,,
4879743,2022,Elijah Kennedy,DELETE (phantom),16460,Hampton,25895,Florida
5106667,2023,Elijah Perkins,KEEP (bbref=Austin Peay),29364,Austin Peay,,
5106667,2023,Elijah Perkins,DELETE (phantom),16473,Saint Peter's,29364,Austin Peay
5176317,2025,Elijah Price,UNRESOLVED (no bbref row),16478,Nevada,,
5176317,2025,Elijah Price,UNRESOLVED (no bbref row),50733,Fresno State,,
4870565,2023,Elijah Saunders,UNRESOLVED (no bbref row),16480,Maryland,,
4870565,2023,Elijah Saunders,UNRESOLVED (no bbref row),32520,San Diego State,,
4870565,2024,Elijah Saunders,UNRESOLVED (no bbref row),16481,Maryland,,
4870565,2024,Elijah Saunders,UNRESOLVED (no bbref row),48163,San Diego State,,
5174555,2024,Elijah Strong,KEEP (bbref=Boston College),45206,Boston College,,
5174555,2024,Elijah Strong,DELETE (phantom),16484,South Carolina,45206,Boston College
5174555,2025,Elijah Strong,UNRESOLVED (no bbref row),16485,South Carolina,,
5174555,2025,Elijah Strong,UNRESOLVED (no bbref row),49825,Boston College,,
4433210,2022,Elijah Taylor,KEEP (bbref=Notre Dame),27364,Notre Dame,,
4433210,2022,Elijah Taylor,DELETE (phantom),16487,Coppin State,27364,Notre Dame
3947075,2017,Elijah Thomas,UNRESOLVED (no bbref row),77834,Clemson,,
3947075,2017,Elijah Thomas,UNRESOLVED (no bbref row),80427,Saint Mary's,,
3947075,2018,Elijah Thomas,KEEP (bbref=Clemson),82333,Clemson,,
3947075,2018,Elijah Thomas,DELETE (phantom),84945,Saint Mary's,82333,Clemson
3947075,2019,Elijah Thomas,KEEP (bbref=Clemson),86945,Clemson,,
3947075,2019,Elijah Thomas,DELETE (phantom),89485,Saint Mary's,86945,Clemson
4684309,2023,Elijah Tucker,UNRESOLVED (no bbref row),16490,Longwood,,
4684309,2023,Elijah Tucker,UNRESOLVED (no bbref row),33839,Xavier,,
4869764,2024,Elliot Cadeau,KEEP (bbref=North Carolina),47389,North Carolina,,
4869764,2024,Elliot Cadeau,DELETE (phantom),16494,Michigan,47389,North Carolina
4869764,2025,Elliot Cadeau,KEEP (bbref=North Carolina),52186,North Carolina,,
4869764,2025,Elliot Cadeau,DELETE (phantom),16495,Michigan,52186,North Carolina
5108010,2023,Elmore James IV,KEEP (bbref=Ohio),31926,Ohio,,
5108010,2023,Elmore James IV,DELETE (phantom),16504,Ball State,31926,Ohio
5108010,2024,Elmore James IV,KEEP (bbref=Ohio),47591,Ohio,,
5108010,2024,Elmore James IV,DELETE (phantom),16505,Ball State,47591,Ohio
5108046,2023,Emil Skytta,UNRESOLVED (no bbref row),16520,North Dakota State,,
5108046,2023,Emil Skytta,UNRESOLVED (no bbref row),29753,Central Michigan,,
5108046,2024,Emil Skytta,KEEP (bbref=Sacramento State),48041,Sacramento State,,
5108046,2024,Emil Skytta,DELETE (phantom),16521,North Dakota State,48041,Sacramento State
5108046,2025,Emil Skytta,UNRESOLVED (no bbref row),16522,North Dakota State,,
5108046,2025,Emil Skytta,UNRESOLVED (no bbref row),52851,Sacramento State,,
5107162,2023,Emilis Butkus,KEEP (bbref=UC Irvine),33197,UC Irvine,,
5107162,2023,Emilis Butkus,DELETE (phantom),16524,Mercyhurst,33197,UC Irvine
5176787,2024,Emmanuel Innocenti,KEEP (bbref=Tarleton State),48536,Tarleton State,,
5176787,2024,Emmanuel Innocenti,DELETE (phantom),16529,Gonzaga,48536,Tarleton State
5125176,2023,Emmanuel Okorafor,KEEP (bbref=Louisville),31101,Louisville,,
5125176,2023,Emmanuel Okorafor,DELETE (phantom),16538,Wichita State,31101,Louisville
5125176,2024,Emmanuel Okorafor,KEEP (bbref=Louisville),46699,Louisville,,
5125176,2024,Emmanuel Okorafor,DELETE (phantom),16539,Wichita State,46699,Louisville
5125176,2025,Emmanuel Okorafor,KEEP (bbref=Seton Hall),53068,Seton Hall,,
5125176,2025,Emmanuel Okorafor,DELETE (phantom),16540,Wichita State,53068,Seton Hall
5164369,2025,Emmanuel Stephen,KEEP (bbref=Arizona),49634,Arizona,,
5164369,2025,Emmanuel Stephen,DELETE (phantom),16542,Nevada-Las Vegas,49634,Arizona
5195304,2025,Emmanuel Ugbo,UNRESOLVED (no bbref row),49819,Boise State,,
5195304,2025,Emmanuel Ugbo,UNRESOLVED (no bbref row),16544,Washington State,,
5176779,2024,Enoch Kalambay,KEEP (bbref=Western Kentucky),49326,Western Kentucky,,
5176779,2024,Enoch Kalambay,DELETE (phantom),16552,Campbell,49326,Western Kentucky
5176779,2025,Enoch Kalambay,UNRESOLVED (no bbref row),16553,Campbell,,
5176779,2025,Enoch Kalambay,UNRESOLVED (no bbref row),54149,Western Kentucky,,
5176798,2025,Eren Banks,UNRESOLVED (no bbref row),50829,Georgia Southern,,
5176798,2025,Eren Banks,UNRESOLVED (no bbref row),16560,Appalachian State,,
5177260,2024,Eric Acker,KEEP (bbref=Long Island University),46642,Long Island University,,
5177260,2024,Eric Acker,DELETE (phantom),16564,La Salle,46642,Long Island University
4610012,2024,Eric Dailey Jr.,KEEP (bbref=Oklahoma State),47628,Oklahoma State,,
4610012,2024,Eric Dailey Jr.,DELETE (phantom),16571,UCLA,47628,Oklahoma State
5106790,2023,Eric Mulder,UNRESOLVED (no bbref row),16587,Iowa State,,
5106790,2023,Eric Mulder,UNRESOLVED (no bbref row),32230,Purdue Fort Wayne,,
5106790,2024,Eric Mulder,KEEP (bbref=Purdue Fort Wayne),47868,Purdue Fort Wayne,,
5106790,2024,Eric Mulder,DELETE (phantom),16588,Iowa State,47868,Purdue Fort Wayne
5106790,2025,Eric Mulder,KEEP (bbref=Purdue Fort Wayne),52690,Purdue Fort Wayne,,
5106790,2025,Eric Mulder,DELETE (phantom),16589,Iowa State,52690,Purdue Fort Wayne
5174934,2025,Eric Parnell,UNRESOLVED (no bbref row),16591,FDU,,
5174934,2025,Eric Parnell,UNRESOLVED (no bbref row),50981,Hofstra,,
5105560,2023,Erik Pratt,KEEP (bbref=Texas A&M),32991,Texas A&M,,
5105560,2023,Erik Pratt,DELETE (phantom),16598,Stony Brook,32991,Texas A&M
5105560,2024,Erik Pratt,UNRESOLVED (no bbref row),16599,Stony Brook,,
5105560,2024,Erik Pratt,UNRESOLVED (no bbref row),47001,Milwaukee,,
5105560,2025,Erik Pratt,KEEP (bbref=Milwaukee),51804,Milwaukee,,
5105560,2025,Erik Pratt,DELETE (phantom),16600,Stony Brook,51804,Milwaukee
5242608,2025,Erik Taylor,UNRESOLVED (no bbref row),16602,Presbyterian,,
5242608,2025,Erik Taylor,UNRESOLVED (no bbref row),52952,Sam Houston,,
5106261,2025,Ernest Udeh Jr.,KEEP (bbref=Texas Christian),53383,Texas Christian,,
5106261,2025,Ernest Udeh Jr.,DELETE (phantom),16608,Miami (FL),53383,Texas Christian
4898117,2023,Ethan Butler,KEEP (bbref=Oregon),32046,Oregon,,
4898117,2023,Ethan Butler,DELETE (phantom),16622,Charlotte,32046,Oregon
4898117,2024,Ethan Butler,KEEP (bbref=Northern Illinois),47497,Northern Illinois,,
4898117,2024,Ethan Butler,DELETE (phantom),16623,Charlotte,47497,Northern Illinois
4898117,2025,Ethan Butler,KEEP (bbref=Northern Illinois),52288,Northern Illinois,,
4898117,2025,Ethan Butler,DELETE (phantom),16624,Charlotte,52288,Northern Illinois
5176683,2024,Ethan Kizer,UNRESOLVED (no bbref row),16633,South Dakota,,
5176683,2024,Ethan Kizer,UNRESOLVED (no bbref row),48285,South Alabama,,
5176390,2024,Ethan Pickett,KEEP (bbref=Illinois-Chicago),48869,Illinois-Chicago,,
5176390,2024,Ethan Pickett,DELETE (phantom),16647,Southeastern Louisiana,48869,Illinois-Chicago
5176390,2025,Ethan Pickett,KEEP (bbref=Illinois-Chicago),53739,Illinois-Chicago,,
5176390,2025,Ethan Pickett,DELETE (phantom),16648,Southeastern Louisiana,53739,Illinois-Chicago
5105471,2024,Ethan Potter,UNRESOLVED (no bbref row),16651,Utah Tech,,
5105471,2024,Ethan Potter,UNRESOLVED (no bbref row),49097,Utah Valley,,
5105471,2025,Ethan Potter,KEEP (bbref=Utah Valley),53966,Utah Valley,,
5105471,2025,Ethan Potter,DELETE (phantom),16652,Utah Tech,53966,Utah Valley
5108811,2023,Ethan Roberts,UNRESOLVED (no bbref row),16654,Pennsylvania,,
5108811,2023,Ethan Roberts,UNRESOLVED (no bbref row),29316,Army,,
5105847,2023,Evan Mahaffey,KEEP (bbref=Penn State),32082,Penn State,,
5105847,2023,Evan Mahaffey,DELETE (phantom),16684,Akron,32082,Penn State
5105847,2024,Evan Mahaffey,KEEP (bbref=Ohio State),47605,Ohio State,,
5105847,2024,Evan Mahaffey,DELETE (phantom),16685,Akron,47605,Ohio State
5105847,2025,Evan Mahaffey,UNRESOLVED (no bbref row),52396,Ohio State,,
5105847,2025,Evan Mahaffey,UNRESOLVED (no bbref row),16686,Akron,,
4702960,2022,Evan Nelson,KEEP (bbref=Harvard),26176,Harvard,,
4702960,2022,Evan Nelson,DELETE (phantom),16689,Arizona,26176,Harvard
4702960,2023,Evan Nelson,KEEP (bbref=Harvard),30579,Harvard,,
4702960,2023,Evan Nelson,DELETE (phantom),16690,Arizona,30579,Harvard
5106051,2023,Ezra Ausar,UNRESOLVED (no bbref row),16714,Southern California,,
5106051,2023,Ezra Ausar,UNRESOLVED (no bbref row),30154,East Carolina,,
5106051,2024,Ezra Ausar,KEEP (bbref=East Carolina),45784,East Carolina,,
5106051,2024,Ezra Ausar,DELETE (phantom),16715,Southern California,45784,East Carolina
5106051,2025,Ezra Ausar,KEEP (bbref=Utah),53949,Utah,,
5106051,2025,Ezra Ausar,DELETE (phantom),16716,Southern California,53949,Utah
5109771,2023,Faheim Meran,KEEP (bbref=Chicago State),29821,Chicago State,,
5109771,2023,Faheim Meran,DELETE (phantom),16723,Long Island University,29821,Chicago State
5106461,2023,Faizon Fields,KEEP (bbref=Old Dominion),31983,Old Dominion,,
5106461,2023,Faizon Fields,DELETE (phantom),16727,Milwaukee,31983,Old Dominion
5106839,2023,Fallou Diagne,UNRESOLVED (no bbref row),16732,Texas State,,
5106839,2023,Fallou Diagne,UNRESOLVED (no bbref row),33720,Western Kentucky,,
5106839,2023,Fallou Diagne,UNRESOLVED (no bbref row),16731,Southern,,
5106839,2024,Fallou Diagne,KEEP (bbref=Western Kentucky),49329,Western Kentucky,,
5106839,2024,Fallou Diagne,DELETE (phantom),16734,Texas State,49329,Western Kentucky
5106839,2024,Fallou Diagne,DELETE (phantom),16733,Southern,49329,Western Kentucky
5241480,2025,Fatt Hill,UNRESOLVED (no bbref row),16741,George Mason,,
5241480,2025,Fatt Hill,UNRESOLVED (no bbref row),16740,Ball State,,
4684986,2023,Favour Aire,KEEP (bbref=Miami (FL)),31320,Miami (FL),,
4684986,2023,Favour Aire,DELETE (phantom),16743,Coppin State,31320,Miami (FL)
4684986,2024,Favour Aire,KEEP (bbref=Penn State),47738,Penn State,,
4684986,2024,Favour Aire,DELETE (phantom),16744,Coppin State,47738,Penn State
5105412,2023,Federiko Federiko,KEEP (bbref=Pittsburgh),32124,Pittsburgh,,
5105412,2023,Federiko Federiko,DELETE (phantom),16749,Texas A&M,32124,Pittsburgh
5105412,2024,Federiko Federiko,UNRESOLVED (no bbref row),16750,Texas A&M,,
5105412,2024,Federiko Federiko,UNRESOLVED (no bbref row),47762,Pittsburgh,,
5105412,2025,Federiko Federiko,KEEP (bbref=Texas Tech),53532,Texas Tech,,
5105412,2025,Federiko Federiko,DELETE (phantom),16751,Texas A&M,53532,Texas Tech
5105841,2023,Felix Okpara,KEEP (bbref=Ohio State),31940,Ohio State,,
5105841,2023,Felix Okpara,DELETE (phantom),16757,Tennessee,31940,Ohio State
5105841,2024,Felix Okpara,KEEP (bbref=Ohio State),47601,Ohio State,,
5105841,2024,Felix Okpara,DELETE (phantom),16758,Tennessee,47601,Ohio State
5105569,2023,Filip Borovicanin,KEEP (bbref=Arizona),29267,Arizona,,
5105569,2023,Filip Borovicanin,DELETE (phantom),16761,Xavier,29267,Arizona
5105569,2024,Filip Borovicanin,UNRESOLVED (no bbref row),16762,Xavier,,
5105569,2024,Filip Borovicanin,UNRESOLVED (no bbref row),44995,Arizona,,
5105569,2025,Filip Borovicanin,KEEP (bbref=New Mexico),52069,New Mexico,,
5105569,2025,Filip Borovicanin,DELETE (phantom),16763,Xavier,52069,New Mexico
4897481,2023,Foster Wonders,KEEP (bbref=Southern Illinois),32721,Southern Illinois,,
4897481,2023,Foster Wonders,DELETE (phantom),16793,Cleveland State,32721,Southern Illinois
4897481,2024,Foster Wonders,KEEP (bbref=Green Bay),46122,Green Bay,,
4897481,2024,Foster Wonders,DELETE (phantom),16794,Cleveland State,46122,Green Bay
4897481,2025,Foster Wonders,KEEP (bbref=Green Bay),50917,Green Bay,,
4897481,2025,Foster Wonders,DELETE (phantom),16795,Cleveland State,50917,Green Bay
5174858,2024,Franck Emmou,UNRESOLVED (no bbref row),16805,Texas State,,
5174858,2024,Franck Emmou,UNRESOLVED (no bbref row),48896,Maryland-Baltimore County,,
4711400,2022,Franck Kepnang,UNRESOLVED (no bbref row),16806,Washington,,
4711400,2022,Franck Kepnang,UNRESOLVED (no bbref row),38232,Oregon,,
5107180,2024,Frank Mitchell,KEEP (bbref=Canisius),45404,Canisius,,
5107180,2024,Frank Mitchell,DELETE (phantom),16814,St. Bonaventure,45404,Canisius
5107180,2025,Frank Mitchell,KEEP (bbref=Minnesota),51822,Minnesota,,
5107180,2025,Frank Mitchell,DELETE (phantom),16815,St. Bonaventure,51822,Minnesota
4433616,2022,Frankie Collins,KEEP (bbref=Michigan),26847,Michigan,,
4433616,2022,Frankie Collins,DELETE (phantom),16817,Vanderbilt,26847,Michigan
4433616,2023,Frankie Collins,KEEP (bbref=Arizona State),29240,Arizona State,,
4433616,2023,Frankie Collins,DELETE (phantom),16818,Vanderbilt,29240,Arizona State
4433616,2024,Frankie Collins,UNRESOLVED (no bbref row),16819,Vanderbilt,,
4433616,2024,Frankie Collins,UNRESOLVED (no bbref row),44970,Arizona State,,
4433616,2025,Frankie Collins,KEEP (bbref=Texas Christian),53381,Texas Christian,,
4433616,2025,Frankie Collins,DELETE (phantom),16820,Vanderbilt,53381,Texas Christian
5105580,2023,Fred King,KEEP (bbref=Creighton),29972,Creighton,,
5105580,2023,Fred King,DELETE (phantom),16830,Murray State,29972,Creighton
5105580,2025,Fred King,KEEP (bbref=Creighton),50311,Creighton,,
5105580,2025,Fred King,DELETE (phantom),16832,Murray State,50311,Creighton
5125192,2024,Freddie Dilione V,KEEP (bbref=Tennessee),48584,Tennessee,,
5125192,2024,Freddie Dilione V,DELETE (phantom),16837,Penn State,48584,Tennessee
4705373,2024,Freddy Hicks,UNRESOLVED (no bbref row),16842,Tarleton State,,
4705373,2024,Freddy Hicks,UNRESOLVED (no bbref row),45018,Arkansas State,,
4845387,2024,Gabe Cupps,KEEP (bbref=Indiana),46317,Indiana,,
4845387,2024,Gabe Cupps,DELETE (phantom),16847,Ohio State,46317,Indiana
4845387,2025,Gabe Cupps,KEEP (bbref=Indiana),51127,Indiana,,
4845387,2025,Gabe Cupps,DELETE (phantom),16848,Ohio State,51127,Indiana
5177227,2024,Gabe Dynes,KEEP (bbref=Youngstown State),49469,Youngstown State,,
5177227,2024,Gabe Dynes,DELETE (phantom),16850,Southern California,49469,Youngstown State
5177227,2025,Gabe Dynes,KEEP (bbref=Youngstown State),54305,Youngstown State,,
5177227,2025,Gabe Dynes,DELETE (phantom),16851,Southern California,54305,Youngstown State
5105773,2025,Gabe Moss,KEEP (bbref=Delaware),50365,Delaware,,
5105773,2025,Gabe Moss,DELETE (phantom),16855,Western Carolina,50365,Delaware
5108787,2023,Gabe Spinelli,UNRESOLVED (no bbref row),16863,Central Connecticut State,,
5108787,2023,Gabe Spinelli,UNRESOLVED (no bbref row),30253,Evansville,,
5108787,2024,Gabe Spinelli,UNRESOLVED (no bbref row),16864,Central Connecticut State,,
5108787,2024,Gabe Spinelli,UNRESOLVED (no bbref row),47098,Monmouth,,
5108787,2025,Gabe Spinelli,KEEP (bbref=Chicago State),50157,Chicago State,,
5108787,2025,Gabe Spinelli,DELETE (phantom),16865,Central Connecticut State,50157,Chicago State
5143603,2024,Gabe Warren,KEEP (bbref=Rice),47930,Rice,,
5143603,2024,Gabe Warren,DELETE (phantom),16869,Holy Cross,47930,Rice
5241369,2025,Gabriel Pozzato,KEEP (bbref=Evansville),50581,Evansville,,
5241369,2025,Gabriel Pozzato,DELETE (phantom),16873,Xavier,50581,Evansville
5108973,2023,Garry Clark,KEEP (bbref=Tarleton State),32913,Tarleton State,,
5108973,2023,Garry Clark,DELETE (phantom),16894,Utah State,32913,Tarleton State
5077373,2024,Garwey Dual,KEEP (bbref=Providence),47841,Providence,,
5077373,2024,Garwey Dual,DELETE (phantom),16898,McNeese,47841,Providence
5077373,2025,Garwey Dual,KEEP (bbref=Seton Hall),53064,Seton Hall,,
5077373,2025,Garwey Dual,DELETE (phantom),16899,McNeese,53064,Seton Hall
4884255,2024,Gavin Griffiths,UNRESOLVED (no bbref row),47985,Rutgers,,
4884255,2024,Gavin Griffiths,UNRESOLVED (no bbref row),16905,Temple,,
4884255,2025,Gavin Griffiths,KEEP (bbref=Nebraska),52033,Nebraska,,
4884255,2025,Gavin Griffiths,DELETE (phantom),16906,Temple,52033,Nebraska
5174815,2024,Gavin Walsh,KEEP (bbref=Binghamton),45178,Binghamton,,
5174815,2024,Gavin Walsh,DELETE (phantom),16917,UNC Wilmington,45178,Binghamton
5174815,2025,Gavin Walsh,UNRESOLVED (no bbref row),16918,UNC Wilmington,,
5174815,2025,Gavin Walsh,UNRESOLVED (no bbref row),49800,Binghamton,,
5107975,2023,George Beale Jr.,KEEP (bbref=Norfolk State),31668,Norfolk State,,
5107975,2023,George Beale Jr.,DELETE (phantom),16927,UCF,31668,Norfolk State
5107975,2024,George Beale Jr.,KEEP (bbref=Norfolk State),47337,Norfolk State,,
5107975,2024,George Beale Jr.,DELETE (phantom),16928,UCF,47337,Norfolk State
5107975,2025,George Beale Jr.,UNRESOLVED (no bbref row),16929,UCF,,
5107975,2025,George Beale Jr.,UNRESOLVED (no bbref row),50927,Hampton,,
5239784,2025,George Kimble III,UNRESOLVED (no bbref row),16936,Vanderbilt,,
5239784,2025,George Kimble III,UNRESOLVED (no bbref row),50524,Eastern Kentucky,,
4711274,2024,George Washington III,UNRESOLVED (no bbref row),16949,Florida Gulf Coast,,
4711274,2024,George Washington III,UNRESOLVED (no bbref row),46981,Michigan,,
4711274,2025,George Washington III,KEEP (bbref=Richmond),52761,Richmond,,
4711274,2025,George Washington III,DELETE (phantom),16950,Florida Gulf Coast,52761,Richmond
5241714,2025,Gianni Cobb,KEEP (bbref=Columbia),50260,Columbia,,
5241714,2025,Gianni Cobb,DELETE (phantom),16963,Northern Illinois,50260,Columbia
4431815,2022,Gianni Hunt,UNRESOLVED (no bbref row),38248,Oregon State,,
4431815,2022,Gianni Hunt,UNRESOLVED (no bbref row),16965,East Texas A&M,,
4431815,2023,Gianni Hunt,UNRESOLVED (no bbref row),16966,East Texas A&M,,
4431815,2023,Gianni Hunt,UNRESOLVED (no bbref row),32393,Sacramento State,,
4431815,2024,Gianni Hunt,KEEP (bbref=Cal State Northridge),45352,Cal State Northridge,,
4431815,2024,Gianni Hunt,DELETE (phantom),16967,East Texas A&M,45352,Cal State Northridge
4431815,2025,Gianni Hunt,UNRESOLVED (no bbref row),16968,East Texas A&M,,
4431815,2025,Gianni Hunt,UNRESOLVED (no bbref row),49792,Bethune-Cookman,,
4896939,2022,Giovanni Emejuru,UNRESOLVED (no bbref row),16977,East Carolina,,
4896939,2022,Giovanni Emejuru,UNRESOLVED (no bbref row),38689,Sam Houston,,
4896939,2023,Giovanni Emejuru,UNRESOLVED (no bbref row),16978,East Carolina,,
4896939,2023,Giovanni Emejuru,UNRESOLVED (no bbref row),32485,Sam Houston,,
4896939,2024,Giovanni Emejuru,KEEP (bbref=Siena),48262,Siena,,
4896939,2024,Giovanni Emejuru,DELETE (phantom),16979,East Carolina,48262,Siena
4896939,2025,Giovanni Emejuru,KEEP (bbref=George Mason),50775,George Mason,,
4896939,2025,Giovanni Emejuru,DELETE (phantom),16980,East Carolina,50775,George Mason
5107966,2023,Goanar Biliew,UNRESOLVED (no bbref row),29534,Bradley,,
5107966,2023,Goanar Biliew,UNRESOLVED (no bbref row),16982,Western Illinois,,
5107966,2024,Goanar Biliew,KEEP (bbref=Bradley),45255,Bradley,,
5107966,2024,Goanar Biliew,DELETE (phantom),16983,Western Illinois,45255,Bradley
5107966,2025,Goanar Biliew,KEEP (bbref=Bradley),49876,Bradley,,
5107966,2025,Goanar Biliew,DELETE (phantom),16984,Western Illinois,49876,Bradley
5175023,2025,Grady Whitt,UNRESOLVED (no bbref row),16995,UNC Wilmington,,
5175023,2025,Grady Whitt,UNRESOLVED (no bbref row),50239,Colorado,,
4703396,2022,Graham Ike,KEEP (bbref=Wyoming),29061,Wyoming,,
4703396,2022,Graham Ike,DELETE (phantom),16997,Gonzaga,29061,Wyoming
5105282,2024,Grant Darbyshire,UNRESOLVED (no bbref row),17008,Cincinnati,,
5105282,2024,Grant Darbyshire,UNRESOLVED (no bbref row),46504,Kentucky,,
5105282,2025,Grant Darbyshire,UNRESOLVED (no bbref row),17009,Cincinnati,,
5105282,2025,Grant Darbyshire,UNRESOLVED (no bbref row),51326,Kentucky,,
5174936,2025,Grant Gondrezick II,KEEP (bbref=Detroit Mercy),50405,Detroit Mercy,,
5174936,2025,Grant Gondrezick II,DELETE (phantom),17011,Long Beach State,50405,Detroit Mercy
4897332,2022,Grant Hurst,KEEP (bbref=Tennessee-Martin),28656,Tennessee-Martin,,
4897332,2022,Grant Hurst,DELETE (phantom),17012,Tennessee,28656,Tennessee-Martin
5105587,2023,Grant Newell,UNRESOLVED (no bbref row),17025,Western Kentucky,,
5105587,2023,Grant Newell,UNRESOLVED (no bbref row),29676,California,,
5105587,2024,Grant Newell,KEEP (bbref=California),45380,California,,
5105587,2024,Grant Newell,DELETE (phantom),17026,Western Kentucky,45380,California
5105587,2025,Grant Newell,UNRESOLVED (no bbref row),17027,Western Kentucky,,
5105587,2025,Grant Newell,UNRESOLVED (no bbref row),52240,North Texas,,
4687377,2022,Grant Slatten,KEEP (bbref=Mississippi),27464,Mississippi,,
4687377,2022,Grant Slatten,DELETE (phantom),17035,Tennessee Tech,27464,Mississippi
5108909,2023,Greedy Williams,UNRESOLVED (no bbref row),17050,UNC Wilmington,,
5108909,2023,Greedy Williams,UNRESOLVED (no bbref row),31878,Northwestern State,,
5177096,2024,Greg Gordon,KEEP (bbref=Iona),46338,Iona,,
5177096,2024,Greg Gordon,DELETE (phantom),17059,Long Island University,46338,Iona
5177096,2025,Greg Gordon,KEEP (bbref=UAB),53614,UAB,,
5177096,2025,Greg Gordon,DELETE (phantom),17060,Long Island University,53614,UAB
5176233,2024,Grgur Brcic,KEEP (bbref=Toledo),48667,Toledo,,
5176233,2024,Grgur Brcic,DELETE (phantom),17072,Bucknell,48667,Toledo
5176233,2025,Grgur Brcic,KEEP (bbref=Toledo),53545,Toledo,,
5176233,2025,Grgur Brcic,DELETE (phantom),17073,Bucknell,53545,Toledo
4897700,2023,Griffin Barrouk,KEEP (bbref=Hofstra),30632,Hofstra,,
4897700,2023,Griffin Barrouk,DELETE (phantom),17076,Sacred Heart,30632,Hofstra
4897700,2024,Griffin Barrouk,KEEP (bbref=Hofstra),46179,Hofstra,,
4897700,2024,Griffin Barrouk,DELETE (phantom),17077,Sacred Heart,46179,Hofstra
5105410,2023,Guillermo Diaz Graham,KEEP (bbref=Pittsburgh),32125,Pittsburgh,,
5105410,2023,Guillermo Diaz Graham,DELETE (phantom),17080,San Francisco,32125,Pittsburgh
5105410,2024,Guillermo Diaz Graham,KEEP (bbref=Pittsburgh),47760,Pittsburgh,,
5105410,2024,Guillermo Diaz Graham,DELETE (phantom),17081,San Francisco,47760,Pittsburgh
5105410,2025,Guillermo Diaz Graham,KEEP (bbref=Pittsburgh),52580,Pittsburgh,,
5105410,2025,Guillermo Diaz Graham,DELETE (phantom),17082,San Francisco,52580,Pittsburgh
4898348,2022,Gus Etchison,KEEP (bbref=Western Michigan),28980,Western Michigan,,
4898348,2022,Gus Etchison,DELETE (phantom),17085,Idaho State,28980,Western Michigan
4898348,2023,Gus Etchison,UNRESOLVED (no bbref row),17086,Idaho State,,
4898348,2023,Gus Etchison,UNRESOLVED (no bbref row),33736,Western Michigan,,
4685686,2025,Gus Yalden,KEEP (bbref=Seton Hall),53070,Seton Hall,,
4685686,2025,Gus Yalden,DELETE (phantom),17095,Vermont,53070,Seton Hall
5175369,2024,Gytis Nemeiksa,KEEP (bbref=Xavier),49437,Xavier,,
5175369,2024,Gytis Nemeiksa,DELETE (phantom),17100,Hawaii,49437,Xavier
5239525,2025,Hamad Mousa,KEEP (bbref=Dayton),50339,Dayton,,
5239525,2025,Hamad Mousa,DELETE (phantom),17106,Cal Poly,50339,Dayton
5176648,2024,Hamed Olayinka,KEEP (bbref=Utah Tech),49072,Utah Tech,,
5176648,2024,Hamed Olayinka,DELETE (phantom),17109,Samford,49072,Utah Tech
5176648,2024,Hamed Olayinka,DELETE (phantom),17108,Florida International,49072,Utah Tech
5176648,2025,Hamed Olayinka,KEEP (bbref=Samford),17111,Samford,,
5176648,2025,Hamed Olayinka,DELETE (phantom),17110,Florida International,17111,Samford
4896480,2023,Handje Tamba,KEEP (bbref=Weber State),33668,Weber State,,
4896480,2023,Handje Tamba,DELETE (phantom),17115,St. John's (NY),33668,Weber State
4896480,2024,Handje Tamba,KEEP (bbref=Weber State),49273,Weber State,,
4896480,2024,Handje Tamba,DELETE (phantom),17116,St. John's (NY),49273,Weber State
5108913,2023,Hansel Enmanuel,KEEP (bbref=Northwestern State),31880,Northwestern State,,
5108913,2023,Hansel Enmanuel,DELETE (phantom),17123,Austin Peay,31880,Northwestern State
5107410,2023,Hantz Louis-Jeune,KEEP (bbref=Florida A&M),30288,Florida A&M,,
5107410,2023,Hantz Louis-Jeune,DELETE (phantom),17127,South Alabama,30288,Florida A&M
5107410,2024,Hantz Louis-Jeune,KEEP (bbref=Florida A&M),45928,Florida A&M,,
5107410,2024,Hantz Louis-Jeune,DELETE (phantom),17128,South Alabama,45928,Florida A&M
5240514,2025,Haris Elezovic,KEEP (bbref=West Virginia),54128,West Virginia,,
5240514,2025,Haris Elezovic,DELETE (phantom),17131,Northeastern,54128,West Virginia
4920142,2023,Harlan Obioha,KEEP (bbref=Niagara),31646,Niagara,,
4920142,2023,Harlan Obioha,DELETE (phantom),17133,West Virginia,31646,Niagara
4920142,2024,Harlan Obioha,KEEP (bbref=Niagara),34357,Niagara,,
4920142,2024,Harlan Obioha,DELETE (phantom),17134,West Virginia,34357,Niagara
4920142,2025,Harlan Obioha,KEEP (bbref=UNC Wilmington),53817,UNC Wilmington,,
4920142,2025,Harlan Obioha,DELETE (phantom),17135,West Virginia,53817,UNC Wilmington
5106716,2023,Harold Woods,KEEP (bbref=Northeastern),31801,Northeastern,,
5106716,2023,Harold Woods,DELETE (phantom),17137,Incarnate Word,31801,Northeastern
5106716,2024,Harold Woods,KEEP (bbref=Northeastern),47451,Northeastern,,
5106716,2024,Harold Woods,DELETE (phantom),17138,Incarnate Word,47451,Northeastern
5106716,2025,Harold Woods,KEEP (bbref=Northeastern),52250,Northeastern,,
5106716,2025,Harold Woods,DELETE (phantom),17139,Incarnate Word,52250,Northeastern
5174316,2025,Harrison Alexander,UNRESOLVED (no bbref row),17142,SIU Edwardsville,,
5174316,2025,Harrison Alexander,UNRESOLVED (no bbref row),51842,Mississippi State,,
5105615,2024,Harrison Carrington,KEEP (bbref=Colorado),45603,Colorado,,
5105615,2024,Harrison Carrington,DELETE (phantom),17144,UC Irvine,45603,Colorado
5105615,2025,Harrison Carrington,KEEP (bbref=Colorado),50233,Colorado,,
5105615,2025,Harrison Carrington,DELETE (phantom),17145,UC Irvine,50233,Colorado
5176660,2024,Hasan Abdul Hakim,KEEP (bbref=Texas-Rio Grande Valley),34777,Texas-Rio Grande Valley,,
5176660,2024,Hasan Abdul Hakim,DELETE (phantom),17162,Memphis,34777,Texas-Rio Grande Valley
5176660,2025,Hasan Abdul Hakim,KEEP (bbref=Texas-Rio Grande Valley),53886,Texas-Rio Grande Valley,,
5176660,2025,Hasan Abdul Hakim,DELETE (phantom),17163,Memphis,53886,Texas-Rio Grande Valley
4896959,2025,Hassan Perkins,UNRESOLVED (bbref=Maryland-Eastern Shore matched 0 rows),17166,Coppin State,,
4896959,2025,Hassan Perkins,UNRESOLVED (bbref=Maryland-Eastern Shore matched 0 rows),51660,Maryland,,
5107161,2023,Hayden Welling,KEEP (bbref=UC Irvine),33198,UC Irvine,,
5107161,2023,Hayden Welling,DELETE (phantom),17176,Utah Valley,33198,UC Irvine
5107161,2024,Hayden Welling,KEEP (bbref=UC Irvine),48777,UC Irvine,,
5107161,2024,Hayden Welling,DELETE (phantom),17177,Utah Valley,48777,UC Irvine
5105571,2023,Henri Veesaar,KEEP (bbref=Arizona),29262,Arizona,,
5105571,2023,Henri Veesaar,DELETE (phantom),17185,North Carolina,29262,Arizona
5105571,2025,Henri Veesaar,KEEP (bbref=Arizona),49627,Arizona,,
5105571,2025,Henri Veesaar,DELETE (phantom),17187,North Carolina,49627,Arizona
4709140,2022,Hercy Miller,KEEP (bbref=Tennessee State),28284,Tennessee State,,
4709140,2022,Hercy Miller,DELETE (phantom),17200,New Orleans,28284,Tennessee State
4709140,2023,Hercy Miller,KEEP (bbref=Louisville),31102,Louisville,,
4709140,2023,Hercy Miller,DELETE (phantom),17201,New Orleans,31102,Louisville
4709140,2024,Hercy Miller,KEEP (bbref=Louisville),46702,Louisville,,
4709140,2024,Hercy Miller,DELETE (phantom),17202,New Orleans,46702,Louisville
4709140,2025,Hercy Miller,UNRESOLVED (no bbref row),17203,New Orleans,,
4709140,2025,Hercy Miller,UNRESOLVED (no bbref row),53237,Southern Utah,,
5240370,2025,Holden Pierre-Louis,UNRESOLVED (no bbref row),17210,Cleveland State,,
5240370,2025,Holden Pierre-Louis,UNRESOLVED (no bbref row),53422,Temple,,
4897365,2022,Honor Huff,UNRESOLVED (no bbref row),17212,West Virginia,,
4897365,2022,Honor Huff,UNRESOLVED (no bbref row),28762,VMI,,
4897365,2024,Honor Huff,KEEP (bbref=Chattanooga),45496,Chattanooga,,
4897365,2024,Honor Huff,DELETE (phantom),17214,West Virginia,45496,Chattanooga
4897365,2025,Honor Huff,KEEP (bbref=Chattanooga),50140,Chattanooga,,
4897365,2025,Honor Huff,DELETE (phantom),17215,West Virginia,50140,Chattanooga
4593883,2024,Hosana Kitenge,KEEP (bbref=Louisiana),46668,Louisiana,,
4593883,2024,Hosana Kitenge,DELETE (phantom),17219,UC Santa Barbara,46668,Louisiana
4709141,2022,Houston Mallette,UNRESOLVED (no bbref row),27524,Pepperdine,,
4709141,2022,Houston Mallette,UNRESOLVED (no bbref row),17230,Alabama,,
4709141,2023,Houston Mallette,KEEP (bbref=Pepperdine),32107,Pepperdine,,
4709141,2023,Houston Mallette,DELETE (phantom),17231,Alabama,32107,Pepperdine
4703899,2022,Howie Fleming Jr.,KEEP (bbref=Illinois State),26316,Illinois State,,
4703899,2022,Howie Fleming Jr.,DELETE (phantom),17237,Nevada-Las Vegas,26316,Illinois State
4703899,2023,Howie Fleming Jr.,UNRESOLVED (no bbref row),17238,Nevada-Las Vegas,,
4703899,2023,Howie Fleming Jr.,UNRESOLVED (no bbref row),33771,Winthrop,,
4703899,2025,Howie Fleming Jr.,KEEP (bbref=Texas-Rio Grande Valley),53888,Texas-Rio Grande Valley,,
4703899,2025,Howie Fleming Jr.,DELETE (phantom),17240,Nevada-Las Vegas,53888,Texas-Rio Grande Valley
5239603,2025,Hudson Ward,KEEP (bbref=Penn State),52546,Penn State,,
5239603,2025,Hudson Ward,DELETE (phantom),17246,Western Michigan,52546,Penn State
4701217,2022,Hunter Erickson,KEEP (bbref=Brigham Young),25072,Brigham Young,,
4701217,2022,Hunter Erickson,DELETE (phantom),17254,Hawaii,25072,Brigham Young
4701217,2024,Hunter Erickson,KEEP (bbref=Utah),49088,Utah,,
4701217,2024,Hunter Erickson,DELETE (phantom),17256,Hawaii,49088,Utah
4701217,2025,Hunter Erickson,UNRESOLVED (no bbref row),53956,Utah,,
4701217,2025,Hunter Erickson,UNRESOLVED (no bbref row),17257,Hawaii,,
5176181,2024,Hunter Harding,KEEP (bbref=Central Michigan),45451,Central Michigan,,
5176181,2024,Hunter Harding,DELETE (phantom),17259,Indiana State,45451,Central Michigan
5176181,2025,Hunter Harding,KEEP (bbref=Central Michigan),50093,Central Michigan,,
5176181,2025,Hunter Harding,DELETE (phantom),17260,Indiana State,50093,Central Michigan
4898338,2022,IJ Ezuma,UNRESOLVED (no bbref row),17309,Southern,,
4898338,2022,IJ Ezuma,UNRESOLVED (no bbref row),27391,Ohio,,
4898338,2022,IJ Ezuma,UNRESOLVED (no bbref row),17310,Texas State,,
4869770,2025,Ian Jackson,KEEP (bbref=North Carolina),52184,North Carolina,,
4869770,2025,Ian Jackson,DELETE (phantom),17270,St. John's (NY),52184,North Carolina
4897910,2022,Ian Motta,KEEP (bbref=Bucknell),25241,Bucknell,,
4897910,2022,Ian Motta,DELETE (phantom),17272,Denver,25241,Bucknell
4897910,2023,Ian Motta,KEEP (bbref=Bucknell),29573,Bucknell,,
4897910,2023,Ian Motta,DELETE (phantom),17273,Denver,29573,Bucknell
4897910,2024,Ian Motta,KEEP (bbref=Bucknell),45291,Bucknell,,
4897910,2024,Ian Motta,DELETE (phantom),17274,Denver,45291,Bucknell
4897910,2025,Ian Motta,KEEP (bbref=Bucknell),49912,Bucknell,,
4897910,2025,Ian Motta,DELETE (phantom),17275,Denver,49912,Bucknell
5105645,2023,Iaroslav Niagu,KEEP (bbref=Southern California),33385,Southern California,,
5105645,2023,Iaroslav Niagu,DELETE (phantom),17287,Jacksonville State,33385,Southern California
5105645,2024,Iaroslav Niagu,KEEP (bbref=Charlotte),45493,Charlotte,,
5105645,2024,Iaroslav Niagu,DELETE (phantom),17288,Jacksonville State,45493,Charlotte
5174559,2025,Ibrahim Souare,KEEP (bbref=Georgia Tech),50864,Georgia Tech,,
5174559,2025,Ibrahim Souare,DELETE (phantom),17293,Syracuse,50864,Georgia Tech
5107514,2023,Ibu Yamazaki,UNRESOLVED (no bbref row),17296,Northern Colorado,,
5107514,2023,Ibu Yamazaki,UNRESOLVED (no bbref row),32256,Radford,,
5107514,2025,Ibu Yamazaki,KEEP (bbref=Radford),52716,Radford,,
5107514,2025,Ibu Yamazaki,DELETE (phantom),17298,Northern Colorado,52716,Radford
5177145,2024,Ife West-Ingram,KEEP (bbref=Rider),47962,Rider,,
5177145,2024,Ife West-Ingram,DELETE (phantom),17300,Albany (NY),47962,Rider
5177145,2025,Ife West-Ingram,KEEP (bbref=Rider),52769,Rider,,
5177145,2025,Ife West-Ingram,DELETE (phantom),17301,Albany (NY),52769,Rider
5107141,2023,Ifeanyi Ufochukwu,UNRESOLVED (no bbref row),17303,Duke,,
5107141,2023,Ifeanyi Ufochukwu,UNRESOLVED (no bbref row),32280,Rice,,
5107141,2024,Ifeanyi Ufochukwu,KEEP (bbref=Rice),47929,Rice,,
5107141,2024,Ifeanyi Ufochukwu,DELETE (phantom),17304,Duke,47929,Rice
4684158,2023,Ike Cornish,KEEP (bbref=Maryland),31234,Maryland,,
4684158,2023,Ike Cornish,DELETE (phantom),17318,James Madison,31234,Maryland
4684158,2024,Ike Cornish,KEEP (bbref=Ohio),47593,Ohio,,
4684158,2024,Ike Cornish,DELETE (phantom),17319,James Madison,47593,Ohio
4684158,2025,Ike Cornish,KEEP (bbref=Nicholls State),52120,Nicholls State,,
4684158,2025,Ike Cornish,DELETE (phantom),17320,James Madison,52120,Nicholls State
4898165,2023,Imanuel Zorgvol,UNRESOLVED (no bbref row),31864,Northern Kentucky,,
4898165,2023,Imanuel Zorgvol,UNRESOLVED (no bbref row),17326,Youngstown State,,
4433614,2022,Isa Silva,KEEP (bbref=Stanford),28181,Stanford,,
4433614,2022,Isa Silva,DELETE (phantom),17333,San Francisco,28181,Stanford
4433614,2023,Isa Silva,KEEP (bbref=Stanford),32818,Stanford,,
4433614,2023,Isa Silva,DELETE (phantom),17334,San Francisco,32818,Stanford
4433614,2024,Isa Silva,KEEP (bbref=Long Beach State),46634,Long Beach State,,
4433614,2024,Isa Silva,DELETE (phantom),17335,San Francisco,46634,Long Beach State
4897200,2023,Isaac Abidde,UNRESOLVED (no bbref row),17336,Albany (NY),,
4897200,2023,Isaac Abidde,UNRESOLVED (no bbref row),33749,Wichita State,,
4897200,2024,Isaac Abidde,KEEP (bbref=Wichita State),49353,Wichita State,,
4897200,2024,Isaac Abidde,DELETE (phantom),17337,Albany (NY),49353,Wichita State
4897200,2025,Isaac Abidde,KEEP (bbref=Cleveland State),50192,Cleveland State,,
4897200,2025,Isaac Abidde,DELETE (phantom),17338,Albany (NY),50192,Cleveland State
5177095,2024,Isaac Brice,KEEP (bbref=Iona),46349,Iona,,
5177095,2024,Isaac Brice,DELETE (phantom),17345,Portland State,46349,Iona
5105472,2023,Isaac Finlinson,UNRESOLVED (no bbref row),17356,Hawaii,,
5105472,2023,Isaac Finlinson,UNRESOLVED (no bbref row),33474,Utah Tech,,
5108762,2023,Isaac Jack,UNRESOLVED (no bbref row),17371,Pacific,,
5108762,2023,Isaac Jack,UNRESOLVED (no bbref row),29587,Buffalo,,
5108762,2024,Isaac Jack,KEEP (bbref=Dayton),45690,Dayton,,
5108762,2024,Isaac Jack,DELETE (phantom),17372,Pacific,45690,Dayton
5108762,2025,Isaac Jack,KEEP (bbref=Dayton),50337,Dayton,,
5108762,2025,Isaac Jack,DELETE (phantom),17373,Pacific,50337,Dayton
4898118,2022,Isaac Johnson,UNRESOLVED (no bbref row),17375,Hawaii,,
4898118,2022,Isaac Johnson,UNRESOLVED (no bbref row),38234,Oregon,,
4898118,2024,Isaac Johnson,UNRESOLVED (no bbref row),17377,Hawaii,,
4898118,2024,Isaac Johnson,UNRESOLVED (no bbref row),49058,Utah State,,
4712845,2023,Isaac McKneely,KEEP (bbref=Virginia),33581,Virginia,,
4712845,2023,Isaac McKneely,DELETE (phantom),17383,Louisville,33581,Virginia
4712845,2024,Isaac McKneely,UNRESOLVED (no bbref row),49185,Virginia,,
4712845,2024,Isaac McKneely,UNRESOLVED (no bbref row),17384,Louisville,,
5176218,2024,Isaac Taveras,UNRESOLVED (no bbref row),17394,Southern,,
5176218,2024,Isaac Taveras,UNRESOLVED (no bbref row),17395,Texas State,,
5241366,2025,Isaia Howard,KEEP (bbref=Drake),50422,Drake,,
5241366,2025,Isaia Howard,DELETE (phantom),17404,Iowa,50422,Drake
5093403,2025,Isaiah Abraham,KEEP (bbref=Connecticut),53729,Connecticut,,
5093403,2025,Isaiah Abraham,DELETE (phantom),17406,Georgetown,53729,Connecticut
5105485,2023,Isaiah Barganier,UNRESOLVED (no bbref row),17408,Texas State,,
5105485,2023,Isaiah Barganier,UNRESOLVED (no bbref row),33423,Texas-Rio Grande Valley,,
5105485,2024,Isaiah Barganier,KEEP (bbref=Texas-Rio Grande Valley),34786,Texas-Rio Grande Valley,,
5105485,2024,Isaiah Barganier,DELETE (phantom),17409,Texas State,34786,Texas-Rio Grande Valley
5105485,2025,Isaiah Barganier,UNRESOLVED (no bbref row),17410,Texas State,,
5105485,2025,Isaiah Barganier,UNRESOLVED (no bbref row),53902,Texas-Rio Grande Valley,,
4683946,2022,Isaiah Barnes,KEEP (bbref=Michigan),26851,Michigan,,
4683946,2022,Isaiah Barnes,DELETE (phantom),17411,Valparaiso,26851,Michigan
4683946,2023,Isaiah Barnes,KEEP (bbref=Michigan),31335,Michigan,,
4683946,2023,Isaiah Barnes,DELETE (phantom),17412,Valparaiso,31335,Michigan
4683946,2024,Isaiah Barnes,KEEP (bbref=Tulsa),48716,Tulsa,,
4683946,2024,Isaiah Barnes,DELETE (phantom),17413,Valparaiso,48716,Tulsa
4683946,2025,Isaiah Barnes,KEEP (bbref=Tulsa),53595,Tulsa,,
4683946,2025,Isaiah Barnes,DELETE (phantom),17414,Valparaiso,53595,Tulsa
5107768,2023,Isaiah Brickner,KEEP (bbref=Marist),31185,Marist,,
5107768,2023,Isaiah Brickner,DELETE (phantom),17416,Idaho,31185,Marist
5107768,2024,Isaiah Brickner,KEEP (bbref=Marist),46787,Marist,,
5107768,2024,Isaiah Brickner,DELETE (phantom),17417,Idaho,46787,Marist
5144372,2025,Isaiah Brown,KEEP (bbref=Florida),17421,Florida,,
5144372,2025,Isaiah Brown,DELETE (phantom),17422,Howard,17421,Florida
4712893,2023,Isaiah Carr,KEEP (bbref=Grand Canyon),30550,Grand Canyon,,
4712893,2023,Isaiah Carr,DELETE (phantom),17426,Drake,30550,Grand Canyon
4712893,2024,Isaiah Carr,KEEP (bbref=Denver),45747,Denver,,
4712893,2024,Isaiah Carr,DELETE (phantom),17427,Drake,45747,Denver
4712893,2025,Isaiah Carr,KEEP (bbref=Denver),50392,Denver,,
4712893,2025,Isaiah Carr,DELETE (phantom),17428,Drake,50392,Denver
4884257,2024,Isaiah Coleman,KEEP (bbref=Seton Hall),48250,Seton Hall,,
4884257,2024,Isaiah Coleman,DELETE (phantom),17433,Oklahoma State,48250,Seton Hall
4884257,2025,Isaiah Coleman,KEEP (bbref=Seton Hall),53059,Seton Hall,,
4884257,2025,Isaiah Coleman,DELETE (phantom),17434,Oklahoma State,53059,Seton Hall
4432201,2022,Isaiah Cottrell,UNRESOLVED (no bbref row),17436,Southern Utah,,
4432201,2022,Isaiah Cottrell,UNRESOLVED (no bbref row),28923,West Virginia,,
4432201,2023,Isaiah Cottrell,KEEP (bbref=Nevada-Las Vegas),33366,Nevada-Las Vegas,,
4432201,2023,Isaiah Cottrell,DELETE (phantom),17437,Southern Utah,33366,Nevada-Las Vegas
4432201,2024,Isaiah Cottrell,KEEP (bbref=Nevada-Las Vegas),48968,Nevada-Las Vegas,,
4432201,2024,Isaiah Cottrell,DELETE (phantom),17438,Southern Utah,48968,Nevada-Las Vegas
4432201,2025,Isaiah Cottrell,KEEP (bbref=Nevada-Las Vegas),53839,Nevada-Las Vegas,,
4432201,2025,Isaiah Cottrell,DELETE (phantom),17439,Southern Utah,53839,Nevada-Las Vegas
4869767,2025,Isaiah Elohim,KEEP (bbref=Southern California),53854,Southern California,,
4869767,2025,Isaiah Elohim,DELETE (phantom),17443,Florida Atlantic,53854,Southern California
5106865,2023,Isaiah Gaines,KEEP (bbref=Florida Atlantic),30309,Florida Atlantic,,
5106865,2023,Isaiah Gaines,DELETE (phantom),17448,Southeastern Louisiana,30309,Florida Atlantic
5106865,2024,Isaiah Gaines,KEEP (bbref=Florida Atlantic),45951,Florida Atlantic,,
5106865,2024,Isaiah Gaines,DELETE (phantom),17449,Southeastern Louisiana,45951,Florida Atlantic
5106865,2025,Isaiah Gaines,KEEP (bbref=Radford),52719,Radford,,
5106865,2025,Isaiah Gaines,DELETE (phantom),17450,Southeastern Louisiana,52719,Radford
5176322,2024,Isaiah Griffin,KEEP (bbref=Idaho State),46245,Idaho State,,
5176322,2024,Isaiah Griffin,DELETE (phantom),17452,Western Illinois,46245,Idaho State
5176322,2025,Isaiah Griffin,KEEP (bbref=Idaho State),51051,Idaho State,,
5176322,2025,Isaiah Griffin,DELETE (phantom),17453,Western Illinois,51051,Idaho State
4592702,2024,Isaiah Ihnen,UNRESOLVED (no bbref row),17457,Liberty,,
4592702,2024,Isaiah Ihnen,UNRESOLVED (no bbref row),47022,Minnesota,,
5171688,2025,Isaiah Johnson-Arigu,UNRESOLVED (no bbref row),17461,William & Mary,,
5171688,2025,Isaiah Johnson-Arigu,UNRESOLVED (no bbref row),51783,Miami (FL),,
4067423,2023,Isaiah Jones,KEEP (bbref=Detroit Mercy),30088,Detroit Mercy,,
4067423,2023,Isaiah Jones,DELETE (phantom),17463,South Florida,30088,Detroit Mercy
4067423,2024,Isaiah Jones,KEEP (bbref=Oakland),47577,Oakland,,
4067423,2024,Isaiah Jones,DELETE (phantom),17464,South Florida,47577,Oakland
4067423,2025,Isaiah Jones,UNRESOLVED (no bbref row),52378,Oakland,,
4067423,2025,Isaiah Jones,UNRESOLVED (no bbref row),17465,South Florida,,
5242546,2025,Isaiah Lewis,KEEP (bbref=Little Rock),51447,Little Rock,,
5242546,2025,Isaiah Lewis,DELETE (phantom),17470,Long Beach State,51447,Little Rock
4895786,2025,Isaiah Manning,KEEP (bbref=Texas Christian),53390,Texas Christian,,
4895786,2025,Isaiah Manning,DELETE (phantom),17473,Sam Houston,53390,Texas Christian
5242592,2025,Isaiah Mbeng,KEEP (bbref=William & Mary),54191,William & Mary,,
5242592,2025,Isaiah Mbeng,DELETE (phantom),17475,East Carolina,54191,William & Mary
5121428,2024,Isaiah Miranda,KEEP (bbref=Oklahoma State),47635,Oklahoma State,,
5121428,2024,Isaiah Miranda,DELETE (phantom),17477,Long Island University,47635,Oklahoma State
5121428,2025,Isaiah Miranda,UNRESOLVED (no bbref row),17478,Long Island University,,
5121428,2025,Isaiah Miranda,UNRESOLVED (no bbref row),50921,Green Bay,,
5176412,2024,Isaiah Moses,KEEP (bbref=UC Riverside),48780,UC Riverside,,
5176412,2024,Isaiah Moses,DELETE (phantom),17480,Eastern Washington,48780,UC Riverside
5176412,2025,Isaiah Moses,KEEP (bbref=UC Riverside),53665,UC Riverside,,
5176412,2025,Isaiah Moses,DELETE (phantom),17481,Eastern Washington,53665,UC Riverside
4896885,2023,Isaiah Shaw,KEEP (bbref=Grand Canyon),30547,Grand Canyon,,
4896885,2023,Isaiah Shaw,DELETE (phantom),17485,Northern Arizona,30547,Grand Canyon
4896885,2024,Isaiah Shaw,KEEP (bbref=Grand Canyon),46113,Grand Canyon,,
4896885,2024,Isaiah Shaw,DELETE (phantom),17486,Northern Arizona,46113,Grand Canyon
4896885,2025,Isaiah Shaw,KEEP (bbref=Valparaiso),54005,Valparaiso,,
4896885,2025,Isaiah Shaw,DELETE (phantom),17487,Northern Arizona,54005,Valparaiso
5176403,2024,Isaiah Stafford,UNRESOLVED (no bbref row),17492,Southern Illinois,,
5176403,2024,Isaiah Stafford,UNRESOLVED (no bbref row),49130,Valparaiso,,
4897261,2023,Isaiah Walker,KEEP (bbref=Belmont),29431,Belmont,,
4897261,2023,Isaiah Walker,DELETE (phantom),17500,Xavier,29431,Belmont
4897261,2024,Isaiah Walker,KEEP (bbref=Belmont),45151,Belmont,,
4897261,2024,Isaiah Walker,DELETE (phantom),17501,Xavier,45151,Belmont
4897261,2025,Isaiah Walker,UNRESOLVED (no bbref row),17502,Xavier,,
4897261,2025,Isaiah Walker,UNRESOLVED (no bbref row),49774,Belmont,,
5174970,2024,Isaiah Watts,KEEP (bbref=Washington State),49260,Washington State,,
5174970,2024,Isaiah Watts,DELETE (phantom),17506,Maryland,49260,Washington State
5174970,2025,Isaiah Watts,KEEP (bbref=Washington State),54086,Washington State,,
5174970,2025,Isaiah Watts,DELETE (phantom),17507,Maryland,54086,Washington State
4683784,2024,Isaiah West,UNRESOLVED (no bbref row),17509,Belmont,,
4683784,2024,Isaiah West,UNRESOLVED (no bbref row),49150,Vanderbilt,,
4683784,2025,Isaiah West,UNRESOLVED (no bbref row),17510,Belmont,,
4683784,2025,Isaiah West,UNRESOLVED (no bbref row),52966,Samford,,
5313265,2026,Isaiah Williams,UNRESOLVED (no bbref row),17512,Portland State,,
5313265,2026,Isaiah Williams,UNRESOLVED (no bbref row),17513,Wright State,,
4700973,2022,Isaiah Wilson,UNRESOLVED (no bbref row),17514,Winthrop,,
4700973,2022,Isaiah Wilson,UNRESOLVED (no bbref row),27725,Richmond,,
5238171,2025,Ismael Diouf,UNRESOLVED (no bbref row),17522,Northern Iowa,,
5238171,2025,Ismael Diouf,UNRESOLVED (no bbref row),51986,NC State,,
5178894,2024,Israel Yaw,UNRESOLVED (no bbref row),17528,Campbell,,
5178894,2024,Israel Yaw,UNRESOLVED (no bbref row),46831,Maryland,,
5241596,2025,Ivan Matlekovic,KEEP (bbref=High Point),50966,High Point,,
5241596,2025,Ivan Matlekovic,DELETE (phantom),17533,North Carolina,50966,High Point
5239617,2025,Izaiah Pasha,KEEP (bbref=Delaware),50361,Delaware,,
5239617,2025,Izaiah Pasha,DELETE (phantom),17541,Virginia Tech,50361,Delaware
5107251,2023,Izaiyah Nelson,UNRESOLVED (no bbref row),17543,South Florida,,
5107251,2023,Izaiyah Nelson,UNRESOLVED (no bbref row),29293,Arkansas State,,
5107251,2024,Izaiyah Nelson,UNRESOLVED (no bbref row),17544,South Florida,,
5107251,2024,Izaiyah Nelson,UNRESOLVED (no bbref row),45021,Arkansas State,,
5107251,2025,Izaiyah Nelson,UNRESOLVED (no bbref row),17545,South Florida,,
5107251,2025,Izaiyah Nelson,UNRESOLVED (no bbref row),49647,Arkansas State,,
5176781,2024,Izzy Miles,KEEP (bbref=Tarleton State),48542,Tarleton State,,
5176781,2024,Izzy Miles,DELETE (phantom),17547,Northwestern State,48542,Tarleton State
5176781,2025,Izzy Miles,KEEP (bbref=Tarleton State),53400,Tarleton State,,
5176781,2025,Izzy Miles,DELETE (phantom),17548,Northwestern State,53400,Tarleton State
4897807,2022,J'Quan Ewing,KEEP (bbref=Southern),28100,Southern,,
4897807,2022,J'Quan Ewing,DELETE (phantom),17564,Saint Peter's,28100,Southern
4897807,2023,J'Quan Ewing,KEEP (bbref=Southern),32733,Southern,,
4897807,2023,J'Quan Ewing,DELETE (phantom),17565,Saint Peter's,32733,Southern
4702784,2023,J'Vonne Hadley,KEEP (bbref=Colorado),29897,Colorado,,
4702784,2023,J'Vonne Hadley,DELETE (phantom),17569,Louisville,29897,Colorado
4702784,2024,J'Vonne Hadley,KEEP (bbref=Colorado),45595,Colorado,,
4702784,2024,J'Vonne Hadley,DELETE (phantom),17570,Louisville,45595,Colorado
4683697,2023,J.J. Starling,KEEP (bbref=Notre Dame),31901,Notre Dame,,
4683697,2023,J.J. Starling,DELETE (phantom),17554,Syracuse,31901,Notre Dame
4575837,2022,J.R. Konieczny,KEEP (bbref=Notre Dame),27365,Notre Dame,,
4575837,2022,J.R. Konieczny,DELETE (phantom),17558,Florida Gulf Coast,27365,Notre Dame
4575837,2024,J.R. Konieczny,KEEP (bbref=Notre Dame),47558,Notre Dame,,
4575837,2024,J.R. Konieczny,DELETE (phantom),17560,Florida Gulf Coast,47558,Notre Dame
4575837,2025,J.R. Konieczny,UNRESOLVED (no bbref row),17561,Florida Gulf Coast,,
4575837,2025,J.R. Konieczny,UNRESOLVED (no bbref row),52363,Notre Dame,,
5175808,2024,JJ Chaikovsky,KEEP (bbref=NJIT),47216,NJIT,,
5175808,2024,JJ Chaikovsky,DELETE (phantom),18834,Long Beach State,47216,NJIT
5175063,2024,JJ Taylor,KEEP (bbref=Memphis),46891,Memphis,,
5175063,2024,JJ Taylor,DELETE (phantom),18845,Northern Illinois,46891,Memphis
4596711,2022,JJ Traynor,KEEP (bbref=Louisville),26638,Louisville,,
4596711,2022,JJ Traynor,DELETE (phantom),18848,Murray State,26638,Louisville
4596711,2023,JJ Traynor,KEEP (bbref=Louisville),31097,Louisville,,
4596711,2023,JJ Traynor,DELETE (phantom),18849,Murray State,31097,Louisville
4596711,2024,JJ Traynor,KEEP (bbref=Louisville),46695,Louisville,,
4596711,2024,JJ Traynor,DELETE (phantom),18850,Murray State,46695,Louisville
4596711,2025,JJ Traynor,KEEP (bbref=DePaul),50354,DePaul,,
4596711,2025,JJ Traynor,DELETE (phantom),18851,Murray State,50354,DePaul
5107260,2023,JJ White,KEEP (bbref=Omaha),32006,Omaha,,
5107260,2023,JJ White,DELETE (phantom),18855,Baylor,32006,Omaha
5107260,2024,JJ White,KEEP (bbref=Omaha),47656,Omaha,,
5107260,2024,JJ White,DELETE (phantom),18856,Baylor,47656,Omaha
5107260,2025,JJ White,UNRESOLVED (no bbref row),18857,Baylor,,
5107260,2025,JJ White,UNRESOLVED (no bbref row),52463,Omaha,,
5093142,2024,JP Estrella,DELETE (exact dup),19364,Tennessee,48586,Tennessee
5093142,2024,JP Estrella,KEEP,48586,Tennessee,,
5093142,2025,JP Estrella,DELETE (exact dup),53462,Tennessee,19365,Tennessee
5093142,2025,JP Estrella,KEEP,19365,Tennessee,,
5107814,2023,JT Elder,UNRESOLVED (no bbref row),19368,Eastern Illinois,,
5107814,2023,JT Elder,UNRESOLVED (no bbref row),32562,San Jose State,,
5061598,2025,JT Rock,KEEP (bbref=Iowa State),51182,Iowa State,,
5061598,2025,JT Rock,DELETE (phantom),19373,New Mexico,51182,Iowa State
5143604,2024,JT Toppin,KEEP (bbref=New Mexico),47265,New Mexico,,
5143604,2024,JT Toppin,DELETE (phantom),19375,Texas Tech,47265,New Mexico
5240392,2025,Ja'Borri McGhee,KEEP (bbref=UAB),53609,UAB,,
5240392,2025,Ja'Borri McGhee,DELETE (phantom),17573,Mississippi State,53609,UAB
5107968,2023,Ja'Kobi Gillespie,KEEP (bbref=Belmont),29427,Belmont,,
5107968,2023,Ja'Kobi Gillespie,DELETE (phantom),17581,Tennessee,29427,Belmont
5107968,2024,Ja'Kobi Gillespie,KEEP (bbref=Belmont),45146,Belmont,,
5107968,2024,Ja'Kobi Gillespie,DELETE (phantom),17582,Tennessee,45146,Belmont
5107968,2025,Ja'Kobi Gillespie,KEEP (bbref=Maryland),51669,Maryland,,
5107968,2025,Ja'Kobi Gillespie,DELETE (phantom),17583,Tennessee,51669,Maryland
4702026,2022,Ja'Quavian Florence,KEEP (bbref=Charleston Southern),25382,Charleston Southern,,
4702026,2022,Ja'Quavian Florence,DELETE (phantom),17585,Tennessee Tech,25382,Charleston Southern
4848644,2024,JaQualon Roberts,UNRESOLVED (no bbref row),18285,Davidson,,
4848644,2024,JaQualon Roberts,UNRESOLVED (no bbref row),49151,Vanderbilt,,
4848644,2025,JaQualon Roberts,KEEP (bbref=Vanderbilt),54027,Vanderbilt,,
4848644,2025,JaQualon Roberts,DELETE (phantom),18286,Davidson,54027,Vanderbilt
5194058,2024,JaVar Daniel,UNRESOLVED (no bbref row),18392,West Georgia,,
5194058,2024,JaVar Daniel,UNRESOLVED (no bbref row),45088,Austin Peay,,
5194058,2025,JaVar Daniel,UNRESOLVED (no bbref row),18393,West Georgia,,
5194058,2025,JaVar Daniel,UNRESOLVED (no bbref row),49724,Austin Peay,,
5107997,2023,JaVaughn Hannah,UNRESOLVED (no bbref row),33731,Western Michigan,,
5107997,2023,JaVaughn Hannah,UNRESOLVED (no bbref row),18395,San Jose State,,
5107997,2024,JaVaughn Hannah,KEEP (bbref=Western Michigan),49335,Western Michigan,,
5107997,2024,JaVaughn Hannah,DELETE (phantom),18396,San Jose State,49335,Western Michigan
5107997,2025,JaVaughn Hannah,UNRESOLVED (no bbref row),54158,Western Michigan,,
5107997,2025,JaVaughn Hannah,UNRESOLVED (no bbref row),18397,San Jose State,,
5107167,2023,Jac Mani,KEEP (bbref=UC Davis),33177,UC Davis,,
5107167,2023,Jac Mani,DELETE (phantom),17597,Fresno State,33177,UC Davis
5107167,2024,Jac Mani,KEEP (bbref=UC Davis),48761,UC Davis,,
5107167,2024,Jac Mani,DELETE (phantom),17598,Fresno State,48761,UC Davis
5107167,2025,Jac Mani,KEEP (bbref=UC Davis),53644,UC Davis,,
5107167,2025,Jac Mani,DELETE (phantom),17599,Fresno State,53644,UC Davis
5107078,2023,Jacari Lane,KEEP (bbref=North Alabama),31678,North Alabama,,
5107078,2023,Jacari Lane,DELETE (phantom),17602,Texas A&M,31678,North Alabama
5107078,2024,Jacari Lane,KEEP (bbref=North Alabama),47343,North Alabama,,
5107078,2024,Jacari Lane,DELETE (phantom),17603,Texas A&M,47343,North Alabama
5107078,2025,Jacari Lane,KEEP (bbref=North Alabama),52142,North Alabama,,
5107078,2025,Jacari Lane,DELETE (phantom),17604,Texas A&M,52142,North Alabama
5107274,2023,Jacari White,KEEP (bbref=North Dakota State),31757,North Dakota State,,
5107274,2023,Jacari White,DELETE (phantom),17606,Virginia,31757,North Dakota State
5107274,2024,Jacari White,KEEP (bbref=North Dakota State),47414,North Dakota State,,
5107274,2024,Jacari White,DELETE (phantom),17607,Virginia,47414,North Dakota State
5107274,2025,Jacari White,KEEP (bbref=North Dakota State),52212,North Dakota State,,
5107274,2025,Jacari White,DELETE (phantom),17608,Virginia,52212,North Dakota State
4611541,2022,Jace Howard,KEEP (bbref=Michigan),26848,Michigan,,
4611541,2022,Jace Howard,DELETE (phantom),17610,Fordham,26848,Michigan
4611541,2024,Jace Howard,UNRESOLVED (no bbref row),17612,Fordham,,
4611541,2024,Jace Howard,UNRESOLVED (no bbref row),46979,Michigan,,
5107474,2023,Jace Whiting,KEEP (bbref=Boise State),29471,Boise State,,
5107474,2023,Jace Whiting,DELETE (phantom),17620,Weber State,29471,Boise State
5107474,2024,Jace Whiting,KEEP (bbref=Boise State),45190,Boise State,,
5107474,2024,Jace Whiting,DELETE (phantom),17621,Weber State,45190,Boise State
5107474,2025,Jace Whiting,UNRESOLVED (no bbref row),17622,Weber State,,
5107474,2025,Jace Whiting,UNRESOLVED (no bbref row),53842,Nevada-Las Vegas,,
5107976,2023,Jack Doumbia Jr.,KEEP (bbref=Norfolk State),31669,Norfolk State,,
5107976,2023,Jack Doumbia Jr.,DELETE (phantom),17645,Towson,31669,Norfolk State
5107976,2024,Jack Doumbia Jr.,KEEP (bbref=Norfolk State),47335,Norfolk State,,
5107976,2024,Jack Doumbia Jr.,DELETE (phantom),17646,Towson,47335,Norfolk State
5107976,2025,Jack Doumbia Jr.,UNRESOLVED (no bbref row),17647,Towson,,
5107976,2025,Jack Doumbia Jr.,UNRESOLVED (no bbref row),54245,Wright State,,
4701032,2021,Jack Forrest,UNRESOLVED (no bbref row),96169,Columbia,,
4701032,2021,Jack Forrest,UNRESOLVED (no bbref row),98809,Saint Joseph's,,
5174630,2024,Jack Graham,KEEP (bbref=Richmond),47949,Richmond,,
5174630,2024,Jack Graham,DELETE (phantom),17656,New Hampshire,47949,Richmond
5174630,2025,Jack Graham,KEEP (bbref=Richmond),52763,Richmond,,
5174630,2025,Jack Graham,DELETE (phantom),17657,New Hampshire,52763,Richmond
5106735,2023,Jack Karasinski,UNRESOLVED (no bbref row),17661,Bellarmine,,
5106735,2023,Jack Karasinski,UNRESOLVED (no bbref row),33759,William & Mary,,
5106735,2024,Jack Karasinski,KEEP (bbref=William & Mary),49363,William & Mary,,
5106735,2024,Jack Karasinski,DELETE (phantom),17662,Bellarmine,49363,William & Mary
5107563,2024,Jack Payne,KEEP (bbref=Colorado State),45619,Colorado State,,
5107563,2024,Jack Payne,DELETE (phantom),17671,Idaho,45619,Colorado State
5241313,2025,Jack Sawyer,KEEP (bbref=Abilene Christian),49485,Abilene Christian,,
5241313,2025,Jack Sawyer,DELETE (phantom),17678,Grand Canyon,49485,Abilene Christian
4888720,2023,Jack Scott,UNRESOLVED (no bbref row),17679,Duke,,
4888720,2023,Jack Scott,UNRESOLVED (no bbref row),32192,Princeton,,
4888720,2024,Jack Scott,KEEP (bbref=Princeton),47826,Princeton,,
4888720,2024,Jack Scott,DELETE (phantom),17680,Duke,47826,Princeton
4888720,2025,Jack Scott,UNRESOLVED (no bbref row),17681,Duke,,
4888720,2025,Jack Scott,UNRESOLVED (no bbref row),52651,Princeton,,
5239629,2025,Jack Turner,KEEP (bbref=Loyola (IL)),51548,Loyola (IL),,
5239629,2025,Jack Turner,DELETE (phantom),17690,Oral Roberts,51548,Loyola (IL)
5241957,2025,Jack Whitbourn,KEEP (bbref=UC Riverside),53672,UC Riverside,,
5241957,2025,Jack Whitbourn,DELETE (phantom),17692,Fordham,53672,UC Riverside
5106619,2024,Jackson Benigni,KEEP (bbref=Stonehill),48493,Stonehill,,
5106619,2024,Jackson Benigni,DELETE (phantom),17695,Binghamton,48493,Stonehill
5106449,2023,Jackson Fields,UNRESOLVED (no bbref row),17704,West Virginia,,
5106449,2023,Jackson Fields,UNRESOLVED (no bbref row),33109,Troy,,
5106449,2024,Jackson Fields,KEEP (bbref=Troy),48689,Troy,,
5106449,2024,Jackson Fields,DELETE (phantom),17705,West Virginia,48689,Troy
5106449,2025,Jackson Fields,KEEP (bbref=Troy),53565,Troy,,
5106449,2025,Jackson Fields,DELETE (phantom),17706,West Virginia,53565,Troy
5105542,2023,Jackson Francois,UNRESOLVED (no bbref row),31434,Missouri,,
5105542,2023,Jackson Francois,UNRESOLVED (no bbref row),17708,Arizona,,
5105542,2024,Jackson Francois,KEEP (bbref=Missouri),47089,Missouri,,
5105542,2024,Jackson Francois,DELETE (phantom),17709,Arizona,47089,Missouri
5107317,2023,Jackson Paveletzke,UNRESOLVED (no bbref row),17739,Ohio,,
5107317,2023,Jackson Paveletzke,UNRESOLVED (no bbref row),33792,Wofford,,
5107317,2024,Jackson Paveletzke,KEEP (bbref=Iowa State),46372,Iowa State,,
5107317,2024,Jackson Paveletzke,DELETE (phantom),17740,Ohio,46372,Iowa State
4870563,2025,Jackson Skipper,UNRESOLVED (no bbref row),17749,Vermont,,
4870563,2025,Jackson Skipper,UNRESOLVED (no bbref row),52480,Oral Roberts,,
5108991,2023,Jacob Conner,KEEP (bbref=Marshall),31217,Marshall,,
5108991,2023,Jacob Conner,DELETE (phantom),17758,Dayton,31217,Marshall
5108991,2024,Jacob Conner,KEEP (bbref=Marshall),46814,Marshall,,
5108991,2024,Jacob Conner,DELETE (phantom),17759,Dayton,46814,Marshall
4432515,2022,Jacob Crews,UNRESOLVED (no bbref row),17762,Missouri,,
4432515,2022,Jacob Crews,UNRESOLVED (no bbref row),27250,North Florida,,
4432515,2024,Jacob Crews,KEEP (bbref=Tennessee-Martin),34764,Tennessee-Martin,,
4432515,2024,Jacob Crews,DELETE (phantom),17764,Missouri,34764,Tennessee-Martin
5111629,2025,Jacob Dar,KEEP (bbref=Rice),52741,Rice,,
5111629,2025,Jacob Dar,DELETE (phantom),17769,Seton Hall,52741,Rice
5241489,2025,Jacob Hogarth,KEEP (bbref=Iona),51156,Iona,,
5241489,2025,Jacob Hogarth,DELETE (phantom),17773,Gardner-Webb,51156,Iona
5176795,2024,Jacob Meyer,KEEP (bbref=Coastal Carolina),45563,Coastal Carolina,,
5176795,2024,Jacob Meyer,DELETE (phantom),17785,UAB,45563,Coastal Carolina
5176795,2025,Jacob Meyer,KEEP (bbref=DePaul),50350,DePaul,,
5176795,2025,Jacob Meyer,DELETE (phantom),17786,UAB,50350,DePaul
4703983,2022,Jacob Ognacevic,KEEP (bbref=Lipscomb),37131,Lipscomb,,
4703983,2022,Jacob Ognacevic,DELETE (phantom),17788,Washington,37131,Lipscomb
4703983,2023,Jacob Ognacevic,KEEP (bbref=Lipscomb),30998,Lipscomb,,
4703983,2023,Jacob Ognacevic,DELETE (phantom),17789,Washington,30998,Lipscomb
4703983,2025,Jacob Ognacevic,KEEP (bbref=Lipscomb),51428,Lipscomb,,
4703983,2025,Jacob Ognacevic,DELETE (phantom),17791,Washington,51428,Lipscomb
5176286,2024,Jacob Theodosiou,KEEP (bbref=Wyoming),49431,Wyoming,,
5176286,2024,Jacob Theodosiou,DELETE (phantom),17795,Loyola (MD),49431,Wyoming
5108070,2023,Jacob Wilson,KEEP (bbref=Louisiana-Monroe),33286,Louisiana-Monroe,,
5108070,2023,Jacob Wilson,DELETE (phantom),17801,Morehead State,33286,Louisiana-Monroe
5108070,2024,Jacob Wilson,KEEP (bbref=Louisiana-Monroe),48885,Louisiana-Monroe,,
5108070,2024,Jacob Wilson,DELETE (phantom),17802,Morehead State,48885,Louisiana-Monroe
5108070,2025,Jacob Wilson,KEEP (bbref=Louisiana-Monroe),53748,Louisiana-Monroe,,
5108070,2025,Jacob Wilson,DELETE (phantom),17803,Morehead State,53748,Louisiana-Monroe
4845378,2024,Jacoi Hutchinson,KEEP (bbref=George Washington),46028,George Washington,,
4845378,2024,Jacoi Hutchinson,DELETE (phantom),17808,Longwood,46028,George Washington
4845378,2025,Jacoi Hutchinson,UNRESOLVED (no bbref row),17809,Longwood,,
4845378,2025,Jacoi Hutchinson,UNRESOLVED (no bbref row),50790,George Washington,,
5238222,2025,Jacolb Fredson-Cole,UNRESOLVED (no bbref row),17811,McNeese,,
5238222,2025,Jacolb Fredson-Cole,UNRESOLVED (no bbref row),52413,Oklahoma,,
4432737,2023,Jaden Bradley,UNRESOLVED (no bbref row),17819,Arizona,,
4432737,2023,Jaden Bradley,UNRESOLVED (no bbref row),29168,Alabama,,
5243241,2025,Jaden Brownell,UNRESOLVED (no bbref row),17823,Southern California,,
5243241,2025,Jaden Brownell,UNRESOLVED (no bbref row),52958,Samford,,
5107209,2023,Jaden Clayton,KEEP (bbref=Maine),31157,Maine,,
5107209,2023,Jaden Clayton,DELETE (phantom),17825,Pacific,31157,Maine
5107209,2024,Jaden Clayton,KEEP (bbref=Maine),46752,Maine,,
5107209,2024,Jaden Clayton,DELETE (phantom),17826,Pacific,46752,Maine
5107209,2025,Jaden Clayton,KEEP (bbref=Maine),51585,Maine,,
5107209,2025,Jaden Clayton,DELETE (phantom),17827,Pacific,51585,Maine
4898212,2022,Jaden Cooper,KEEP (bbref=Columbia),25536,Columbia,,
4898212,2022,Jaden Cooper,DELETE (phantom),17829,Maryland,25536,Columbia
4898212,2023,Jaden Cooper,KEEP (bbref=Columbia),29933,Columbia,,
4898212,2023,Jaden Cooper,DELETE (phantom),17830,Maryland,29933,Columbia
4898212,2024,Jaden Cooper,KEEP (bbref=Columbia),45629,Columbia,,
4898212,2024,Jaden Cooper,DELETE (phantom),17831,Maryland,45629,Columbia
4898212,2025,Jaden Cooper,UNRESOLVED (no bbref row),17832,Maryland,,
4898212,2025,Jaden Cooper,UNRESOLVED (no bbref row),50259,Columbia,,
5107770,2023,Jaden Daughtry,KEEP (bbref=Marist),17834,Marist,,
5107770,2023,Jaden Daughtry,DELETE (phantom),17835,Richmond,17834,Marist
5107770,2024,Jaden Daughtry,KEEP (bbref=Marist),17836,Marist,,
5107770,2024,Jaden Daughtry,DELETE (phantom),17837,Richmond,17836,Marist
5176349,2025,Jaden Daughtry,KEEP (bbref=Indiana State),51130,Indiana State,,
5176349,2025,Jaden Daughtry,DELETE (phantom),17839,Richmond,51130,Indiana State
5176770,2024,Jaden Harris,KEEP (bbref=New Mexico State),34333,New Mexico State,,
5176770,2024,Jaden Harris,DELETE (phantom),17843,Kennesaw State,34333,New Mexico State
5176770,2025,Jaden Harris,KEEP (bbref=New Mexico State),52081,New Mexico State,,
5176770,2025,Jaden Harris,DELETE (phantom),17844,Kennesaw State,52081,New Mexico State
5105821,2023,Jaden Henley,KEEP (bbref=Minnesota),31372,Minnesota,,
5105821,2023,Jaden Henley,DELETE (phantom),17847,Grand Canyon,31372,Minnesota
5105821,2024,Jaden Henley,KEEP (bbref=DePaul),45703,DePaul,,
5105821,2024,Jaden Henley,DELETE (phantom),17848,Grand Canyon,45703,DePaul
5105821,2025,Jaden Henley,KEEP (bbref=Nevada-Las Vegas),53831,Nevada-Las Vegas,,
5105821,2025,Jaden Henley,DELETE (phantom),17849,Grand Canyon,53831,Nevada-Las Vegas
5240616,2025,Jaden Johnson,UNRESOLVED (no bbref row),17853,La Salle,,
5240616,2025,Jaden Johnson,UNRESOLVED (no bbref row),17854,Maryland,,
5240616,2025,Jaden Johnson,UNRESOLVED (no bbref row),52434,Old Dominion,,
5107905,2024,Jaden Schertz,KEEP (bbref=Indiana State),46337,Indiana State,,
5107905,2024,Jaden Schertz,DELETE (phantom),17868,Saint Louis,46337,Indiana State
4712846,2023,Jaden Schutt,KEEP (bbref=Duke),30130,Duke,,
4712846,2023,Jaden Schutt,DELETE (phantom),17871,Virginia Tech,30130,Duke
5061597,2025,Jaden Smith,UNRESOLVED (no bbref row),50722,Fordham,,
5061597,2025,Jaden Smith,UNRESOLVED (no bbref row),17876,Saint Joseph's,,
5061605,2025,Jaden Steppe,KEEP (bbref=Colorado State),50250,Colorado State,,
5061605,2025,Jaden Steppe,DELETE (phantom),17878,Montana State,50250,Colorado State
4611534,2022,Jadon Jones,UNRESOLVED (no bbref row),17890,Oklahoma,,
4611534,2022,Jadon Jones,UNRESOLVED (no bbref row),37158,Long Beach State,,
4611534,2023,Jadon Jones,KEEP (bbref=Long Beach State),31029,Long Beach State,,
4611534,2023,Jadon Jones,DELETE (phantom),17891,Oklahoma,31029,Long Beach State
4611534,2024,Jadon Jones,KEEP (bbref=Long Beach State),46628,Long Beach State,,
4611534,2024,Jadon Jones,DELETE (phantom),17892,Oklahoma,46628,Long Beach State
4701030,2022,Jadrian Tracey,KEEP (bbref=Saint Joseph's),27860,Saint Joseph's,,
4701030,2022,Jadrian Tracey,DELETE (phantom),17895,Virginia Commonwealth,27860,Saint Joseph's
4701030,2024,Jadrian Tracey,KEEP (bbref=Oregon),47688,Oregon,,
4701030,2024,Jadrian Tracey,DELETE (phantom),17897,Virginia Commonwealth,47688,Oregon
4701030,2025,Jadrian Tracey,UNRESOLVED (no bbref row),17898,Virginia Commonwealth,,
4701030,2025,Jadrian Tracey,UNRESOLVED (no bbref row),52493,Oregon,,
5176670,2024,Jae Slack,KEEP (bbref=Northwestern State),47536,Northwestern State,,
5176670,2024,Jae Slack,DELETE (phantom),17901,North Carolina Central,47536,Northwestern State
5107261,2023,Jaeden Marshall,KEEP (bbref=Omaha),32007,Omaha,,
5107261,2023,Jaeden Marshall,DELETE (phantom),17904,La Salle,32007,Omaha
5107261,2024,Jaeden Marshall,KEEP (bbref=Omaha),47658,Omaha,,
5107261,2024,Jaeden Marshall,DELETE (phantom),17905,La Salle,47658,Omaha
5107261,2025,Jaeden Marshall,KEEP (bbref=Niagara),52104,Niagara,,
5107261,2025,Jaeden Marshall,DELETE (phantom),17906,La Salle,52104,Niagara
5239829,2025,Jaehshon Thomas,KEEP (bbref=Charlotte),50129,Charlotte,,
5239829,2025,Jaehshon Thomas,DELETE (phantom),17913,Drake,50129,Charlotte
5105563,2024,Jaelyn Lee,KEEP (bbref=Texas A&M),48602,Texas A&M,,
5105563,2024,Jaelyn Lee,DELETE (phantom),17916,Texas State,48602,Texas A&M
5105563,2025,Jaelyn Lee,KEEP (bbref=Texas A&M),53481,Texas A&M,,
5105563,2025,Jaelyn Lee,DELETE (phantom),17917,Texas State,53481,Texas A&M
5242624,2025,Jagger Bascombe,KEEP (bbref=Marist),51623,Marist,,
5242624,2025,Jagger Bascombe,DELETE (phantom),17919,New Haven,51623,Marist
4433512,2022,Jahari Long,UNRESOLVED (no bbref row),17923,George Mason,,
4433512,2022,Jahari Long,UNRESOLVED (no bbref row),27954,Seton Hall,,
4433512,2023,Jahari Long,KEEP (bbref=Maryland),31232,Maryland,,
4433512,2023,Jahari Long,DELETE (phantom),17924,George Mason,31232,Maryland
4433512,2024,Jahari Long,KEEP (bbref=Maryland),46840,Maryland,,
4433512,2024,Jahari Long,DELETE (phantom),17925,George Mason,46840,Maryland
5176400,2024,Jahari Williamson,UNRESOLVED (no bbref row),17928,Kent State,,
5176400,2024,Jahari Williamson,UNRESOLVED (no bbref row),49133,Valparaiso,,
5176400,2025,Jahari Williamson,KEEP (bbref=Niagara),52107,Niagara,,
5176400,2025,Jahari Williamson,DELETE (phantom),17929,Kent State,52107,Niagara
4848629,2024,Jahmere Tripp,KEEP (bbref=Fordham),45992,Fordham,,
4848629,2024,Jahmere Tripp,DELETE (phantom),17934,Rhode Island,45992,Fordham
4848629,2025,Jahmere Tripp,UNRESOLVED (no bbref row),17935,Rhode Island,,
4848629,2025,Jahmere Tripp,UNRESOLVED (no bbref row),50717,Fordham,,
4711264,2024,Jahnathan Lamothe,KEEP (bbref=Maryland),46846,Maryland,,
4711264,2024,Jahnathan Lamothe,DELETE (phantom),17937,UNC Wilmington,46846,Maryland
4711264,2025,Jahnathan Lamothe,KEEP (bbref=North Carolina A&T),52158,North Carolina A&T,,
4711264,2025,Jahnathan Lamothe,DELETE (phantom),17938,UNC Wilmington,52158,North Carolina A&T
5241384,2025,Jahni Summers,KEEP (bbref=Indiana State),51136,Indiana State,,
5241384,2025,Jahni Summers,DELETE (phantom),17940,Sacramento State,51136,Indiana State
5149117,2025,Jahvin Carter,KEEP (bbref=Penn State),52542,Penn State,,
5149117,2025,Jahvin Carter,DELETE (phantom),17944,Middle Tennessee,52542,Penn State
5242946,2025,Jaiden Feroah,UNRESOLVED (no bbref row),17952,Southern Utah,,
5242946,2025,Jaiden Feroah,UNRESOLVED (no bbref row),50991,Holy Cross,,
5142608,2025,Jaiden Glover-Toscano,UNRESOLVED (no bbref row),17954,Saint Joseph's,,
5142608,2025,Jaiden Glover-Toscano,UNRESOLVED (no bbref row),53274,St. John's (NY),,
5177686,2024,Jaidon Lipscomb,KEEP (bbref=Florida International),45975,Florida International,,
5177686,2024,Jaidon Lipscomb,DELETE (phantom),17959,Cleveland State,45975,Florida International
5177686,2025,Jaidon Lipscomb,UNRESOLVED (no bbref row),17960,Cleveland State,,
5177686,2025,Jaidon Lipscomb,UNRESOLVED (no bbref row),50696,Florida International,,
5177040,2024,Jailen Bedford,KEEP (bbref=Oral Roberts),47667,Oral Roberts,,
5177040,2024,Jailen Bedford,DELETE (phantom),17962,Virginia Tech,47667,Oral Roberts
5177040,2025,Jailen Bedford,KEEP (bbref=Nevada-Las Vegas),53832,Nevada-Las Vegas,,
5177040,2025,Jailen Bedford,DELETE (phantom),17963,Virginia Tech,53832,Nevada-Las Vegas
4895743,2025,Jakai Newton,KEEP (bbref=Indiana),51126,Indiana,,
4895743,2025,Jakai Newton,DELETE (phantom),17972,Georgia State,51126,Indiana
4683741,2023,Jakai Robinson,KEEP (bbref=Miami (FL)),31321,Miami (FL),,
4683741,2023,Jakai Robinson,DELETE (phantom),17974,Bryant,31321,Miami (FL)
4683741,2024,Jakai Robinson,UNRESOLVED (no bbref row),17975,Bryant,,
4683741,2024,Jakai Robinson,UNRESOLVED (no bbref row),46954,Miami (FL),,
5242916,2025,Jakai Sanders,KEEP (bbref=Saint Peter's),52942,Saint Peter's,,
5242916,2025,Jakai Sanders,DELETE (phantom),17978,Le Moyne,52942,Saint Peter's
5176150,2024,Jake Davis,UNRESOLVED (no bbref row),17984,Cal Poly,,
5176150,2024,Jake Davis,UNRESOLVED (no bbref row),17985,Illinois,,
5176150,2024,Jake Davis,UNRESOLVED (no bbref row),46894,Mercer,,
5176150,2025,Jake Davis,KEEP (bbref=Illinois),17987,Illinois,,
5176150,2025,Jake Davis,DELETE (phantom),17986,Cal Poly,17987,Illinois
4903264,2022,Jake Heidbreder,KEEP (bbref=Air Force),24849,Air Force,,
4903264,2022,Jake Heidbreder,DELETE (phantom),18007,Fresno State,24849,Air Force
4903264,2023,Jake Heidbreder,UNRESOLVED (no bbref row),18008,Fresno State,,
4903264,2023,Jake Heidbreder,UNRESOLVED (no bbref row),29117,Air Force,,
4903264,2025,Jake Heidbreder,KEEP (bbref=Clemson),50175,Clemson,,
4903264,2025,Jake Heidbreder,DELETE (phantom),18010,Fresno State,50175,Clemson
4066807,2021,Jake Killingsworth,KEEP (bbref=UC San Diego),99545,UC San Diego,,
4066807,2021,Jake Killingsworth,DELETE (phantom),96170,Columbia,99545,UC San Diego
5174977,2024,Jake Wahlin,KEEP (bbref=Utah),49091,Utah,,
5174977,2024,Jake Wahlin,DELETE (phantom),18024,Clemson,49091,Utah
5174977,2025,Jake Wahlin,UNRESOLVED (no bbref row),18025,Clemson,,
5174977,2025,Jake Wahlin,UNRESOLVED (no bbref row),53954,Utah,,
5177238,2024,Jake Warren,KEEP (bbref=FDU),45921,FDU,,
5177238,2024,Jake Warren,DELETE (phantom),18027,Western Carolina,45921,FDU
5177238,2025,Jake Warren,UNRESOLVED (no bbref row),18028,Western Carolina,,
5177238,2025,Jake Warren,UNRESOLVED (no bbref row),50622,FDU,,
5108082,2024,Jakevion Buckley,KEEP (bbref=Lamar),46552,Lamar,,
5108082,2024,Jakevion Buckley,DELETE (phantom),18033,New Orleans,46552,Lamar
5108082,2025,Jakevion Buckley,KEEP (bbref=Southeastern Louisiana),52806,Southeastern Louisiana,,
5108082,2025,Jakevion Buckley,DELETE (phantom),18034,New Orleans,52806,Southeastern Louisiana
5178199,2025,Jakobi Heady,KEEP (bbref=Central Michigan),50086,Central Michigan,,
5178199,2025,Jakobi Heady,DELETE (phantom),18039,Bethune-Cookman,50086,Central Michigan
4684270,2024,Jaland Lowe,KEEP (bbref=Pittsburgh),47759,Pittsburgh,,
4684270,2024,Jaland Lowe,DELETE (phantom),18046,Kentucky,47759,Pittsburgh
4684270,2025,Jaland Lowe,KEEP (bbref=Pittsburgh),52574,Pittsburgh,,
4684270,2025,Jaland Lowe,DELETE (phantom),18047,Kentucky,52574,Pittsburgh
5108069,2023,Jalen Bolden,KEEP (bbref=Louisiana-Monroe),33287,Louisiana-Monroe,,
5108069,2023,Jalen Bolden,DELETE (phantom),18050,Texas State,33287,Louisiana-Monroe
5108069,2024,Jalen Bolden,KEEP (bbref=Louisiana-Monroe),48882,Louisiana-Monroe,,
5108069,2024,Jalen Bolden,DELETE (phantom),18051,Texas State,48882,Louisiana-Monroe
5108069,2025,Jalen Bolden,UNRESOLVED (no bbref row),18052,Texas State,,
5108069,2025,Jalen Bolden,UNRESOLVED (no bbref row),53744,Louisiana-Monroe,,
4897370,2023,Jalen Breath,KEEP (bbref=UNC Greensboro),33340,UNC Greensboro,,
4897370,2023,Jalen Breath,DELETE (phantom),18053,Ohio,33340,UNC Greensboro
4897370,2024,Jalen Breath,KEEP (bbref=UNC Greensboro),48937,UNC Greensboro,,
4897370,2024,Jalen Breath,DELETE (phantom),18054,Ohio,48937,UNC Greensboro
4897370,2025,Jalen Breath,KEEP (bbref=UNC Greensboro),53804,UNC Greensboro,,
4897370,2025,Jalen Breath,DELETE (phantom),18055,Ohio,53804,UNC Greensboro
4598611,2022,Jalen Celestine,KEEP (bbref=California),35741,California,,
4598611,2022,Jalen Celestine,DELETE (phantom),18058,Cincinnati,35741,California
4598611,2024,Jalen Celestine,KEEP (bbref=California),45378,California,,
4598611,2024,Jalen Celestine,DELETE (phantom),18060,Cincinnati,45378,California
4909271,2024,Jalen Cooper,KEEP (bbref=Cal State Fullerton),45343,Cal State Fullerton,,
4909271,2024,Jalen Cooper,DELETE (phantom),18065,Eastern Kentucky,45343,Cal State Fullerton
5107520,2023,Jalen Forrest,UNRESOLVED (no bbref row),18076,Southeastern Louisiana,,
5107520,2023,Jalen Forrest,UNRESOLVED (no bbref row),32169,Presbyterian,,
5107520,2025,Jalen Forrest,KEEP (bbref=Chicago State),50155,Chicago State,,
5107520,2025,Jalen Forrest,DELETE (phantom),18078,Southeastern Louisiana,50155,Chicago State
5179286,2024,Jalen Griffith,KEEP (bbref=Jacksonville),46403,Jacksonville,,
5179286,2024,Jalen Griffith,DELETE (phantom),18080,Western Michigan,46403,Jacksonville
5241394,2025,Jalen Hampton,UNRESOLVED (no bbref row),18083,Arkansas State,,
5241394,2025,Jalen Hampton,UNRESOLVED (no bbref row),51864,Missouri State,,
4709151,2022,Jalen Haynes,UNRESOLVED (no bbref row),18089,Southern Illinois,,
4709151,2022,Jalen Haynes,UNRESOLVED (no bbref row),18088,Cincinnati,,
4709151,2022,Jalen Haynes,UNRESOLVED (no bbref row),39805,Virginia Tech,,
4709151,2023,Jalen Haynes,KEEP (bbref=East Tennessee State),30167,East Tennessee State,,
4709151,2023,Jalen Haynes,DELETE (phantom),18090,Cincinnati,30167,East Tennessee State
4709151,2023,Jalen Haynes,DELETE (phantom),18091,Southern Illinois,30167,East Tennessee State
4709151,2025,Jalen Haynes,UNRESOLVED (no bbref row),18095,Southern Illinois,,
4709151,2025,Jalen Haynes,UNRESOLVED (no bbref row),18094,Cincinnati,,
4709151,2025,Jalen Haynes,UNRESOLVED (no bbref row),50770,George Mason,,
5313875,2026,Jalen Haynes,KEEP (bbref=Southern Illinois),18097,Southern Illinois,,
5313875,2026,Jalen Haynes,DELETE (phantom),18096,Cincinnati,18097,Southern Illinois
4592869,2023,Jalen Jackson,KEEP (bbref=Texas A&M-Corpus Christi),32997,Texas A&M-Corpus Christi,,
4592869,2023,Jalen Jackson,DELETE (phantom),18098,Butler,32997,Texas A&M-Corpus Christi
5107876,2024,Jalen Jackson,UNRESOLVED (no bbref row),18099,Butler,,
5107876,2024,Jalen Jackson,UNRESOLVED (no bbref row),47864,Purdue Fort Wayne,,
4592869,2025,Jalen Jackson,UNRESOLVED (no bbref row),18100,Butler,,
4592869,2025,Jalen Jackson,UNRESOLVED (no bbref row),54151,Western Kentucky,,
3949215,2016,Jalen Jones,KEEP (bbref=UT Arlington),76748,UT Arlington,,
3949215,2016,Jalen Jones,DELETE (phantom),76357,Texas A&M,76748,UT Arlington
5243271,2025,Jalen Lee,KEEP (bbref=Long Island University),51475,Long Island University,,
5243271,2025,Jalen Lee,DELETE (phantom),18103,Southern Utah,51475,Long Island University
5107607,2023,Jalen Myers,KEEP (bbref=Tennessee-Martin),33407,Tennessee-Martin,,
5107607,2023,Jalen Myers,DELETE (phantom),18105,Hawaii,33407,Tennessee-Martin
5107607,2024,Jalen Myers,KEEP (bbref=Tennessee-Martin),34769,Tennessee-Martin,,
5107607,2024,Jalen Myers,DELETE (phantom),18106,Hawaii,34769,Tennessee-Martin
5107607,2025,Jalen Myers,KEEP (bbref=Norfolk State),52132,Norfolk State,,
5107607,2025,Jalen Myers,DELETE (phantom),18107,Hawaii,52132,Norfolk State
5105453,2023,Jalen Pitre,KEEP (bbref=Pepperdine),32114,Pepperdine,,
5105453,2023,Jalen Pitre,DELETE (phantom),18109,Tennessee State,32114,Pepperdine
5105453,2025,Jalen Pitre,KEEP (bbref=Sacramento State),52858,Sacramento State,,
5105453,2025,Jalen Pitre,DELETE (phantom),18111,Tennessee State,52858,Sacramento State
5105965,2023,Jalen Quinn,KEEP (bbref=Loyola (IL)),31117,Loyola (IL),,
5105965,2023,Jalen Quinn,DELETE (phantom),18113,Drake,31117,Loyola (IL)
5105965,2024,Jalen Quinn,KEEP (bbref=Loyola (IL)),46712,Loyola (IL),,
5105965,2024,Jalen Quinn,DELETE (phantom),18114,Drake,46712,Loyola (IL)
5105965,2025,Jalen Quinn,KEEP (bbref=Loyola (IL)),51542,Loyola (IL),,
5105965,2025,Jalen Quinn,DELETE (phantom),18115,Drake,51542,Loyola (IL)
4711900,2023,Jalen Ricks,UNRESOLVED (no bbref row),18122,Texas-Rio Grande Valley,,
4711900,2023,Jalen Ricks,UNRESOLVED (no bbref row),33751,Wichita State,,
5037874,2025,Jalen Shelley,KEEP (bbref=Southern California),53855,Southern California,,
5037874,2025,Jalen Shelley,DELETE (phantom),18126,Loyola Marymount,53855,Southern California
4690767,2022,Jalen Smith,KEEP (bbref=Southern Methodist),27809,Southern Methodist,,
4690767,2022,Jalen Smith,DELETE (phantom),18128,Rice,27809,Southern Methodist
4690767,2023,Jalen Smith,KEEP (bbref=Southern Methodist),32377,Southern Methodist,,
4690767,2023,Jalen Smith,DELETE (phantom),18129,Rice,32377,Southern Methodist
4690767,2024,Jalen Smith,UNRESOLVED (no bbref row),18130,Rice,,
4690767,2024,Jalen Smith,UNRESOLVED (no bbref row),48027,Southern Methodist,,
4704015,2022,Jalen Speer,UNRESOLVED (no bbref row),18133,Marshall,,
4704015,2022,Jalen Speer,UNRESOLVED (no bbref row),25856,Florida A&M,,
4704015,2024,Jalen Speer,KEEP (bbref=Florida A&M),45923,Florida A&M,,
4704015,2024,Jalen Speer,DELETE (phantom),18135,Marshall,45923,Florida A&M
4683147,2022,Jalen Warley,UNRESOLVED (no bbref row),18144,Gonzaga,,
4683147,2022,Jalen Warley,UNRESOLVED (no bbref row),25938,Florida State,,
4683147,2023,Jalen Warley,KEEP (bbref=Florida State),30360,Florida State,,
4683147,2023,Jalen Warley,DELETE (phantom),18145,Gonzaga,30360,Florida State
4433625,2023,Jalen Washington,KEEP (bbref=North Carolina),31730,North Carolina,,
4433625,2023,Jalen Washington,DELETE (phantom),18149,Vanderbilt,31730,North Carolina
4433625,2024,Jalen Washington,KEEP (bbref=North Carolina),47392,North Carolina,,
4433625,2024,Jalen Washington,DELETE (phantom),18150,Vanderbilt,47392,North Carolina
4433625,2025,Jalen Washington,KEEP (bbref=North Carolina),52190,North Carolina,,
4433625,2025,Jalen Washington,DELETE (phantom),18151,Vanderbilt,52190,North Carolina
5101656,2025,Jalil Bethea,KEEP (bbref=Miami (FL)),51777,Miami (FL),,
5101656,2025,Jalil Bethea,DELETE (phantom),18153,Alabama,51777,Miami (FL)
5177699,2024,Jalin Rice,KEEP (bbref=Cleveland State),45558,Cleveland State,,
5177699,2024,Jalin Rice,DELETE (phantom),18156,Nicholls State,45558,Cleveland State
5177699,2025,Jalin Rice,UNRESOLVED (no bbref row),18157,Nicholls State,,
5177699,2025,Jalin Rice,UNRESOLVED (no bbref row),50189,Cleveland State,,
5177538,2024,Jalyke Gaines-Wyatt,UNRESOLVED (no bbref row),44932,Alcorn State,,
5177538,2024,Jalyke Gaines-Wyatt,UNRESOLVED (no bbref row),18158,Hampton,,
5177538,2025,Jalyke Gaines-Wyatt,KEEP (bbref=Alcorn State),49561,Alcorn State,,
5177538,2025,Jalyke Gaines-Wyatt,DELETE (phantom),18159,Hampton,49561,Alcorn State
5108050,2025,Jamai Felt,KEEP (bbref=Bowling Green),49859,Bowling Green,,
5108050,2025,Jamai Felt,DELETE (phantom),18161,Temple,49859,Bowling Green
5107267,2024,Jamal Ambrose,KEEP (bbref=Omaha),47664,Omaha,,
5107267,2024,Jamal Ambrose,DELETE (phantom),18165,Texas A&M-Corpus Christi,47664,Omaha
5176665,2024,Jamal West Jr.,KEEP (bbref=Nicholls State),34369,Nicholls State,,
5176665,2024,Jamal West Jr.,DELETE (phantom),18174,UTEP,34369,Nicholls State
5176665,2025,Jamal West Jr.,KEEP (bbref=Nicholls State),52117,Nicholls State,,
5176665,2025,Jamal West Jr.,DELETE (phantom),18175,UTEP,52117,Nicholls State
5177743,2024,Jamar Brown,KEEP (bbref=Kansas City),46421,Kansas City,,
5177743,2024,Jamar Brown,DELETE (phantom),18177,UCLA,46421,Kansas City
5177743,2025,Jamar Brown,KEEP (bbref=Kansas City),51244,Kansas City,,
5177743,2025,Jamar Brown,DELETE (phantom),18178,UCLA,51244,Kansas City
5105825,2025,Jamarques Lawrence,KEEP (bbref=Rhode Island),52728,Rhode Island,,
5105825,2025,Jamarques Lawrence,DELETE (phantom),18195,Nebraska,52728,Rhode Island
5105846,2023,Jameel Brown,KEEP (bbref=Penn State),32086,Penn State,,
5105846,2023,Jameel Brown,DELETE (phantom),18197,Delaware,32086,Penn State
5105846,2024,Jameel Brown,KEEP (bbref=Penn State),47733,Penn State,,
5105846,2024,Jameel Brown,DELETE (phantom),18198,Delaware,47733,Penn State
5105846,2025,Jameel Brown,KEEP (bbref=Temple),53416,Temple,,
5105846,2025,Jameel Brown,DELETE (phantom),18199,Delaware,53416,Temple
5177232,2024,Jameel Morris,UNRESOLVED (no bbref row),18201,Alcorn State,,
5177232,2024,Jameel Morris,UNRESOLVED (no bbref row),45917,FDU,,
5177232,2025,Jameel Morris,UNRESOLVED (no bbref row),50618,FDU,,
5177232,2025,Jameel Morris,UNRESOLVED (no bbref row),18202,Alcorn State,,
4912212,2022,James Cooper,KEEP (bbref=Oregon),38239,Oregon,,
4912212,2022,James Cooper,DELETE (phantom),18206,Georgia State,38239,Oregon
4912212,2023,James Cooper,KEEP (bbref=Oregon),32045,Oregon,,
4912212,2023,James Cooper,DELETE (phantom),18207,Georgia State,32045,Oregon
4912212,2024,James Cooper,KEEP (bbref=Oregon),47694,Oregon,,
4912212,2024,James Cooper,DELETE (phantom),18208,Georgia State,47694,Oregon
4912212,2025,James Cooper,UNRESOLVED (no bbref row),18209,Georgia State,,
4912212,2025,James Cooper,UNRESOLVED (no bbref row),52500,Oregon,,
5177651,2024,James Dent Jr.,KEEP (bbref=Western Illinois),49304,Western Illinois,,
5177651,2024,James Dent Jr.,DELETE (phantom),18211,Middle Tennessee,49304,Western Illinois
5177651,2025,James Dent Jr.,KEEP (bbref=Northern Illinois),52286,Northern Illinois,,
5177651,2025,James Dent Jr.,DELETE (phantom),18212,Middle Tennessee,52286,Northern Illinois
5243342,2025,James Flippin,UNRESOLVED (no bbref row),50887,Grambling,,
5243342,2025,James Flippin,UNRESOLVED (no bbref row),18216,Alabama A&M,,
4711691,2022,James Graham III,KEEP (bbref=Maryland),37376,Maryland,,
4711691,2022,James Graham III,DELETE (phantom),18219,Alabama A&M,37376,Maryland
4711691,2023,James Graham III,KEEP (bbref=Missouri State),31419,Missouri State,,
4711691,2023,James Graham III,DELETE (phantom),18220,Alabama A&M,31419,Missouri State
4711691,2024,James Graham III,KEEP (bbref=Buffalo),45307,Buffalo,,
4711691,2024,James Graham III,DELETE (phantom),18221,Alabama A&M,45307,Buffalo
5241061,2025,James O'Donnell,KEEP (bbref=San Francisco),53016,San Francisco,,
5241061,2025,James O'Donnell,DELETE (phantom),18230,Portland,53016,San Francisco
4897777,2022,James Okonkwo,UNRESOLVED (no bbref row),18232,Utah,,
4897777,2022,James Okonkwo,UNRESOLVED (no bbref row),28929,West Virginia,,
4897777,2023,James Okonkwo,UNRESOLVED (no bbref row),18233,Utah,,
4897777,2023,James Okonkwo,UNRESOLVED (no bbref row),33680,West Virginia,,
4897777,2024,James Okonkwo,KEEP (bbref=North Carolina),47395,North Carolina,,
4897777,2024,James Okonkwo,DELETE (phantom),18234,Utah,47395,North Carolina
4897777,2025,James Okonkwo,KEEP (bbref=Akron),49510,Akron,,
4897777,2025,James Okonkwo,DELETE (phantom),18235,Utah,49510,Akron
5102798,2024,James Scott,KEEP (bbref=College of Charleston),45460,College of Charleston,,
5102798,2024,James Scott,DELETE (phantom),18237,Mississippi,45460,College of Charleston
5102798,2025,James Scott,UNRESOLVED (no bbref row),18238,Mississippi,,
5102798,2025,James Scott,UNRESOLVED (no bbref row),51527,Louisville,,
5241667,2025,Jamichael Stillwell,KEEP (bbref=Milwaukee),51801,Milwaukee,,
5241667,2025,Jamichael Stillwell,DELETE (phantom),18248,UCF,51801,Milwaukee
5060688,2024,Jamie Kaiser Jr.,KEEP (bbref=Maryland),46841,Maryland,,
5060688,2024,Jamie Kaiser Jr.,DELETE (phantom),18250,Butler,46841,Maryland
5101692,2025,Jamie Vinson,KEEP (bbref=Texas),53492,Texas,,
5101692,2025,Jamie Vinson,DELETE (phantom),18255,Texas A&M,53492,Texas
5239582,2025,Jamil Muttilib,KEEP (bbref=Appalachian State),49602,Appalachian State,,
5239582,2025,Jamil Muttilib,DELETE (phantom),18259,Grambling,49602,Appalachian State
5111919,2025,Jamir Simpson,UNRESOLVED (no bbref row),18264,UTSA,,
5111919,2025,Jamir Simpson,UNRESOLVED (no bbref row),53234,Southern Utah,,
4711257,2024,Jamyron Keller,KEEP (bbref=Oklahoma State),47632,Oklahoma State,,
4711257,2024,Jamyron Keller,DELETE (phantom),18267,Louisiana,47632,Oklahoma State
4711257,2025,Jamyron Keller,UNRESOLVED (no bbref row),18268,Louisiana,,
4711257,2025,Jamyron Keller,UNRESOLVED (no bbref row),52422,Oklahoma State,,
5174984,2024,Jan Vide,KEEP (bbref=UCLA),48846,UCLA,,
5174984,2024,Jan Vide,DELETE (phantom),18270,Loyola Marymount,48846,UCLA
4896378,2022,Jao Ituka,KEEP (bbref=Marist),37313,Marist,,
4896378,2022,Jao Ituka,DELETE (phantom),18279,Northern Illinois,37313,Marist
4896378,2023,Jao Ituka,UNRESOLVED (no bbref row),18280,Northern Illinois,,
4896378,2023,Jao Ituka,UNRESOLVED (no bbref row),33621,Wake Forest,,
4896378,2025,Jao Ituka,KEEP (bbref=Jacksonville State),51217,Jacksonville State,,
4896378,2025,Jao Ituka,DELETE (phantom),18282,Northern Illinois,51217,Jacksonville State
5105593,2023,Jaquan Sanders,UNRESOLVED (no bbref row),18290,Florida A&M,,
5105593,2023,Jaquan Sanders,UNRESOLVED (no bbref row),32604,Seton Hall,,
5105593,2024,Jaquan Sanders,KEEP (bbref=Seton Hall),48252,Seton Hall,,
5105593,2024,Jaquan Sanders,DELETE (phantom),18291,Florida A&M,48252,Seton Hall
5105593,2025,Jaquan Sanders,UNRESOLVED (no bbref row),18292,Florida A&M,,
5105593,2025,Jaquan Sanders,UNRESOLVED (no bbref row),50976,Hofstra,,
5174317,2024,Jaquan Scott,UNRESOLVED (no bbref row),18294,Arkansas-Pine Bluff,,
5174317,2024,Jaquan Scott,UNRESOLVED (no bbref row),47041,Mississippi State,,
5174317,2025,Jaquan Scott,KEEP (bbref=UTSA),53922,UTSA,,
5174317,2025,Jaquan Scott,DELETE (phantom),18295,Arkansas-Pine Bluff,53922,UTSA
5108030,2023,Jaquel Morris,KEEP (bbref=Miami (OH)),31307,Miami (OH),,
5108030,2023,Jaquel Morris,DELETE (phantom),18298,Norfolk State,31307,Miami (OH)
5108030,2024,Jaquel Morris,UNRESOLVED (no bbref row),46938,Miami (OH),,
5108030,2024,Jaquel Morris,UNRESOLVED (no bbref row),18299,Norfolk State,,
5108030,2025,Jaquel Morris,KEEP (bbref=Saint Peter's),52940,Saint Peter's,,
5108030,2025,Jaquel Morris,DELETE (phantom),18300,Norfolk State,52940,Saint Peter's
5106722,2023,Jared Frey,KEEP (bbref=Stony Brook),32866,Stony Brook,,
5106722,2023,Jared Frey,DELETE (phantom),18302,Massachusetts-Lowell,32866,Stony Brook
5106722,2024,Jared Frey,KEEP (bbref=Stony Brook),48510,Stony Brook,,
5106722,2024,Jared Frey,DELETE (phantom),18303,Massachusetts-Lowell,48510,Stony Brook
5106722,2025,Jared Frey,KEEP (bbref=Stony Brook),53356,Stony Brook,,
5106722,2025,Jared Frey,DELETE (phantom),18304,Massachusetts-Lowell,53356,Stony Brook
4702740,2022,Jared Garcia,UNRESOLVED (no bbref row),18306,Nebraska,,
4702740,2022,Jared Garcia,UNRESOLVED (no bbref row),25398,Charlotte,,
4702740,2024,Jared Garcia,KEEP (bbref=Tulsa),48715,Tulsa,,
4702740,2024,Jared Garcia,DELETE (phantom),18308,Nebraska,48715,Tulsa
4702740,2025,Jared Garcia,KEEP (bbref=Tulsa),53593,Tulsa,,
4702740,2025,Jared Garcia,DELETE (phantom),18309,Nebraska,53593,Tulsa
5060710,2025,Jared Harris,KEEP (bbref=Memphis),51718,Memphis,,
5060710,2025,Jared Harris,DELETE (phantom),18311,Wyoming,51718,Memphis
5106717,2023,Jared Turner,KEEP (bbref=Northeastern),31796,Northeastern,,
5106717,2023,Jared Turner,DELETE (phantom),18320,Old Dominion,31796,Northeastern
5106717,2024,Jared Turner,KEEP (bbref=Northeastern),47455,Northeastern,,
5106717,2024,Jared Turner,DELETE (phantom),18321,Old Dominion,47455,Northeastern
5106701,2024,Jaret Valencia,KEEP (bbref=Monmouth),47093,Monmouth,,
5106701,2024,Jaret Valencia,DELETE (phantom),18324,Wichita State,47093,Monmouth
5106701,2025,Jaret Valencia,UNRESOLVED (no bbref row),18325,Wichita State,,
5106701,2025,Jaret Valencia,UNRESOLVED (no bbref row),51894,Monmouth,,
4873181,2024,Jarin Stevenson,UNRESOLVED (no bbref row),18327,North Carolina,,
4873181,2024,Jarin Stevenson,UNRESOLVED (no bbref row),44905,Alabama,,
4873181,2025,Jarin Stevenson,KEEP (bbref=Alabama),49544,Alabama,,
4873181,2025,Jarin Stevenson,DELETE (phantom),18328,North Carolina,49544,Alabama
4703115,2022,Jaron Pierre Jr.,UNRESOLVED (no bbref row),18331,Southern Methodist,,
4703115,2022,Jaron Pierre Jr.,UNRESOLVED (no bbref row),28110,Southern,,
4703115,2023,Jaron Pierre Jr.,UNRESOLVED (no bbref row),18332,Southern Methodist,,
4703115,2023,Jaron Pierre Jr.,UNRESOLVED (no bbref row),33741,Wichita State,,
4703115,2025,Jaron Pierre Jr.,KEEP (bbref=Jacksonville State),51215,Jacksonville State,,
4703115,2025,Jaron Pierre Jr.,DELETE (phantom),18334,Southern Methodist,51215,Jacksonville State
4848642,2024,Jarred Hall,UNRESOLVED (no bbref row),18336,Middle Tennessee,,
4848642,2024,Jarred Hall,UNRESOLVED (no bbref row),48721,Tulsa,,
5143601,2024,Jasai Miles,KEEP (bbref=North Florida),47430,North Florida,,
5143601,2024,Jasai Miles,DELETE (phantom),18339,Indiana,47430,North Florida
5143601,2025,Jasai Miles,KEEP (bbref=North Florida),52223,North Florida,,
5143601,2025,Jasai Miles,DELETE (phantom),18340,Indiana,52223,North Florida
5175589,2025,Jase Butler,KEEP (bbref=Washington),54078,Washington,,
5175589,2025,Jase Butler,DELETE (phantom),18342,Colorado State,54078,Washington
5106739,2023,Jason Drake,KEEP (bbref=Cleveland State),29865,Cleveland State,,
5106739,2023,Jason Drake,DELETE (phantom),18353,Indiana,29865,Cleveland State
5106739,2025,Jason Drake,KEEP (bbref=Drexel),50429,Drexel,,
5106739,2025,Jason Drake,DELETE (phantom),18355,Indiana,50429,Drexel
5175064,2024,Jason Edwards,KEEP (bbref=North Texas),47435,North Texas,,
5175064,2024,Jason Edwards,DELETE (phantom),18356,Providence,47435,North Texas
5175064,2025,Jason Edwards,KEEP (bbref=Vanderbilt),54016,Vanderbilt,,
5175064,2025,Jason Edwards,DELETE (phantom),18357,Providence,54016,Vanderbilt
4710358,2023,Jason Nelson,KEEP (bbref=Richmond),32291,Richmond,,
4710358,2023,Jason Nelson,DELETE (phantom),18364,Youngstown State,32291,Richmond
4710358,2024,Jason Nelson,UNRESOLVED (no bbref row),49111,Virginia Commonwealth,,
4710358,2024,Jason Nelson,UNRESOLVED (no bbref row),18365,Youngstown State,,
5174288,2024,Jason Rivera-Torres,KEEP (bbref=Vanderbilt),49147,Vanderbilt,,
5174288,2024,Jason Rivera-Torres,DELETE (phantom),18368,Monmouth,49147,Vanderbilt
5174288,2025,Jason Rivera-Torres,KEEP (bbref=San Francisco),53015,San Francisco,,
5174288,2025,Jason Rivera-Torres,DELETE (phantom),18369,Monmouth,53015,San Francisco
5177104,2024,Jasper Floyd,UNRESOLVED (no bbref row),18379,West Virginia,,
5177104,2024,Jasper Floyd,UNRESOLVED (no bbref row),45899,Fairfield,,
5177104,2025,Jasper Floyd,KEEP (bbref=North Texas),52236,North Texas,,
5177104,2025,Jasper Floyd,DELETE (phantom),18380,West Virginia,52236,North Texas
5108006,2024,Javan Simmons,KEEP (bbref=Toledo),48660,Toledo,,
5108006,2024,Javan Simmons,DELETE (phantom),18388,Ohio,48660,Toledo
5108006,2025,Javan Simmons,KEEP (bbref=Toledo),53539,Toledo,,
5108006,2025,Javan Simmons,DELETE (phantom),18389,Ohio,53539,Toledo
4701125,2022,Javohn Garcia,KEEP (bbref=Massachusetts),26745,Massachusetts,,
4701125,2022,Javohn Garcia,DELETE (phantom),18403,McNeese,26745,Massachusetts
4703833,2022,Javon Cooley,KEEP (bbref=Marist),37322,Marist,,
4703833,2022,Javon Cooley,DELETE (phantom),18412,Pepperdine,37322,Marist
4703833,2023,Javon Cooley,KEEP (bbref=Marist),31187,Marist,,
4703833,2023,Javon Cooley,DELETE (phantom),18413,Pepperdine,31187,Marist
4703833,2024,Javon Cooley,KEEP (bbref=Marist),46785,Marist,,
4703833,2024,Javon Cooley,DELETE (phantom),18414,Pepperdine,46785,Marist
5113534,2024,Javon Jackson,UNRESOLVED (no bbref row),18418,Murray State,,
5113534,2024,Javon Jackson,UNRESOLVED (no bbref row),49060,Utah State,,
5113534,2025,Javon Jackson,KEEP (bbref=Illinois-Chicago),53732,Illinois-Chicago,,
5113534,2025,Javon Jackson,DELETE (phantom),18419,Murray State,53732,Illinois-Chicago
4693725,2023,Javon Ruffin,KEEP (bbref=Colorado),29900,Colorado,,
4693725,2023,Javon Ruffin,DELETE (phantom),18421,Bowling Green,29900,Colorado
4693725,2024,Javon Ruffin,KEEP (bbref=Colorado),45600,Colorado,,
4693725,2024,Javon Ruffin,DELETE (phantom),18422,Bowling Green,45600,Colorado
4693725,2025,Javon Ruffin,KEEP (bbref=Colorado),50231,Colorado,,
4693725,2025,Javon Ruffin,DELETE (phantom),18423,Bowling Green,50231,Colorado
5176356,2025,Javoy Thompson,UNRESOLVED (no bbref row),18427,Maryland,,
5176356,2025,Javoy Thompson,UNRESOLVED (no bbref row),53798,UNC Asheville,,
5107890,2023,Jaxon Edwards,KEEP (bbref=Murray State),31511,Murray State,,
5107890,2023,Jaxon Edwards,DELETE (phantom),18431,IU Indy,31511,Murray State
5107890,2024,Jaxon Edwards,KEEP (bbref=Valparaiso),49134,Valparaiso,,
5107890,2024,Jaxon Edwards,DELETE (phantom),18432,IU Indy,49134,Valparaiso
5107890,2025,Jaxon Edwards,UNRESOLVED (no bbref row),18433,IU Indy,,
5107890,2025,Jaxon Edwards,UNRESOLVED (no bbref row),53264,St. Bonaventure,,
5106055,2023,Jaxon Ellingsworth,KEEP (bbref=East Carolina),30164,East Carolina,,
5106055,2023,Jaxon Ellingsworth,DELETE (phantom),18435,Arkansas State,30164,East Carolina
5106055,2025,Jaxon Ellingsworth,KEEP (bbref=UT Arlington),53868,UT Arlington,,
5106055,2025,Jaxon Ellingsworth,DELETE (phantom),18437,Arkansas State,53868,UT Arlington
5240934,2025,Jaxon Olvera,KEEP (bbref=Pepperdine),52566,Pepperdine,,
5240934,2025,Jaxon Olvera,DELETE (phantom),18444,Louisiana,52566,Pepperdine
42637,2012,Jay Wey,KEEP (bbref=San Francisco),57673,San Francisco,,
42637,2012,Jay Wey,DELETE (phantom),58291,UC San Diego,57673,San Francisco
5106869,2023,Jayden Brewer,UNRESOLVED (no bbref row),18471,Western Michigan,,
5106869,2023,Jayden Brewer,UNRESOLVED (no bbref row),30351,Florida International,,
5106869,2024,Jayden Brewer,KEEP (bbref=Florida International),45972,Florida International,,
5106869,2024,Jayden Brewer,DELETE (phantom),18472,Western Michigan,45972,Florida International
5106869,2025,Jayden Brewer,KEEP (bbref=Florida International),50682,Florida International,,
5106869,2025,Jayden Brewer,DELETE (phantom),18473,Western Michigan,50682,Florida International
5105964,2023,Jayden Dawson,KEEP (bbref=Loyola (IL)),31116,Loyola (IL),,
5105964,2023,Jayden Dawson,DELETE (phantom),18477,Kansas,31116,Loyola (IL)
5105964,2024,Jayden Dawson,KEEP (bbref=Loyola (IL)),46709,Loyola (IL),,
5105964,2024,Jayden Dawson,DELETE (phantom),18478,Kansas,46709,Loyola (IL)
5105964,2025,Jayden Dawson,UNRESOLVED (no bbref row),18479,Kansas,,
5105964,2025,Jayden Dawson,UNRESOLVED (no bbref row),51537,Loyola (IL),,
5105791,2023,Jayden Epps,KEEP (bbref=Illinois),30735,Illinois,,
5105791,2023,Jayden Epps,DELETE (phantom),18481,Mississippi State,30735,Illinois
5105791,2024,Jayden Epps,KEEP (bbref=Georgetown),46038,Georgetown,,
5105791,2024,Jayden Epps,DELETE (phantom),18482,Mississippi State,46038,Georgetown
5105791,2025,Jayden Epps,UNRESOLVED (no bbref row),18483,Mississippi State,,
5105791,2025,Jayden Epps,UNRESOLVED (no bbref row),50802,Georgetown,,
4897936,2022,Jayden Jackson,UNRESOLVED (no bbref row),18491,Alabama A&M,,
4897936,2022,Jayden Jackson,UNRESOLVED (no bbref row),18492,California Baptist,,
4897936,2022,Jayden Jackson,UNRESOLVED (no bbref row),38000,Northern Arizona,,
4897936,2024,Jayden Jackson,KEEP (bbref=Northern Arizona),47463,Northern Arizona,,
4897936,2024,Jayden Jackson,DELETE (phantom),18495,Alabama A&M,47463,Northern Arizona
4897936,2024,Jayden Jackson,DELETE (phantom),18496,California Baptist,47463,Northern Arizona
4897936,2025,Jayden Jackson,KEEP (bbref=Northern Arizona),52263,Northern Arizona,,
4897936,2025,Jayden Jackson,DELETE (phantom),18497,Alabama A&M,52263,Northern Arizona
4897936,2025,Jayden Jackson,DELETE (phantom),18498,California Baptist,52263,Northern Arizona
4897936,2026,Jayden Jackson,KEEP (bbref=California Baptist),18500,California Baptist,,
4897936,2026,Jayden Jackson,DELETE (phantom),18499,Alabama A&M,18500,California Baptist
4684622,2024,Jayden Lemond,KEEP (bbref=William & Mary),49370,William & Mary,,
4684622,2024,Jayden Lemond,DELETE (phantom),18505,Binghamton,49370,William & Mary
5243056,2025,Jayden Mott,KEEP (bbref=Northern Illinois),52294,Northern Illinois,,
5243056,2025,Jayden Mott,DELETE (phantom),18508,Central Connecticut State,52294,Northern Illinois
5105619,2023,Jayden Pierre,UNRESOLVED (no bbref row),18513,Texas Christian,,
5105619,2023,Jayden Pierre,UNRESOLVED (no bbref row),32206,Providence,,
5105619,2024,Jayden Pierre,UNRESOLVED (no bbref row),18514,Texas Christian,,
5105619,2024,Jayden Pierre,UNRESOLVED (no bbref row),47837,Providence,,
5105619,2025,Jayden Pierre,KEEP (bbref=Providence),52656,Providence,,
5105619,2025,Jayden Pierre,DELETE (phantom),18515,Texas Christian,52656,Providence
5101845,2025,Jayden Quaintance,UNRESOLVED (no bbref row),18517,Kentucky,,
5101845,2025,Jayden Quaintance,UNRESOLVED (no bbref row),49614,Arizona State,,
4895746,2024,Jayden Reid,KEEP (bbref=South Florida),48342,South Florida,,
4895746,2024,Jayden Reid,DELETE (phantom),18519,Northwestern,48342,South Florida
4895746,2024,Jayden Reid,DELETE (phantom),18520,Quinnipiac,48342,South Florida
4895746,2025,Jayden Reid,KEEP (bbref=South Florida),53167,South Florida,,
4895746,2025,Jayden Reid,DELETE (phantom),18522,Quinnipiac,53167,South Florida
4895746,2025,Jayden Reid,DELETE (phantom),18521,Northwestern,53167,South Florida
4895746,2026,Jayden Reid,UNRESOLVED (no bbref row),18523,Northwestern,,
4895746,2026,Jayden Reid,UNRESOLVED (no bbref row),18524,Quinnipiac,,
4432196,2022,Jayden Stone,KEEP (bbref=Grand Canyon),26135,Grand Canyon,,
4432196,2022,Jayden Stone,DELETE (phantom),18530,Missouri,26135,Grand Canyon
4432196,2023,Jayden Stone,KEEP (bbref=Detroit Mercy),30082,Detroit Mercy,,
4432196,2023,Jayden Stone,DELETE (phantom),18531,Missouri,30082,Detroit Mercy
5174976,2024,Jayden Teat,KEEP (bbref=Utah),49089,Utah,,
5174976,2024,Jayden Teat,DELETE (phantom),18536,Sacramento State,49089,Utah
5106241,2023,Jayden Williams,UNRESOLVED (no bbref row),18543,Incarnate Word,,
5106241,2023,Jayden Williams,UNRESOLVED (no bbref row),18542,Georgia Southern,,
5106241,2023,Jayden Williams,UNRESOLVED (no bbref row),18541,Dartmouth,,
5106241,2023,Jayden Williams,UNRESOLVED (no bbref row),18540,Bucknell,,
5106241,2024,Jayden Williams,KEEP (bbref=Dartmouth),18545,Dartmouth,,
5106241,2024,Jayden Williams,DELETE (phantom),18544,Bucknell,18545,Dartmouth
5106241,2024,Jayden Williams,DELETE (phantom),18546,Georgia Southern,18545,Dartmouth
5106241,2024,Jayden Williams,DELETE (phantom),18547,Incarnate Word,18545,Dartmouth
4869785,2025,Jayden Williams,KEEP (bbref=Incarnate Word),18551,Incarnate Word,,
4869785,2025,Jayden Williams,DELETE (phantom),18550,Georgia Southern,18551,Incarnate Word
4711266,2024,Jaydon Young,UNRESOLVED (no bbref row),18557,North Carolina,,
4711266,2024,Jaydon Young,UNRESOLVED (no bbref row),49206,Virginia Tech,,
5060718,2025,Jaye Nash,KEEP (bbref=Tulsa),53601,Tulsa,,
5060718,2025,Jaye Nash,DELETE (phantom),18560,Jacksonville State,53601,Tulsa
5107453,2023,Jayland Randall,UNRESOLVED (no bbref row),18564,New Mexico State,,
5107453,2023,Jayland Randall,UNRESOLVED (no bbref row),29156,Alabama A&M,,
5107453,2024,Jayland Randall,UNRESOLVED (no bbref row),44885,Alabama A&M,,
5107453,2024,Jayland Randall,UNRESOLVED (no bbref row),18565,New Mexico State,,
4685687,2025,Jaylen Carey,KEEP (bbref=Vanderbilt),54020,Vanderbilt,,
4685687,2025,Jaylen Carey,DELETE (phantom),18572,Tennessee,54020,Vanderbilt
4894462,2024,Jaylen Crocker-Johnson,KEEP (bbref=Little Rock),46618,Little Rock,,
4894462,2024,Jaylen Crocker-Johnson,DELETE (phantom),18574,Minnesota,46618,Little Rock
4894462,2025,Jaylen Crocker-Johnson,KEEP (bbref=Colorado State),50243,Colorado State,,
4894462,2025,Jaylen Crocker-Johnson,DELETE (phantom),18575,Minnesota,50243,Colorado State
5174611,2024,Jaylen Curry,UNRESOLVED (no bbref row),46852,Massachusetts,,
5174611,2024,Jaylen Curry,UNRESOLVED (no bbref row),18578,Oklahoma State,,
5174611,2025,Jaylen Curry,KEEP (bbref=Massachusetts),51683,Massachusetts,,
5174611,2025,Jaylen Curry,DELETE (phantom),18579,Oklahoma State,51683,Massachusetts
4845388,2025,Jaylen Jones,UNRESOLVED (no bbref row),18584,Jacksonville,,
4845388,2025,Jaylen Jones,UNRESOLVED (no bbref row),52379,Oakland,,
5176646,2024,Jaylen Searles,UNRESOLVED (no bbref row),49069,Utah Tech,,
5176646,2024,Jaylen Searles,UNRESOLVED (no bbref row),18596,Nicholls State,,
5176209,2024,Jaylen Smith,KEEP (bbref=North Florida),47429,North Florida,,
5176209,2024,Jaylen Smith,DELETE (phantom),18598,East Tennessee State,47429,North Florida
5176209,2025,Jaylen Smith,KEEP (bbref=North Florida),52227,North Florida,,
5176209,2025,Jaylen Smith,DELETE (phantom),18599,East Tennessee State,52227,North Florida
4897704,2022,Jaylen Stinson,KEEP (bbref=James Madison),26443,James Madison,,
4897704,2022,Jaylen Stinson,DELETE (phantom),18601,Merrimack,26443,James Madison
5175974,2024,Jaylin Henderson,KEEP (bbref=Louisiana Tech),46685,Louisiana Tech,,
5175974,2024,Jaylin Henderson,DELETE (phantom),18614,Portland State,46685,Louisiana Tech
4898010,2022,Jaylin Sellers,KEEP (bbref=Ball State),25083,Ball State,,
4898010,2022,Jaylin Sellers,DELETE (phantom),18618,Providence,25083,Ball State
4898010,2023,Jaylin Sellers,KEEP (bbref=Ball State),29383,Ball State,,
4898010,2023,Jaylin Sellers,DELETE (phantom),18619,Providence,29383,Ball State
4898010,2024,Jaylin Sellers,KEEP (bbref=UCF),48821,UCF,,
4898010,2024,Jaylin Sellers,DELETE (phantom),18620,Providence,48821,UCF
5242992,2025,Jaylon Johnson,KEEP (bbref=Tennessee Tech),53441,Tennessee Tech,,
5242992,2025,Jaylon Johnson,DELETE (phantom),18627,Radford,53441,Tennessee Tech
4685682,2024,Jazz Gardner,KEEP (bbref=Nevada),47246,Nevada,,
4685682,2024,Jazz Gardner,DELETE (phantom),18641,Saint Mary's,47246,Nevada
4685682,2025,Jazz Gardner,KEEP (bbref=Pacific),52524,Pacific,,
4685682,2025,Jazz Gardner,DELETE (phantom),18642,Saint Mary's,52524,Pacific
5241608,2025,Je'Shawn Stevenson,KEEP (bbref=Cleveland State),50187,Cleveland State,,
5241608,2025,Je'Shawn Stevenson,DELETE (phantom),18654,North Texas,50187,Cleveland State
5177098,2024,Jean Aranguren,KEEP (bbref=Iona),46342,Iona,,
5177098,2024,Jean Aranguren,DELETE (phantom),18656,George Washington,46342,Iona
5177098,2025,Jean Aranguren,UNRESOLVED (no bbref row),18657,George Washington,,
5177098,2025,Jean Aranguren,UNRESOLVED (no bbref row),50974,Hofstra,,
5176246,2024,Jefferson De La Cruz Monegro,KEEP (bbref=Western Michigan),49337,Western Michigan,,
5176246,2024,Jefferson De La Cruz Monegro,DELETE (phantom),18667,Cal State Fullerton,49337,Western Michigan
5176246,2025,Jefferson De La Cruz Monegro,KEEP (bbref=Valparaiso),54003,Valparaiso,,
5176246,2025,Jefferson De La Cruz Monegro,DELETE (phantom),18668,Cal State Fullerton,54003,Valparaiso
4702464,2022,Jefferson Koulibaly,UNRESOLVED (no bbref row),18670,Georgia Southern,,
4702464,2022,Jefferson Koulibaly,UNRESOLVED (no bbref row),28898,Washington State,,
4702464,2023,Jefferson Koulibaly,KEEP (bbref=Southern Methodist),32382,Southern Methodist,,
4702464,2023,Jefferson Koulibaly,DELETE (phantom),18671,Georgia Southern,32382,Southern Methodist
4702464,2025,Jefferson Koulibaly,KEEP (bbref=Pacific),52523,Pacific,,
4702464,2025,Jefferson Koulibaly,DELETE (phantom),18673,Georgia Southern,52523,Pacific
5241846,2025,Jemel Jones,KEEP (bbref=Cal State Bakersfield),49963,Cal State Bakersfield,,
5241846,2025,Jemel Jones,DELETE (phantom),18680,New Mexico State,49963,Cal State Bakersfield
5243088,2025,Jerald Colonel,UNRESOLVED (no bbref row),18682,Stephen F. Austin,,
5243088,2025,Jerald Colonel,UNRESOLVED (no bbref row),52337,Northwestern State,,
5176954,2024,Jeremiah Burke,KEEP (bbref=North Dakota State),47418,North Dakota State,,
5176954,2024,Jeremiah Burke,DELETE (phantom),18684,Denver,47418,North Dakota State
5176954,2025,Jeremiah Burke,KEEP (bbref=North Dakota State),52218,North Dakota State,,
5176954,2025,Jeremiah Burke,DELETE (phantom),18685,Denver,52218,North Dakota State
5241260,2025,Jeremiah Cherry,KEEP (bbref=Nevada-Las Vegas),53833,Nevada-Las Vegas,,
5241260,2025,Jeremiah Cherry,DELETE (phantom),18687,Sacramento State,53833,Nevada-Las Vegas
4711262,2025,Jeremiah Johnson,UNRESOLVED (no bbref row),18698,Howard,,
4711262,2025,Jeremiah Johnson,UNRESOLVED (no bbref row),18697,Campbell,,
4711262,2025,Jeremiah Johnson,UNRESOLVED (no bbref row),50913,Green Bay,,
4712865,2023,Jeremiah Nyarko,UNRESOLVED (no bbref row),18702,Sacramento State,,
4712865,2023,Jeremiah Nyarko,UNRESOLVED (no bbref row),32536,San Diego,,
4712865,2025,Jeremiah Nyarko,KEEP (bbref=Stony Brook),53360,Stony Brook,,
4712865,2025,Jeremiah Nyarko,DELETE (phantom),18704,Sacramento State,53360,Stony Brook
4703399,2022,Jeremiah Oden,UNRESOLVED (no bbref row),18706,San Diego State,,
4703399,2022,Jeremiah Oden,UNRESOLVED (no bbref row),29063,Wyoming,,
4703399,2023,Jeremiah Oden,UNRESOLVED (no bbref row),18707,San Diego State,,
4703399,2023,Jeremiah Oden,UNRESOLVED (no bbref row),33819,Wyoming,,
4703399,2024,Jeremiah Oden,KEEP (bbref=DePaul),45705,DePaul,,
4703399,2024,Jeremiah Oden,DELETE (phantom),18708,San Diego State,45705,DePaul
5177097,2024,Jeremiah Quigley,KEEP (bbref=Iona),46340,Iona,,
5177097,2024,Jeremiah Quigley,DELETE (phantom),18711,Binghamton,46340,Iona
5177097,2025,Jeremiah Quigley,UNRESOLVED (no bbref row),18712,Binghamton,,
5177097,2025,Jeremiah Quigley,UNRESOLVED (no bbref row),50782,George Mason,,
5165276,2025,Jeremiah Wilkinson,KEEP (bbref=California),50016,California,,
5165276,2025,Jeremiah Wilkinson,DELETE (phantom),18714,Georgia,50016,California
4701222,2022,Jeremiah Williams,KEEP (bbref=Temple),28266,Temple,,
4701222,2022,Jeremiah Williams,DELETE (phantom),18716,Georgetown,28266,Temple
4701222,2024,Jeremiah Williams,UNRESOLVED (no bbref row),47979,Rutgers,,
4701222,2024,Jeremiah Williams,UNRESOLVED (no bbref row),18718,Georgetown,,
4701222,2025,Jeremiah Williams,KEEP (bbref=Rutgers),52794,Rutgers,,
4701222,2025,Jeremiah Williams,DELETE (phantom),18719,Georgetown,52794,Rutgers
5242401,2025,Jeremy Clayville,UNRESOLVED (no bbref row),18721,NJIT,,
5242401,2025,Jeremy Clayville,UNRESOLVED (no bbref row),52880,Saint Francis (PA),,
5105970,2024,Jeremy Foumena,KEEP (bbref=Rhode Island),47911,Rhode Island,,
5105970,2024,Jeremy Foumena,DELETE (phantom),18732,UCF,47911,Rhode Island
5105970,2025,Jeremy Foumena,UNRESOLVED (no bbref row),18733,UCF,,
5105970,2025,Jeremy Foumena,UNRESOLVED (no bbref row),51840,Mississippi State,,
5176418,2024,Jeremy Lorenz,KEEP (bbref=Wofford),49402,Wofford,,
5176418,2024,Jeremy Lorenz,DELETE (phantom),18735,DePaul,49402,Wofford
5176418,2025,Jeremy Lorenz,UNRESOLVED (no bbref row),18736,DePaul,,
5176418,2025,Jeremy Lorenz,UNRESOLVED (no bbref row),54236,Wofford,,
46598,2012,Jeremy Smith,KEEP (bbref=Nicholls State),56812,Nicholls State,,
46598,2012,Jeremy Smith,DELETE (phantom),58764,West Georgia,56812,Nicholls State
46598,2013,Jeremy Smith,KEEP (bbref=Nicholls State),61438,Nicholls State,,
46598,2013,Jeremy Smith,DELETE (phantom),63293,West Georgia,61438,Nicholls State
4703196,2022,Jeriah Coleman,UNRESOLVED (no bbref row),18738,Nevada,,
4703196,2022,Jeriah Coleman,UNRESOLVED (no bbref row),27845,Saint Francis (PA),,
5105662,2023,Jermaine Ballisager Webb,UNRESOLVED (no bbref row),18743,Portland,,
5105662,2023,Jermaine Ballisager Webb,UNRESOLVED (no bbref row),29214,American,,
5105662,2024,Jermaine Ballisager Webb,UNRESOLVED (no bbref row),18744,Portland,,
5105662,2024,Jermaine Ballisager Webb,UNRESOLVED (no bbref row),44947,American,,
5108930,2023,Jerome Brewer Jr.,KEEP (bbref=East Texas A&M),30183,East Texas A&M,,
5108930,2023,Jerome Brewer Jr.,DELETE (phantom),18753,La Salle,30183,East Texas A&M
5108930,2024,Jerome Brewer Jr.,KEEP (bbref=East Texas A&M),45810,East Texas A&M,,
5108930,2024,Jerome Brewer Jr.,DELETE (phantom),18754,La Salle,45810,East Texas A&M
5107872,2023,Jerome Palm,KEEP (bbref=Valparaiso),33528,Valparaiso,,
5107872,2023,Jerome Palm,DELETE (phantom),18757,Kansas City,33528,Valparaiso
5107872,2024,Jerome Palm,UNRESOLVED (no bbref row),18758,Kansas City,,
5107872,2024,Jerome Palm,UNRESOLVED (no bbref row),49136,Valparaiso,,
5107872,2025,Jerome Palm,UNRESOLVED (no bbref row),18759,Kansas City,,
5107872,2025,Jerome Palm,UNRESOLVED (no bbref row),50950,Hawaii,,
5177358,2024,Jerone Morton,KEEP (bbref=Morehead State),47143,Morehead State,,
5177358,2024,Jerone Morton,DELETE (phantom),18762,Washington State,47143,Morehead State
5177358,2025,Jerone Morton,UNRESOLVED (no bbref row),18763,Washington State,,
5177358,2025,Jerone Morton,UNRESOLVED (no bbref row),51921,Morehead State,,
4433273,2022,Jerrell Colbert,UNRESOLVED (no bbref row),18769,McNeese,,
4433273,2022,Jerrell Colbert,UNRESOLVED (no bbref row),26543,Louisiana State,,
4433273,2024,Jerrell Colbert,KEEP (bbref=Kansas State),46457,Kansas State,,
4433273,2024,Jerrell Colbert,DELETE (phantom),18771,McNeese,46457,Kansas State
4433273,2025,Jerrell Colbert,KEEP (bbref=Southern Methodist),52842,Southern Methodist,,
4433273,2025,Jerrell Colbert,DELETE (phantom),18772,McNeese,52842,Southern Methodist
5107225,2023,Jerrell Roberson II,KEEP (bbref=James Madison),30884,James Madison,,
5107225,2023,Jerrell Roberson II,DELETE (phantom),18774,Massachusetts-Lowell,30884,James Madison
5174958,2024,Jerry Deng,KEEP (bbref=Hampton),46133,Hampton,,
5174958,2024,Jerry Deng,DELETE (phantom),18779,NC State,46133,Hampton
5174958,2025,Jerry Deng,KEEP (bbref=Florida State),50702,Florida State,,
5174958,2025,Jerry Deng,DELETE (phantom),18780,NC State,50702,Florida State
4898257,2023,Jerry Ngopot,UNRESOLVED (no bbref row),18785,Coastal Carolina,,
4898257,2023,Jerry Ngopot,UNRESOLVED (no bbref row),32474,Saint Peter's,,
4898257,2024,Jerry Ngopot,KEEP (bbref=Louisiana-Monroe),48883,Louisiana-Monroe,,
4898257,2024,Jerry Ngopot,DELETE (phantom),18786,Coastal Carolina,48883,Louisiana-Monroe
4898257,2025,Jerry Ngopot,KEEP (bbref=Louisiana-Monroe),53749,Louisiana-Monroe,,
4898257,2025,Jerry Ngopot,DELETE (phantom),18787,Coastal Carolina,53749,Louisiana-Monroe
5106880,2023,Jestin Porter,KEEP (bbref=Middle Tennessee),31344,Middle Tennessee,,
5106880,2023,Jestin Porter,DELETE (phantom),18794,Clemson,31344,Middle Tennessee
5106880,2024,Jestin Porter,UNRESOLVED (no bbref row),18795,Clemson,,
5106880,2024,Jestin Porter,UNRESOLVED (no bbref row),46986,Middle Tennessee,,
5106880,2025,Jestin Porter,KEEP (bbref=Middle Tennessee),51785,Middle Tennessee,,
5106880,2025,Jestin Porter,DELETE (phantom),18796,Clemson,51785,Middle Tennessee
5240666,2025,Jett Montgomery,UNRESOLVED (no bbref row),18798,Southern,,
5240666,2025,Jett Montgomery,UNRESOLVED (no bbref row),18799,Texas State,,
5108770,2023,Jevin Muniz,UNRESOLVED (no bbref row),18800,Colorado State,,
5108770,2023,Jevin Muniz,UNRESOLVED (no bbref row),30058,Delaware State,,
5108770,2024,Jevin Muniz,KEEP (bbref=Delaware State),45727,Delaware State,,
5108770,2024,Jevin Muniz,DELETE (phantom),18801,Colorado State,45727,Delaware State
5108770,2025,Jevin Muniz,KEEP (bbref=Florida Gulf Coast),50673,Florida Gulf Coast,,
5108770,2025,Jevin Muniz,DELETE (phantom),18802,Colorado State,50673,Florida Gulf Coast
4684798,2023,Jevon Porter,KEEP (bbref=Pepperdine),32108,Pepperdine,,
4684798,2023,Jevon Porter,DELETE (phantom),18804,Missouri,32108,Pepperdine
4684798,2025,Jevon Porter,KEEP (bbref=Loyola Marymount),51569,Loyola Marymount,,
4684798,2025,Jevon Porter,DELETE (phantom),18806,Missouri,51569,Loyola Marymount
5112187,2024,Jimel Lane,KEEP (bbref=Northwestern State),47535,Northwestern State,,
5112187,2024,Jimel Lane,DELETE (phantom),18814,Grambling,47535,Northwestern State
5240353,2025,Jimmie Williams,KEEP (bbref=South Florida),53171,South Florida,,
5240353,2025,Jimmie Williams,DELETE (phantom),18817,Duquesne,53171,South Florida
5117583,2024,Jimmy Oladokun Jr.,UNRESOLVED (no bbref row),18823,Rice,,
5117583,2024,Jimmy Oladokun Jr.,UNRESOLVED (no bbref row),48178,San Diego,,
5240966,2025,Jinup Dobuol,UNRESOLVED (no bbref row),18826,Monmouth,,
5240966,2025,Jinup Dobuol,UNRESOLVED (no bbref row),52596,Portland,,
5106754,2023,Jlynn Counter,KEEP (bbref=IU Indy),30690,IU Indy,,
5106754,2023,Jlynn Counter,DELETE (phantom),18859,College of Charleston,30690,IU Indy
5106754,2024,Jlynn Counter,KEEP (bbref=IU Indy),46227,IU Indy,,
5106754,2024,Jlynn Counter,DELETE (phantom),18860,College of Charleston,46227,IU Indy
5106754,2025,Jlynn Counter,KEEP (bbref=Middle Tennessee),51788,Middle Tennessee,,
5106754,2025,Jlynn Counter,DELETE (phantom),18861,College of Charleston,51788,Middle Tennessee
5106588,2023,Jo'el Emanuel,KEEP (bbref=FDU),30278,FDU,,
5106588,2023,Jo'el Emanuel,DELETE (phantom),18866,William & Mary,30278,FDU
5106588,2024,Jo'el Emanuel,UNRESOLVED (no bbref row),18867,William & Mary,,
5106588,2024,Jo'el Emanuel,UNRESOLVED (no bbref row),45912,FDU,,
5106588,2025,Jo'el Emanuel,UNRESOLVED (no bbref row),50613,FDU,,
5106588,2025,Jo'el Emanuel,UNRESOLVED (no bbref row),18868,William & Mary,,
5105613,2024,Joe Hurlburt,KEEP (bbref=Colorado),45605,Colorado,,
5105613,2024,Joe Hurlburt,DELETE (phantom),18878,Davidson,45605,Colorado
5239602,2025,Joe Sedora,UNRESOLVED (no bbref row),18888,Western Carolina,,
5239602,2025,Joe Sedora,UNRESOLVED (no bbref row),52544,Penn State,,
5175170,2025,Joel Armotrading,KEEP (bbref=UC Riverside),53668,UC Riverside,,
5175170,2025,Joel Armotrading,DELETE (phantom),18894,Nevada,53668,UC Riverside
5176449,2024,Joey Chammaa,KEEP (bbref=San Diego),48185,San Diego,,
5176449,2024,Joey Chammaa,DELETE (phantom),18897,Arkansas State,48185,San Diego
5176449,2025,Joey Chammaa,UNRESOLVED (no bbref row),18898,Arkansas State,,
5176449,2025,Joey Chammaa,UNRESOLVED (no bbref row),52993,San Diego,,
5093254,2024,Joey Hart,KEEP (bbref=Kentucky),46501,Kentucky,,
5093254,2024,Joey Hart,DELETE (phantom),18900,Ball State,46501,Kentucky
5107237,2023,Joey Kahn,KEEP (bbref=Coastal Carolina),29880,Coastal Carolina,,
5107237,2023,Joey Kahn,DELETE (phantom),18903,UAB,29880,Coastal Carolina
5107237,2024,Joey Kahn,KEEP (bbref=Coastal Carolina),45573,Coastal Carolina,,
5107237,2024,Joey Kahn,DELETE (phantom),18904,UAB,45573,Coastal Carolina
4705371,2025,Joey Madimba,KEEP (bbref=Idaho State),51060,Idaho State,,
4705371,2025,Joey Madimba,DELETE (phantom),18907,Prairie View A&M,51060,Idaho State
4915060,2025,John Bol,KEEP (bbref=Mississippi),52459,Mississippi,,
4915060,2025,John Bol,DELETE (phantom),18923,UCF,52459,Mississippi
4684155,2022,John Camden,KEEP (bbref=Memphis),26780,Memphis,,
4684155,2022,John Camden,DELETE (phantom),18927,California,26780,Memphis
4684155,2023,John Camden,KEEP (bbref=Virginia Tech),33597,Virginia Tech,,
4684155,2023,John Camden,DELETE (phantom),18928,California,33597,Virginia Tech
4684155,2024,John Camden,UNRESOLVED (no bbref row),18929,California,,
4684155,2024,John Camden,UNRESOLVED (no bbref row),49205,Virginia Tech,,
4684155,2025,John Camden,KEEP (bbref=Delaware),50358,Delaware,,
4684155,2025,John Camden,DELETE (phantom),18930,California,50358,Delaware
4433606,2022,John Christofilis,UNRESOLVED (no bbref row),18932,Seattle,,
4433606,2022,John Christofilis,UNRESOLVED (no bbref row),25584,Creighton,,
4432897,2022,John Hugley IV,UNRESOLVED (no bbref row),27537,Pittsburgh,,
4432897,2022,John Hugley IV,UNRESOLVED (no bbref row),18941,Duquesne,,
4432897,2022,John Hugley IV,UNRESOLVED (no bbref row),18942,Xavier,,
4432897,2023,John Hugley IV,KEEP (bbref=Pittsburgh),32123,Pittsburgh,,
4432897,2023,John Hugley IV,DELETE (phantom),18943,Duquesne,32123,Pittsburgh
4432897,2023,John Hugley IV,DELETE (phantom),18944,Xavier,32123,Pittsburgh
4432897,2024,John Hugley IV,KEEP (bbref=Oklahoma),47617,Oklahoma,,
4432897,2024,John Hugley IV,DELETE (phantom),18945,Duquesne,47617,Oklahoma
4432897,2024,John Hugley IV,DELETE (phantom),18946,Xavier,47617,Oklahoma
4432897,2025,John Hugley IV,UNRESOLVED (no bbref row),18947,Duquesne,,
4432897,2025,John Hugley IV,UNRESOLVED (no bbref row),18948,Xavier,,
5106810,2023,John Lovelace Jr.,UNRESOLVED (no bbref row),44831,Youngstown State,,
5106810,2023,John Lovelace Jr.,UNRESOLVED (no bbref row),18953,Milwaukee,,
5106810,2024,John Lovelace Jr.,KEEP (bbref=Youngstown State),49467,Youngstown State,,
5106810,2024,John Lovelace Jr.,DELETE (phantom),18954,Milwaukee,49467,Youngstown State
4703097,2023,John Shanu II,UNRESOLVED (no bbref row),18960,Eastern Michigan,,
4703097,2023,John Shanu II,UNRESOLVED (no bbref row),33424,Texas-Rio Grande Valley,,
4432589,2023,Johnathan Lawson,KEEP (bbref=Memphis),31275,Memphis,,
4432589,2023,Johnathan Lawson,DELETE (phantom),18971,Little Rock,31275,Memphis
5108098,2023,Johnnie Walter,UNRESOLVED (no bbref row),29658,Cal State Northridge,,
5108098,2023,Johnnie Walter,UNRESOLVED (no bbref row),18975,Pennsylvania,,
5241269,2025,Jojo Anderson,KEEP (bbref=Idaho),51071,Idaho,,
5241269,2025,Jojo Anderson,DELETE (phantom),18983,Eastern Washington,51071,Idaho
5241919,2025,Jon Mani,KEEP (bbref=Denver),50396,Denver,,
5241919,2025,Jon Mani,DELETE (phantom),18991,Colorado,50396,Denver
5176794,2024,Jon Sanders II,KEEP (bbref=Coastal Carolina),45568,Coastal Carolina,,
5176794,2024,Jon Sanders II,DELETE (phantom),18995,Eastern Michigan,45568,Coastal Carolina
5176794,2025,Jon Sanders II,UNRESOLVED (no bbref row),52332,Northwestern State,,
5176794,2025,Jon Sanders II,UNRESOLVED (no bbref row),18996,Eastern Michigan,,
5239711,2025,Jonah Hinton,UNRESOLVED (no bbref row),19001,Rhode Island,,
5239711,2025,Jonah Hinton,UNRESOLVED (no bbref row),53257,St. Bonaventure,,
5176285,2025,Jonas Sirtautas,KEEP (bbref=Radford),52721,Radford,,
5176285,2025,Jonas Sirtautas,DELETE (phantom),19010,Loyola (MD),52721,Radford
5106043,2023,Jonathan Beagle,KEEP (bbref=Albany (NY)),33159,Albany (NY),,
5106043,2023,Jonathan Beagle,DELETE (phantom),19012,Richmond,33159,Albany (NY)
5106043,2024,Jonathan Beagle,UNRESOLVED (no bbref row),19013,Richmond,,
5106043,2024,Jonathan Beagle,UNRESOLVED (no bbref row),48741,Albany (NY),,
5107900,2024,Jonathan Dunn,UNRESOLVED (no bbref row),45092,Austin Peay,,
5107900,2024,Jonathan Dunn,UNRESOLVED (no bbref row),19016,North Carolina Central,,
5107900,2025,Jonathan Dunn,KEEP (bbref=Coppin State),50271,Coppin State,,
5107900,2025,Jonathan Dunn,DELETE (phantom),19017,North Carolina Central,50271,Coppin State
5101669,2025,Jonathan Powell,KEEP (bbref=West Virginia),54121,West Virginia,,
5101669,2025,Jonathan Powell,DELETE (phantom),19025,North Carolina,54121,West Virginia
66750,2015,Jordan Baker,KEEP (bbref=Old Dominion),70855,Old Dominion,,
66750,2015,Jordan Baker,DELETE (phantom),71393,San Jose State,70855,Old Dominion
4896969,2022,Jordan Battle,KEEP (bbref=Utah Valley),28744,Utah Valley,,
4896969,2022,Jordan Battle,DELETE (phantom),19027,Old Dominion,28744,Utah Valley
4896969,2025,Jordan Battle,KEEP (bbref=Coastal Carolina),50197,Coastal Carolina,,
4896969,2025,Jordan Battle,DELETE (phantom),19030,Old Dominion,50197,Coastal Carolina
4432899,2023,Jordan Brinson,KEEP (bbref=Fresno State),30398,Fresno State,,
4432899,2023,Jordan Brinson,DELETE (phantom),19034,Cal State Northridge,30398,Fresno State
4066850,2021,Jordan Bruner,KEEP (bbref=Alabama),95435,Alabama,,
4066850,2021,Jordan Bruner,DELETE (phantom),100207,Yale,95435,Alabama
5060684,2024,Jordan Burks,KEEP (bbref=Kentucky),46500,Kentucky,,
5060684,2024,Jordan Burks,DELETE (phantom),19038,UCF,46500,Kentucky
5060684,2025,Jordan Burks,UNRESOLVED (no bbref row),19039,UCF,,
5060684,2025,Jordan Burks,UNRESOLVED (no bbref row),50804,Georgetown,,
4683763,2024,Jordan Butler,KEEP (bbref=Missouri),47085,Missouri,,
4683763,2024,Jordan Butler,DELETE (phantom),19041,South Carolina,47085,Missouri
5105758,2024,Jordan Crawford,KEEP (bbref=College of Charleston),45461,College of Charleston,,
5105758,2024,Jordan Crawford,DELETE (phantom),19051,South Dakota,45461,College of Charleston
5105758,2025,Jordan Crawford,UNRESOLVED (no bbref row),19052,South Dakota,,
5105758,2025,Jordan Crawford,UNRESOLVED (no bbref row),50528,Eastern Kentucky,,
5106600,2024,Jordan Derkack,UNRESOLVED (no bbref row),19055,Dayton,,
5106600,2024,Jordan Derkack,UNRESOLVED (no bbref row),46916,Merrimack,,
5106600,2025,Jordan Derkack,KEEP (bbref=Rutgers),52796,Rutgers,,
5106600,2025,Jordan Derkack,DELETE (phantom),19056,Dayton,52796,Rutgers
4066736,2017,Jordan Ford,KEEP (bbref=Saint Mary's),80423,Saint Mary's,,
4066736,2017,Jordan Ford,DELETE (phantom),78818,Jackson State,80423,Saint Mary's
5242969,2025,Jordan Hamilton,KEEP (bbref=SIU Edwardsville),52831,SIU Edwardsville,,
5242969,2025,Jordan Hamilton,DELETE (phantom),19062,Texas Southern,52831,SIU Edwardsville
3906576,2016,Jordan Hunter,UNRESOLVED (no bbref row),75910,Saint Mary's,,
3906576,2016,Jordan Hunter,UNRESOLVED (no bbref row),75060,New Mexico,,
3906576,2017,Jordan Hunter,KEEP (bbref=New Mexico),79611,New Mexico,,
3906576,2017,Jordan Hunter,DELETE (phantom),80424,Saint Mary's,79611,New Mexico
4897289,2024,Jordan Johnson,KEEP (bbref=New Orleans),34341,New Orleans,,
4897289,2024,Jordan Johnson,DELETE (phantom),19064,Bethune-Cookman,34341,New Orleans
5177605,2025,Jordan Johnson,KEEP (bbref=Southern),53204,Southern,,
5177605,2025,Jordan Johnson,DELETE (phantom),19065,Bethune-Cookman,53204,Southern
4067302,2021,Jordan Jones,KEEP (bbref=Marist),97495,Marist,,
4067302,2021,Jordan Jones,DELETE (phantom),96198,Cornell,97495,Marist
5176755,2024,Jordan Marsh,UNRESOLVED (no bbref row),19069,Southern California,,
5176755,2024,Jordan Marsh,UNRESOLVED (no bbref row),44963,Appalachian State,,
5176755,2025,Jordan Marsh,UNRESOLVED (no bbref row),19070,Southern California,,
5176755,2025,Jordan Marsh,UNRESOLVED (no bbref row),53786,UNC Asheville,,
5106453,2023,Jordan Mason,KEEP (bbref=Texas State),33038,Texas State,,
5106453,2023,Jordan Mason,DELETE (phantom),19072,Temple,33038,Texas State
5106453,2024,Jordan Mason,KEEP (bbref=Texas State),48633,Texas State,,
5106453,2024,Jordan Mason,DELETE (phantom),19073,Temple,48633,Texas State
5106453,2025,Jordan Mason,KEEP (bbref=Illinois-Chicago),53736,Illinois-Chicago,,
5106453,2025,Jordan Mason,DELETE (phantom),19074,Temple,53736,Illinois-Chicago
4873161,2025,Jordan McCullum,UNRESOLVED (no bbref row),19076,East Tennessee State,,
4873161,2025,Jordan McCullum,UNRESOLVED (no bbref row),51970,Murray State,,
5105624,2023,Jordan Pope,KEEP (bbref=Oregon State),32047,Oregon State,,
5105624,2023,Jordan Pope,DELETE (phantom),19087,Texas,32047,Oregon State
5105624,2024,Jordan Pope,KEEP (bbref=Oregon State),47698,Oregon State,,
5105624,2024,Jordan Pope,DELETE (phantom),19088,Texas,47698,Oregon State
4683942,2022,Jordan Riley,KEEP (bbref=Georgetown),26034,Georgetown,,
4683942,2022,Jordan Riley,DELETE (phantom),19094,East Carolina,26034,Georgetown
4683942,2023,Jordan Riley,KEEP (bbref=Georgetown),30460,Georgetown,,
4683942,2023,Jordan Riley,DELETE (phantom),19095,East Carolina,30460,Georgetown
4683942,2024,Jordan Riley,KEEP (bbref=Temple),48547,Temple,,
4683942,2024,Jordan Riley,DELETE (phantom),19096,East Carolina,48547,Temple
4278751,2022,Jordan Roberts,KEEP (bbref=Long Beach State),37160,Long Beach State,,
4278751,2022,Jordan Roberts,DELETE (phantom),28329,Texas A&M-Corpus Christi,37160,Long Beach State
4711402,2024,Jordan Ross,KEEP (bbref=Saint Mary's),48113,Saint Mary's,,
4711402,2024,Jordan Ross,DELETE (phantom),19101,Georgia,48113,Saint Mary's
4711402,2025,Jordan Ross,KEEP (bbref=Saint Mary's),52923,Saint Mary's,,
4711402,2025,Jordan Ross,DELETE (phantom),19102,Georgia,52923,Saint Mary's
5105561,2024,Jordan Williams,UNRESOLVED (no bbref row),19113,Rice,,
5105561,2024,Jordan Williams,UNRESOLVED (no bbref row),49154,Vanderbilt,,
5105561,2025,Jordan Williams,KEEP (bbref=Vanderbilt),54025,Vanderbilt,,
5105561,2025,Jordan Williams,DELETE (phantom),19114,Rice,54025,Vanderbilt
5117584,2025,Jordann Dumont,KEEP (bbref=Villanova),54052,Villanova,,
5117584,2025,Jordann Dumont,DELETE (phantom),19116,Virginia Commonwealth,54052,Villanova
5105411,2023,Jorge Diaz Graham,KEEP (bbref=Pittsburgh),32126,Pittsburgh,,
5105411,2023,Jorge Diaz Graham,DELETE (phantom),19125,Oregon State,32126,Pittsburgh
5105411,2024,Jorge Diaz Graham,KEEP (bbref=Pittsburgh),47763,Pittsburgh,,
5105411,2024,Jorge Diaz Graham,DELETE (phantom),19126,Oregon State,47763,Pittsburgh
5105411,2025,Jorge Diaz Graham,KEEP (bbref=Pittsburgh),52582,Pittsburgh,,
5105411,2025,Jorge Diaz Graham,DELETE (phantom),19127,Oregon State,52582,Pittsburgh
4699760,2023,Joseph Pinion,KEEP (bbref=Arkansas),29280,Arkansas,,
4699760,2023,Joseph Pinion,DELETE (phantom),19147,South Florida,29280,Arkansas
4699760,2024,Joseph Pinion,UNRESOLVED (no bbref row),19148,South Florida,,
4699760,2024,Joseph Pinion,UNRESOLVED (no bbref row),45011,Arkansas,,
4699760,2025,Joseph Pinion,UNRESOLVED (no bbref row),49645,Arkansas State,,
4699760,2025,Joseph Pinion,UNRESOLVED (no bbref row),19149,South Florida,,
4897572,2023,Joseph Venzant,KEEP (bbref=Liberty),30991,Liberty,,
4897572,2023,Joseph Venzant,DELETE (phantom),19160,Abilene Christian,30991,Liberty
4897572,2024,Joseph Venzant,KEEP (bbref=Liberty),46593,Liberty,,
4897572,2024,Joseph Venzant,DELETE (phantom),19161,Abilene Christian,46593,Liberty
5176581,2024,Josh Akpovwa,KEEP (bbref=Incarnate Word),46301,Incarnate Word,,
5176581,2024,Josh Akpovwa,DELETE (phantom),19166,Texas Southern,46301,Incarnate Word
5176581,2025,Josh Akpovwa,KEEP (bbref=Incarnate Word),51110,Incarnate Word,,
5176581,2025,Josh Akpovwa,DELETE (phantom),19167,Texas Southern,51110,Incarnate Word
5105800,2023,Josh Dix,KEEP (bbref=Iowa),30825,Iowa,,
5105800,2023,Josh Dix,DELETE (phantom),19174,Creighton,30825,Iowa
5105800,2024,Josh Dix,KEEP (bbref=Iowa),46355,Iowa,,
5105800,2024,Josh Dix,DELETE (phantom),19175,Creighton,46355,Iowa
5105800,2025,Josh Dix,KEEP (bbref=Iowa),51160,Iowa,,
5105800,2025,Josh Dix,DELETE (phantom),19176,Creighton,51160,Iowa
4897689,2022,Josh Farmer,KEEP (bbref=UTSA),28685,UTSA,,
4897689,2022,Josh Farmer,DELETE (phantom),19179,Texas Southern,28685,UTSA
4897689,2023,Josh Farmer,KEEP (bbref=UTSA),33446,UTSA,,
4897689,2023,Josh Farmer,DELETE (phantom),19180,Texas Southern,33446,UTSA
5239996,2025,Josh Harris,KEEP (bbref=North Florida),52224,North Florida,,
5239996,2025,Josh Harris,DELETE (phantom),19189,Indiana,52224,North Florida
5176757,2024,Josh Hayes,UNRESOLVED (no bbref row),19190,Utah,,
5176757,2024,Josh Hayes,UNRESOLVED (no bbref row),44965,Appalachian State,,
5196867,2025,Josh Hill,UNRESOLVED (no bbref row),19196,Robert Morris,,
5196867,2025,Josh Hill,UNRESOLVED (no bbref row),49652,Arkansas State,,
5176160,2024,Josh Holloway,KEEP (bbref=Samford),48148,Samford,,
5176160,2024,Josh Holloway,DELETE (phantom),19199,Texas A&M,48148,Samford
5176160,2025,Josh Holloway,UNRESOLVED (no bbref row),19200,Texas A&M,,
5176160,2025,Josh Holloway,UNRESOLVED (no bbref row),52961,Samford,,
5177038,2024,Josh Jones,KEEP (bbref=Oral Roberts),47671,Oral Roberts,,
5177038,2024,Josh Jones,DELETE (phantom),19207,North Dakota,47671,Oral Roberts
5177038,2025,Josh Jones,UNRESOLVED (no bbref row),19208,North Dakota,,
5177038,2025,Josh Jones,UNRESOLVED (no bbref row),52481,Oral Roberts,,
5239866,2025,Josh Meo,KEEP (bbref=Coastal Carolina),50200,Coastal Carolina,,
5239866,2025,Josh Meo,DELETE (phantom),19213,Winthrop,50200,Coastal Carolina
4702976,2022,Josh Odunowo,KEEP (bbref=Columbia),25531,Columbia,,
4702976,2022,Josh Odunowo,DELETE (phantom),19215,Maryland-Baltimore County,25531,Columbia
4702976,2023,Josh Odunowo,KEEP (bbref=Columbia),29930,Columbia,,
4702976,2023,Josh Odunowo,DELETE (phantom),19216,Maryland-Baltimore County,29930,Columbia
4702976,2024,Josh Odunowo,KEEP (bbref=Columbia),45625,Columbia,,
4702976,2024,Josh Odunowo,DELETE (phantom),19217,Maryland-Baltimore County,45625,Columbia
4433231,2022,Josh Ogundele,KEEP (bbref=Iowa),26391,Iowa,,
4433231,2022,Josh Ogundele,DELETE (phantom),19220,Hampton,26391,Iowa
4433231,2023,Josh Ogundele,UNRESOLVED (no bbref row),19221,Hampton,,
4433231,2023,Josh Ogundele,UNRESOLVED (no bbref row),30826,Iowa,,
4433231,2024,Josh Ogundele,UNRESOLVED (no bbref row),19222,Hampton,,
4433231,2024,Josh Ogundele,UNRESOLVED (no bbref row),46994,Middle Tennessee,,
4433231,2025,Josh Ogundele,KEEP (bbref=Tennessee State),53432,Tennessee State,,
4433231,2025,Josh Ogundele,DELETE (phantom),19223,Hampton,53432,Tennessee State
4894236,2023,Josh Ojianwuna,KEEP (bbref=Baylor),29403,Baylor,,
4894236,2023,Josh Ojianwuna,DELETE (phantom),19225,Ohio State,29403,Baylor
4894236,2024,Josh Ojianwuna,UNRESOLVED (no bbref row),19226,Ohio State,,
4894236,2024,Josh Ojianwuna,UNRESOLVED (no bbref row),45128,Baylor,,
5241690,2025,Josh Omojafo,KEEP (bbref=Robert Morris),52782,Robert Morris,,
5241690,2025,Josh Omojafo,DELETE (phantom),19228,South Florida,52782,Robert Morris
5177121,2024,Josh Pascarelli,KEEP (bbref=Marist),46782,Marist,,
5177121,2024,Josh Pascarelli,DELETE (phantom),19230,Colorado State,46782,Marist
5177121,2025,Josh Pascarelli,KEEP (bbref=Marist),51609,Marist,,
5177121,2025,Josh Pascarelli,DELETE (phantom),19231,Colorado State,51609,Marist
5241915,2025,Josh Pickett,KEEP (bbref=Denver),50394,Denver,,
5241915,2025,Josh Pickett,DELETE (phantom),19233,Presbyterian,50394,Denver
4838723,2023,Josh Reed,UNRESOLVED (no bbref row),19236,Penn State,,
4838723,2023,Josh Reed,UNRESOLVED (no bbref row),19235,Drexel,,
4838723,2023,Josh Reed,UNRESOLVED (no bbref row),29838,Cincinnati,,
4838723,2024,Josh Reed,KEEP (bbref=Cincinnati),45531,Cincinnati,,
4838723,2024,Josh Reed,DELETE (phantom),19237,Drexel,45531,Cincinnati
4838723,2024,Josh Reed,DELETE (phantom),19238,Penn State,45531,Cincinnati
5105681,2023,Josh Rivera,KEEP (bbref=Lafayette),30970,Lafayette,,
5105681,2023,Josh Rivera,DELETE (phantom),19243,Seton Hall,30970,Lafayette
5105681,2024,Josh Rivera,KEEP (bbref=Fordham),45987,Fordham,,
5105681,2024,Josh Rivera,DELETE (phantom),19244,Seton Hall,45987,Fordham
5105681,2025,Josh Rivera,KEEP (bbref=Fordham),50716,Fordham,,
5105681,2025,Josh Rivera,DELETE (phantom),19245,Seton Hall,50716,Fordham
5176031,2024,Josh Scovens,UNRESOLVED (no bbref row),19247,Davidson,,
5176031,2024,Josh Scovens,UNRESOLVED (no bbref row),45040,Army,,
5176031,2025,Josh Scovens,KEEP (bbref=Army),49675,Army,,
5176031,2025,Josh Scovens,DELETE (phantom),19248,Davidson,49675,Army
4700859,2022,Josh Smith,KEEP (bbref=Stetson),28206,Stetson,,
4700859,2022,Josh Smith,DELETE (phantom),19250,Liberty,28206,Stetson
4700859,2022,Josh Smith,DELETE (phantom),19251,West Georgia,28206,Stetson
4700859,2023,Josh Smith,KEEP (bbref=Stetson),32839,Stetson,,
4700859,2023,Josh Smith,DELETE (phantom),19252,Liberty,32839,Stetson
4700859,2023,Josh Smith,DELETE (phantom),19253,West Georgia,32839,Stetson
5179291,2024,Josh Smith,UNRESOLVED (no bbref row),19254,Liberty,,
5179291,2024,Josh Smith,UNRESOLVED (no bbref row),19255,West Georgia,,
5179291,2024,Josh Smith,UNRESOLVED (no bbref row),47375,North Carolina Central,,
5179291,2025,Josh Smith,KEEP (bbref=North Carolina Central),52172,North Carolina Central,,
5179291,2025,Josh Smith,DELETE (phantom),19257,West Georgia,52172,North Carolina Central
5179291,2025,Josh Smith,DELETE (phantom),19256,Liberty,52172,North Carolina Central
4702889,2022,Josh Taylor,UNRESOLVED (no bbref row),19260,East Texas A&M,,
4702889,2022,Josh Taylor,UNRESOLVED (no bbref row),26052,Georgia,,
4702889,2023,Josh Taylor,KEEP (bbref=East Tennessee State),30171,East Tennessee State,,
4702889,2023,Josh Taylor,DELETE (phantom),19261,East Texas A&M,30171,East Tennessee State
4703169,2022,Joshua Aaron Reaves,KEEP (bbref=Mount St. Mary's),26970,Mount St. Mary's,,
4703169,2022,Joshua Aaron Reaves,DELETE (phantom),19267,Hofstra,26970,Mount St. Mary's
4703169,2023,Joshua Aaron Reaves,UNRESOLVED (no bbref row),19268,Hofstra,,
4703169,2023,Joshua Aaron Reaves,UNRESOLVED (no bbref row),31491,Mount St. Mary's,,
4703169,2024,Joshua Aaron Reaves,KEEP (bbref=Mount St. Mary's),47163,Mount St. Mary's,,
4703169,2024,Joshua Aaron Reaves,DELETE (phantom),19269,Hofstra,47163,Mount St. Mary's
4703169,2025,Joshua Aaron Reaves,KEEP (bbref=Illinois-Chicago),53741,Illinois-Chicago,,
4703169,2025,Joshua Aaron Reaves,DELETE (phantom),19270,Hofstra,53741,Illinois-Chicago
4698718,2023,Joshua Beadle,KEEP (bbref=Clemson),29851,Clemson,,
4698718,2023,Joshua Beadle,DELETE (phantom),19272,Coastal Carolina,29851,Clemson
4698718,2024,Joshua Beadle,KEEP (bbref=Clemson),45544,Clemson,,
4698718,2024,Joshua Beadle,DELETE (phantom),19273,Coastal Carolina,45544,Clemson
4698718,2025,Joshua Beadle,UNRESOLVED (no bbref row),19274,Coastal Carolina,,
4698718,2025,Joshua Beadle,UNRESOLVED (no bbref row),49828,Boston College,,
5107366,2023,Joshua Hughes,KEEP (bbref=Samford),19284,Samford,,
5107366,2023,Joshua Hughes,DELETE (phantom),19283,Evansville,19284,Samford
5177734,2026,Joshua Hughes,UNRESOLVED (no bbref row),19290,Samford,,
5177734,2026,Joshua Hughes,UNRESOLVED (no bbref row),19289,Evansville,,
4870564,2023,Joshua Jefferson,UNRESOLVED (no bbref row),19294,Iowa State,,
4870564,2023,Joshua Jefferson,UNRESOLVED (no bbref row),32461,Saint Mary's,,
4870564,2024,Joshua Jefferson,KEEP (bbref=Saint Mary's),48106,Saint Mary's,,
4870564,2024,Joshua Jefferson,DELETE (phantom),19295,Iowa State,48106,Saint Mary's
4684167,2022,Joshua O'Garro,UNRESOLVED (no bbref row),19299,Cal State Northridge,,
4684167,2022,Joshua O'Garro,UNRESOLVED (no bbref row),38763,San Jose State,,
4684167,2024,Joshua O'Garro,KEEP (bbref=Texas State),48641,Texas State,,
4684167,2024,Joshua O'Garro,DELETE (phantom),19301,Cal State Northridge,48641,Texas State
4684167,2025,Joshua O'Garro,KEEP (bbref=Texas State),53516,Texas State,,
4684167,2025,Joshua O'Garro,DELETE (phantom),19302,Cal State Northridge,53516,Texas State
5105822,2023,Joshua Ola-Joseph,KEEP (bbref=Minnesota),31370,Minnesota,,
5105822,2023,Joshua Ola-Joseph,DELETE (phantom),19304,Loyola (IL),31370,Minnesota
5105822,2024,Joshua Ola-Joseph,UNRESOLVED (no bbref row),19305,Loyola (IL),,
5105822,2024,Joshua Ola-Joseph,UNRESOLVED (no bbref row),47019,Minnesota,,
5105822,2025,Joshua Ola-Joseph,KEEP (bbref=California),50022,California,,
5105822,2025,Joshua Ola-Joseph,DELETE (phantom),19306,Loyola (IL),50022,California
5106291,2023,Josiah Davis,KEEP (bbref=West Virginia),33684,West Virginia,,
5106291,2023,Josiah Davis,DELETE (phantom),19317,Cal State Northridge,33684,West Virginia
5106291,2024,Josiah Davis,UNRESOLVED (no bbref row),19318,Cal State Northridge,,
5106291,2024,Josiah Davis,UNRESOLVED (no bbref row),48562,Tennessee Tech,,
5106291,2025,Josiah Davis,KEEP (bbref=Niagara),52106,Niagara,,
5106291,2025,Josiah Davis,DELETE (phantom),19319,Cal State Northridge,52106,Niagara
5093266,2025,Josiah Dotzler,KEEP (bbref=Saint Louis),52912,Saint Louis,,
5093266,2025,Josiah Dotzler,DELETE (phantom),19322,South Dakota,52912,Saint Louis
5176577,2024,Josiah Hammons,KEEP (bbref=Incarnate Word),46296,Incarnate Word,,
5176577,2024,Josiah Hammons,DELETE (phantom),19325,Illinois-Chicago,46296,Incarnate Word
5176577,2025,Josiah Hammons,UNRESOLVED (no bbref row),19326,Illinois-Chicago,,
5176577,2025,Josiah Hammons,UNRESOLVED (no bbref row),52950,Sam Houston,,
5106607,2023,Josiah Harris,UNRESOLVED (bbref=St. Francis (NY) matched 0 rows),19329,La Salle,,
5106607,2023,Josiah Harris,UNRESOLVED (bbref=St. Francis (NY) matched 0 rows),19328,Cleveland State,,
5106292,2024,Josiah Harris,KEEP (bbref=West Virginia),49285,West Virginia,,
5106292,2024,Josiah Harris,DELETE (phantom),19331,La Salle,49285,West Virginia
5106292,2024,Josiah Harris,DELETE (phantom),19330,Cleveland State,49285,West Virginia
5106607,2025,Josiah Harris,KEEP (bbref=Radford),52714,Radford,,
5106607,2025,Josiah Harris,DELETE (phantom),19332,Cleveland State,52714,Radford
5106607,2025,Josiah Harris,DELETE (phantom),19333,La Salle,52714,Radford
5241383,2025,Josiah LeGree,KEEP (bbref=Indiana State),51138,Indiana State,,
5241383,2025,Josiah LeGree,DELETE (phantom),19340,Morehead State,51138,Indiana State
5241622,2025,Josiah Moore,UNRESOLVED (no bbref row),19342,Tulane,,
5241622,2025,Josiah Moore,UNRESOLVED (no bbref row),52477,Oral Roberts,,
5152656,2025,Josiah Moseley,KEEP (bbref=Villanova),54051,Villanova,,
5152656,2025,Josiah Moseley,DELETE (phantom),19344,Texas Tech,54051,Villanova
5106680,2024,Josiah Sabino,KEEP (bbref=Jacksonville),46402,Jacksonville,,
5106680,2024,Josiah Sabino,DELETE (phantom),19347,Niagara,46402,Jacksonville
5142625,2025,Joson Sanon,UNRESOLVED (no bbref row),19353,St. John's (NY),,
5142625,2025,Joson Sanon,UNRESOLVED (no bbref row),49612,Arizona State,,
5243005,2025,Josue Grullon,KEEP (bbref=Tennessee-Martin),53875,Tennessee-Martin,,
5243005,2025,Josue Grullon,DELETE (phantom),19355,La Salle,53875,Tennessee-Martin
5240506,2025,Joul Karram,KEEP (bbref=Utah),53960,Utah,,
5240506,2025,Joul Karram,DELETE (phantom),19356,Utah Valley,53960,Utah
5101673,2025,Jovan Milicevic,KEEP (bbref=New Mexico),52070,New Mexico,,
5101673,2025,Jovan Milicevic,DELETE (phantom),19359,Xavier,52070,New Mexico
5242400,2025,Juan Cranford Jr.,UNRESOLVED (no bbref row),19378,Eastern Kentucky,,
5242400,2025,Juan Cranford Jr.,UNRESOLVED (no bbref row),52876,Saint Francis (PA),,
4897872,2023,Juan Reyna,UNRESOLVED (no bbref row),19381,Santa Clara,,
4897872,2023,Juan Reyna,UNRESOLVED (no bbref row),29691,Campbell,,
4897872,2025,Juan Reyna,KEEP (bbref=Jackson State),51195,Jackson State,,
4897872,2025,Juan Reyna,DELETE (phantom),19383,Santa Clara,51195,Jackson State
4870444,2023,Juanse Gorosito,UNRESOLVED (no bbref row),19385,San Diego,,
4870444,2023,Juanse Gorosito,UNRESOLVED (no bbref row),32134,Portland,,
4870444,2024,Juanse Gorosito,KEEP (bbref=Portland),47773,Portland,,
4870444,2024,Juanse Gorosito,DELETE (phantom),19386,San Diego,47773,Portland
4870444,2025,Juanse Gorosito,UNRESOLVED (no bbref row),19387,San Diego,,
4870444,2025,Juanse Gorosito,UNRESOLVED (no bbref row),49747,Ball State,,
4719433,2022,Julian Mackey,KEEP (bbref=Niagara),37833,Niagara,,
4719433,2022,Julian Mackey,DELETE (phantom),19403,Florida International,37833,Niagara
4719433,2025,Julian Mackey,KEEP (bbref=Houston Christian),50998,Houston Christian,,
4719433,2025,Julian Mackey,DELETE (phantom),19406,Florida International,50998,Houston Christian
5106459,2023,Julian Margrave,UNRESOLVED (no bbref row),19408,Omaha,,
5106459,2023,Julian Margrave,UNRESOLVED (no bbref row),32631,South Alabama,,
5106459,2024,Julian Margrave,UNRESOLVED (no bbref row),19409,Omaha,,
5106459,2024,Julian Margrave,UNRESOLVED (no bbref row),48280,South Alabama,,
5106459,2025,Julian Margrave,KEEP (bbref=South Alabama),53101,South Alabama,,
5106459,2025,Julian Margrave,DELETE (phantom),19410,Omaha,53101,South Alabama
4897626,2022,Julien Soumaoro,KEEP (bbref=Gardner-Webb),25995,Gardner-Webb,,
4897626,2022,Julien Soumaoro,DELETE (phantom),19413,Western Carolina,25995,Gardner-Webb
4897626,2023,Julien Soumaoro,KEEP (bbref=Gardner-Webb),30417,Gardner-Webb,,
4897626,2023,Julien Soumaoro,DELETE (phantom),19414,Western Carolina,30417,Gardner-Webb
4897626,2025,Julien Soumaoro,KEEP (bbref=East Carolina),50473,East Carolina,,
4897626,2025,Julien Soumaoro,DELETE (phantom),19416,Western Carolina,50473,East Carolina
5176298,2024,Julius Mims,KEEP (bbref=Idaho),46255,Idaho,,
5176298,2024,Julius Mims,DELETE (phantom),19421,New Mexico State,46255,Idaho
5176298,2025,Julius Mims,KEEP (bbref=Idaho),51067,Idaho,,
5176298,2025,Julius Mims,DELETE (phantom),19422,New Mexico State,51067,Idaho
4898315,2023,Julius Rollins,KEEP (bbref=Kent State),30925,Kent State,,
4898315,2023,Julius Rollins,DELETE (phantom),19424,Denver,30925,Kent State
4898315,2024,Julius Rollins,KEEP (bbref=Kent State),46483,Kent State,,
4898315,2024,Julius Rollins,DELETE (phantom),19425,Denver,46483,Kent State
5242617,2025,Julius Thedford,UNRESOLVED (no bbref row),19428,Memphis,,
5242617,2025,Julius Thedford,UNRESOLVED (no bbref row),54146,Western Kentucky,,
5176261,2024,Junseok Yeo,KEEP (bbref=Gonzaga),46087,Gonzaga,,
5176261,2024,Junseok Yeo,DELETE (phantom),19434,Seattle,46087,Gonzaga
5176261,2025,Junseok Yeo,UNRESOLVED (no bbref row),19435,Seattle,,
5176261,2025,Junseok Yeo,UNRESOLVED (no bbref row),50879,Gonzaga,,
4684152,2022,Jusaun Holt,KEEP (bbref=Alabama),24902,Alabama,,
4684152,2022,Jusaun Holt,DELETE (phantom),19439,Utah Tech,24902,Alabama
4684152,2023,Jusaun Holt,KEEP (bbref=Georgia),30477,Georgia,,
4684152,2023,Jusaun Holt,DELETE (phantom),19440,Utah Tech,30477,Georgia
4684152,2024,Jusaun Holt,KEEP (bbref=Kennesaw State),46468,Kennesaw State,,
4684152,2024,Jusaun Holt,DELETE (phantom),19441,Utah Tech,46468,Kennesaw State
5175662,2025,Juslin Bodo Bodo,KEEP (bbref=High Point),50962,High Point,,
5175662,2025,Juslin Bodo Bodo,DELETE (phantom),19445,Baylor,50962,High Point
4702962,2022,Justice Ajogbor,KEEP (bbref=Harvard),26180,Harvard,,
4702962,2022,Justice Ajogbor,DELETE (phantom),19446,Saint Joseph's,26180,Harvard
4702962,2023,Justice Ajogbor,UNRESOLVED (no bbref row),19447,Saint Joseph's,,
4702962,2023,Justice Ajogbor,UNRESOLVED (no bbref row),30583,Harvard,,
4702962,2024,Justice Ajogbor,KEEP (bbref=Harvard),46149,Harvard,,
4702962,2024,Justice Ajogbor,DELETE (phantom),19448,Saint Joseph's,46149,Harvard
4683676,2022,Justice Williams,KEEP (bbref=Louisiana State),26540,Louisiana State,,
4683676,2022,Justice Williams,DELETE (phantom),19453,Western Michigan,26540,Louisiana State
4683676,2023,Justice Williams,KEEP (bbref=Louisiana State),30949,Louisiana State,,
4683676,2023,Justice Williams,DELETE (phantom),19454,Western Michigan,30949,Louisiana State
4683676,2024,Justice Williams,UNRESOLVED (no bbref row),19455,Western Michigan,,
4683676,2024,Justice Williams,UNRESOLVED (no bbref row),47967,Robert Morris,,
4702765,2022,Justin Amadi,KEEP (bbref=James Madison),26435,James Madison,,
4702765,2022,Justin Amadi,DELETE (phantom),19461,Mount St. Mary's,26435,James Madison
4702765,2023,Justin Amadi,KEEP (bbref=James Madison),30878,James Madison,,
4702765,2023,Justin Amadi,DELETE (phantom),19462,Mount St. Mary's,30878,James Madison
4702765,2025,Justin Amadi,KEEP (bbref=Tulsa),53598,Tulsa,,
4702765,2025,Justin Amadi,DELETE (phantom),19464,Mount St. Mary's,53598,Tulsa
5107507,2023,Justin Archer,UNRESOLVED (no bbref row),19466,La Salle,,
5107507,2023,Justin Archer,UNRESOLVED (no bbref row),32252,Radford,,
5107507,2024,Justin Archer,KEEP (bbref=Radford),47895,Radford,,
5107507,2024,Justin Archer,DELETE (phantom),19467,La Salle,47895,Radford
5107507,2025,Justin Archer,KEEP (bbref=Georgia State),50852,Georgia State,,
5107507,2025,Justin Archer,DELETE (phantom),19468,La Salle,50852,Georgia State
5107490,2023,Justin Bailey,KEEP (bbref=South Carolina Upstate),32650,South Carolina Upstate,,
5107490,2023,Justin Bailey,DELETE (phantom),19470,Georgia,32650,South Carolina Upstate
5107490,2024,Justin Bailey,UNRESOLVED (no bbref row),19471,Georgia,,
5107490,2024,Justin Bailey,UNRESOLVED (no bbref row),48302,South Carolina Upstate,,
5107490,2025,Justin Bailey,UNRESOLVED (no bbref row),19472,Georgia,,
5107490,2025,Justin Bailey,UNRESOLVED (no bbref row),54234,Wofford,,
5060702,2025,Justin Begg,UNRESOLVED (no bbref row),19474,Sam Houston,,
5060702,2025,Justin Begg,UNRESOLVED (no bbref row),50779,George Mason,,
5239588,2025,Justin Johnson,UNRESOLVED (no bbref row),19482,Western Carolina,,
5239588,2025,Justin Johnson,UNRESOLVED (no bbref row),49653,Arkansas State,,
4685664,2024,Justin McBride,KEEP (bbref=Oklahoma State),47636,Oklahoma State,,
4685664,2024,Justin McBride,DELETE (phantom),19485,James Madison,47636,Oklahoma State
4685664,2025,Justin McBride,KEEP (bbref=Nevada),52039,Nevada,,
4685664,2025,Justin McBride,DELETE (phantom),19486,James Madison,52039,Nevada
5241491,2025,Justin Menard,KEEP (bbref=Iona),51148,Iona,,
5241491,2025,Justin Menard,DELETE (phantom),19488,Marist,51148,Iona
5105780,2023,Justin Moore,KEEP (bbref=Drexel),30106,Drexel,,
5105780,2023,Justin Moore,DELETE (phantom),19491,Loyola (IL),30106,Drexel
5105780,2024,Justin Moore,KEEP (bbref=Drexel),45756,Drexel,,
5105780,2024,Justin Moore,DELETE (phantom),19492,Loyola (IL),45756,Drexel
5107289,2023,Justin Mullins,KEEP (bbref=Denver),30072,Denver,,
5107289,2023,Justin Mullins,DELETE (phantom),19495,Northwestern,30072,Denver
4896620,2022,Justin Neely,KEEP (bbref=Albany (NY)),28448,Albany (NY),,
4896620,2022,Justin Neely,DELETE (phantom),19499,UNC Greensboro,28448,Albany (NY)
4896620,2023,Justin Neely,KEEP (bbref=Albany (NY)),33162,Albany (NY),,
4896620,2023,Justin Neely,DELETE (phantom),19500,UNC Greensboro,33162,Albany (NY)
4896620,2024,Justin Neely,UNRESOLVED (no bbref row),19501,UNC Greensboro,,
4896620,2024,Justin Neely,UNRESOLVED (no bbref row),48748,Albany (NY),,
4896620,2025,Justin Neely,KEEP (bbref=Albany (NY)),53623,Albany (NY),,
4896620,2025,Justin Neely,DELETE (phantom),19502,UNC Greensboro,53623,Albany (NY)
3945566,2016,Justin Robinson,KEEP (bbref=Virginia Tech),76947,Virginia Tech,,
3945566,2016,Justin Robinson,DELETE (phantom),73587,Duke,76947,Virginia Tech
4709142,2023,Justin Rochelin,KEEP (bbref=Oregon State),32054,Oregon State,,
4709142,2023,Justin Rochelin,DELETE (phantom),19512,Pacific,32054,Oregon State
4709142,2024,Justin Rochelin,KEEP (bbref=Oregon State),47707,Oregon State,,
4709142,2024,Justin Rochelin,DELETE (phantom),19513,Pacific,47707,Oregon State
4709142,2025,Justin Rochelin,UNRESOLVED (no bbref row),19514,Pacific,,
4709142,2025,Justin Rochelin,UNRESOLVED (no bbref row),53680,UC San Diego,,
4684746,2023,Justin Taylor,KEEP (bbref=Syracuse),32880,Syracuse,,
4684746,2023,Justin Taylor,DELETE (phantom),19516,James Madison,32880,Syracuse
4684746,2024,Justin Taylor,KEEP (bbref=Syracuse),48525,Syracuse,,
4684746,2024,Justin Taylor,DELETE (phantom),19517,James Madison,48525,Syracuse
5106773,2023,Justin Thomas,UNRESOLVED (no bbref row),19520,Bowling Green,,
5106773,2023,Justin Thomas,UNRESOLVED (no bbref row),31357,Milwaukee,,
5106773,2025,Justin Thomas,KEEP (bbref=Florida State),50704,Florida State,,
5106773,2025,Justin Thomas,DELETE (phantom),19522,Bowling Green,50704,Florida State
4701168,2022,Justin Vander Baan,KEEP (bbref=Boston College),35550,Boston College,,
4701168,2022,Justin Vander Baan,DELETE (phantom),19524,Lafayette,35550,Boston College
4704109,2022,Justin Wright,UNRESOLVED (no bbref row),19528,UNC Asheville,,
4704109,2022,Justin Wright,UNRESOLVED (no bbref row),27181,North Carolina Central,,
4704109,2023,Justin Wright,KEEP (bbref=North Carolina Central),31707,North Carolina Central,,
4704109,2023,Justin Wright,DELETE (phantom),19529,UNC Asheville,31707,North Carolina Central
4704109,2024,Justin Wright,KEEP (bbref=Loyola Marymount),46740,Loyola Marymount,,
4704109,2024,Justin Wright,DELETE (phantom),19530,UNC Asheville,46740,Loyola Marymount
4917385,2023,Justyn Fernandez,KEEP (bbref=George Mason),30432,George Mason,,
4917385,2023,Justyn Fernandez,DELETE (phantom),19535,Delaware,30432,George Mason
4917385,2025,Justyn Fernandez,KEEP (bbref=Providence),52664,Providence,,
4917385,2025,Justyn Fernandez,DELETE (phantom),19537,Delaware,52664,Providence
5241705,2025,Juwan Maxey,KEEP (bbref=Youngstown State),54301,Youngstown State,,
5241705,2025,Juwan Maxey,DELETE (phantom),19539,Ball State,54301,Youngstown State
5177558,2024,K'Jei Parker,KEEP (bbref=Florida A&M),45927,Florida A&M,,
5177558,2024,K'Jei Parker,DELETE (phantom),19543,Massachusetts,45927,Florida A&M
5105631,2023,KC Ibekwe,KEEP (bbref=Oregon State),32055,Oregon State,,
5105631,2023,KC Ibekwe,DELETE (phantom),19775,Pacific,32055,Oregon State
5105631,2024,KC Ibekwe,KEEP (bbref=Oregon State),47702,Oregon State,,
5105631,2024,KC Ibekwe,DELETE (phantom),19776,Pacific,47702,Oregon State
5105631,2025,KC Ibekwe,KEEP (bbref=Washington),54079,Washington,,
5105631,2025,KC Ibekwe,DELETE (phantom),19777,Pacific,54079,Washington
5243387,2025,KC Shaw,UNRESOLVED (bbref=Maryland-Eastern Shore matched 0 rows),51655,Maryland,,
5243387,2025,KC Shaw,UNRESOLVED (bbref=Maryland-Eastern Shore matched 0 rows),19779,Old Dominion,,
5176686,2024,KC Ugwuakazi,KEEP (bbref=East Texas A&M),45818,East Texas A&M,,
5176686,2024,KC Ugwuakazi,DELETE (phantom),19781,Merrimack,45818,East Texas A&M
5176686,2025,KC Ugwuakazi,KEEP (bbref=East Texas A&M),50502,East Texas A&M,,
5176686,2025,KC Ugwuakazi,DELETE (phantom),19782,Merrimack,50502,East Texas A&M
5177701,2024,KJ Debrick,KEEP (bbref=Cleveland State),45557,Cleveland State,,
5177701,2024,KJ Debrick,DELETE (phantom),20054,North Carolina A&T,45557,Cleveland State
5177701,2025,KJ Debrick,KEEP (bbref=Cleveland State),50195,Cleveland State,,
5177701,2025,KJ Debrick,DELETE (phantom),20055,North Carolina A&T,50195,Cleveland State
5174952,2024,KJ Lewis,UNRESOLVED (no bbref row),20059,Georgetown,,
5174952,2024,KJ Lewis,UNRESOLVED (no bbref row),44992,Arizona,,
5174952,2025,KJ Lewis,KEEP (bbref=Arizona),49626,Arizona,,
5174952,2025,KJ Lewis,DELETE (phantom),20060,Georgetown,49626,Arizona
5240511,2025,KJ Tenner,KEEP (bbref=West Virginia),54126,West Virginia,,
5240511,2025,KJ Tenner,DELETE (phantom),20068,Murray State,54126,West Virginia
4565207,2022,KK Robinson,UNRESOLVED (no bbref row),20074,Little Rock,,
4565207,2022,KK Robinson,UNRESOLVED (no bbref row),24992,Arkansas,,
4565207,2023,KK Robinson,KEEP (bbref=Texas A&M),32989,Texas A&M,,
4565207,2023,KK Robinson,DELETE (phantom),20075,Little Rock,32989,Texas A&M
4895787,2024,Kachi Nzeh,KEEP (bbref=Xavier),49441,Xavier,,
4895787,2024,Kachi Nzeh,DELETE (phantom),19547,Little Rock,49441,Xavier
4895787,2025,Kachi Nzeh,KEEP (bbref=Penn State),52541,Penn State,,
4895787,2025,Kachi Nzeh,DELETE (phantom),19548,Little Rock,52541,Penn State
4897053,2022,Kacper Klaczek,UNRESOLVED (no bbref row),27859,Saint Joseph's,,
4897053,2022,Kacper Klaczek,UNRESOLVED (no bbref row),19550,Elon,,
4897053,2023,Kacper Klaczek,UNRESOLVED (no bbref row),19551,Elon,,
4897053,2023,Kacper Klaczek,UNRESOLVED (no bbref row),32430,Saint Joseph's,,
4897053,2024,Kacper Klaczek,KEEP (bbref=Saint Joseph's),48080,Saint Joseph's,,
4897053,2024,Kacper Klaczek,DELETE (phantom),19552,Elon,48080,Saint Joseph's
4897053,2025,Kacper Klaczek,KEEP (bbref=Albany (NY)),53625,Albany (NY),,
4897053,2025,Kacper Klaczek,DELETE (phantom),19553,Elon,53625,Albany (NY)
4899807,2022,Kadar Waller,KEEP (bbref=Mississippi Valley State),37573,Mississippi Valley State,,
4899807,2022,Kadar Waller,DELETE (phantom),19555,Cal State Bakersfield,37573,Mississippi Valley State
4899807,2023,Kadar Waller,KEEP (bbref=Mississippi Valley State),31396,Mississippi Valley State,,
4899807,2023,Kadar Waller,DELETE (phantom),19556,Cal State Bakersfield,31396,Mississippi Valley State
5176664,2024,Kade Douglas,KEEP (bbref=UT Arlington),34757,UT Arlington,,
5176664,2024,Kade Douglas,DELETE (phantom),19560,Tarleton State,34757,UT Arlington
5176664,2025,Kade Douglas,KEEP (bbref=UT Arlington),53869,UT Arlington,,
5176664,2025,Kade Douglas,DELETE (phantom),19561,Tarleton State,53869,UT Arlington
5070505,2024,Kaden Cooper,KEEP (bbref=Oklahoma),47622,Oklahoma,,
5070505,2024,Kaden Cooper,DELETE (phantom),19565,Louisiana Tech,47622,Oklahoma
4703572,2022,Kaden Metheny,UNRESOLVED (no bbref row),19573,Liberty,,
4703572,2022,Kaden Metheny,UNRESOLVED (no bbref row),35578,Bowling Green,,
4703572,2023,Kaden Metheny,UNRESOLVED (no bbref row),19574,Liberty,,
4703572,2023,Kaden Metheny,UNRESOLVED (no bbref row),29511,Bowling Green,,
5105819,2024,Kadyn Betts,UNRESOLVED (no bbref row),19582,Montana,,
5105819,2024,Kadyn Betts,UNRESOLVED (no bbref row),47026,Minnesota,,
5105819,2025,Kadyn Betts,KEEP (bbref=Minnesota),51825,Minnesota,,
5105819,2025,Kadyn Betts,DELETE (phantom),19583,Montana,51825,Minnesota
5176280,2024,Kael Combs,KEEP (bbref=Wyoming),49429,Wyoming,,
5176280,2024,Kael Combs,DELETE (phantom),19585,Iowa,49429,Wyoming
5176280,2025,Kael Combs,KEEP (bbref=Drake),50423,Drake,,
5176280,2025,Kael Combs,DELETE (phantom),19586,Iowa,50423,Drake
5176059,2025,Kahlil Singleton,UNRESOLVED (no bbref row),19597,Canisius,,
5176059,2025,Kahlil Singleton,UNRESOLVED (no bbref row),50992,Holy Cross,,
5105514,2024,Kai Spears,UNRESOLVED (no bbref row),19605,Marshall,,
5105514,2024,Kai Spears,UNRESOLVED (no bbref row),44909,Alabama,,
5175971,2025,Kai Yu,KEEP (bbref=Liberty),51423,Liberty,,
5175971,2025,Kai Yu,DELETE (phantom),19608,Bradley,51423,Liberty
5174659,2024,Kajus Kublickas,KEEP (bbref=Florida),45963,Florida,,
5174659,2024,Kajus Kublickas,DELETE (phantom),19616,Pacific,45963,Florida
5174659,2025,Kajus Kublickas,UNRESOLVED (no bbref row),19617,Pacific,,
5174659,2025,Kajus Kublickas,UNRESOLVED (no bbref row),50665,Florida,,
5105795,2023,Kaleb Banks,UNRESOLVED (no bbref row),19619,DePaul,,
5105795,2023,Kaleb Banks,UNRESOLVED (no bbref row),30782,Indiana,,
5105795,2024,Kaleb Banks,KEEP (bbref=Indiana),46318,Indiana,,
5105795,2024,Kaleb Banks,DELETE (phantom),19620,DePaul,46318,Indiana
5105795,2025,Kaleb Banks,KEEP (bbref=Tulane),53577,Tulane,,
5105795,2025,Kaleb Banks,DELETE (phantom),19621,DePaul,53577,Tulane
4690766,2022,Kaleb Brown,KEEP (bbref=Missouri),26932,Missouri,,
4690766,2022,Kaleb Brown,DELETE (phantom),19623,Robert Morris,26932,Missouri
4690766,2024,Kaleb Brown,UNRESOLVED (no bbref row),47087,Missouri,,
4690766,2024,Kaleb Brown,UNRESOLVED (no bbref row),19625,Robert Morris,,
4690766,2025,Kaleb Brown,KEEP (bbref=Cal State Fullerton),49982,Cal State Fullerton,,
4690766,2025,Kaleb Brown,DELETE (phantom),19626,Robert Morris,49982,Cal State Fullerton
4685668,2024,Kaleb Glenn,KEEP (bbref=Louisville),46698,Louisville,,
4685668,2024,Kaleb Glenn,DELETE (phantom),19628,Michigan State,46698,Louisville
4685668,2025,Kaleb Glenn,KEEP (bbref=Florida Atlantic),50642,Florida Atlantic,,
4685668,2025,Kaleb Glenn,DELETE (phantom),19629,Michigan State,50642,Florida Atlantic
5107153,2024,Kaleb Smith,KEEP (bbref=UC Riverside),48783,UC Riverside,,
5107153,2024,Kaleb Smith,DELETE (phantom),19635,Grand Canyon,48783,UC Riverside
5107153,2025,Kaleb Smith,KEEP (bbref=UC Riverside),53666,UC Riverside,,
5107153,2025,Kaleb Smith,DELETE (phantom),19636,Grand Canyon,53666,UC Riverside
4684293,2022,Kaleb Washington,UNRESOLVED (no bbref row),19639,Florida A&M,,
4684293,2022,Kaleb Washington,UNRESOLVED (no bbref row),25631,Dayton,,
4684293,2023,Kaleb Washington,UNRESOLVED (no bbref row),19640,Florida A&M,,
4684293,2023,Kaleb Washington,UNRESOLVED (no bbref row),30019,Dayton,,
5176274,2024,Kalifa Sakho,UNRESOLVED (no bbref row),19647,Houston,,
5176274,2024,Kalifa Sakho,UNRESOLVED (no bbref row),49061,Utah State,,
5176274,2025,Kalifa Sakho,UNRESOLVED (no bbref row),52948,Sam Houston,,
5176274,2025,Kalifa Sakho,UNRESOLVED (no bbref row),19648,Houston,,
5106205,2023,Kalu Anya,UNRESOLVED (no bbref row),19650,Saint Louis,,
5106205,2023,Kalu Anya,UNRESOLVED (no bbref row),29542,Brown,,
5106205,2024,Kalu Anya,KEEP (bbref=Brown),45258,Brown,,
5106205,2024,Kalu Anya,DELETE (phantom),19651,Saint Louis,45258,Brown
5176674,2024,Kam Burton,KEEP (bbref=Southeastern Louisiana),48000,Southeastern Louisiana,,
5176674,2024,Kam Burton,DELETE (phantom),19653,Stephen F. Austin,48000,Southeastern Louisiana
5176674,2025,Kam Burton,KEEP (bbref=Southeastern Louisiana),52809,Southeastern Louisiana,,
5176674,2025,Kam Burton,DELETE (phantom),19654,Stephen F. Austin,52809,Southeastern Louisiana
5105607,2023,Kam Craft,UNRESOLVED (no bbref row),19656,Georgia Tech,,
5105607,2023,Kam Craft,UNRESOLVED (no bbref row),33835,Xavier,,
5105607,2025,Kam Craft,KEEP (bbref=Miami (OH)),51758,Miami (OH),,
5105607,2025,Kam Craft,DELETE (phantom),19658,Georgia Tech,51758,Miami (OH)
5241906,2025,Kam Martin,KEEP (bbref=Long Beach State),51457,Long Beach State,,
5241906,2025,Kam Martin,DELETE (phantom),19660,Samford,51457,Long Beach State
4873183,2025,Kam Williams,KEEP (bbref=Tulane),53580,Tulane,,
4873183,2025,Kam Williams,DELETE (phantom),19665,Kentucky,53580,Tulane
4702046,2023,Kam Woods,KEEP (bbref=North Carolina A&T),31692,North Carolina A&T,,
4702046,2023,Kam Woods,DELETE (phantom),19667,Southern California,31692,North Carolina A&T
4702046,2024,Kam Woods,KEEP (bbref=NC State),47199,NC State,,
4702046,2024,Kam Woods,DELETE (phantom),19668,Southern California,47199,NC State
4702046,2025,Kam Woods,KEEP (bbref=Robert Morris),52779,Robert Morris,,
4702046,2025,Kam Woods,DELETE (phantom),19669,Southern California,52779,Robert Morris
5176378,2025,Kamari Jones,KEEP (bbref=Western Carolina),54139,Western Carolina,,
5176378,2025,Kamari Jones,DELETE (phantom),19671,Cleveland State,54139,Western Carolina
4610140,2023,Kamari Lands,KEEP (bbref=Louisville),31099,Louisville,,
4610140,2023,Kamari Lands,DELETE (phantom),19673,Middle Tennessee,31099,Louisville
4610140,2024,Kamari Lands,UNRESOLVED (no bbref row),19674,Middle Tennessee,,
4610140,2024,Kamari Lands,UNRESOLVED (no bbref row),44977,Arizona State,,
5144120,2025,Kameren Wright,KEEP (bbref=South Florida),53176,South Florida,,
5144120,2025,Kameren Wright,DELETE (phantom),19677,Morehead State,53176,South Florida
4683761,2024,Kanaan Carlyle,UNRESOLVED (no bbref row),19690,Florida Atlantic,,
4683761,2024,Kanaan Carlyle,UNRESOLVED (no bbref row),48449,Stanford,,
4683761,2025,Kanaan Carlyle,KEEP (bbref=Indiana),51123,Indiana,,
4683761,2025,Kanaan Carlyle,DELETE (phantom),19691,Florida Atlantic,51123,Indiana
5243212,2025,Kanon Catchings,KEEP (bbref=Brigham Young),49734,Brigham Young,,
5243212,2025,Kanon Catchings,DELETE (phantom),19693,Georgia,49734,Brigham Young
5105844,2023,Kanye Clary,KEEP (bbref=Penn State),32080,Penn State,,
5105844,2023,Kanye Clary,DELETE (phantom),19697,Oklahoma State,32080,Penn State
5105844,2024,Kanye Clary,KEEP (bbref=Penn State),47726,Penn State,,
5105844,2024,Kanye Clary,DELETE (phantom),19698,Oklahoma State,47726,Penn State
5105844,2025,Kanye Clary,KEEP (bbref=Mississippi State),51835,Mississippi State,,
5105844,2025,Kanye Clary,DELETE (phantom),19699,Oklahoma State,51835,Mississippi State
5108759,2023,Kanye Jones,UNRESOLVED (no bbref row),19701,South Carolina Upstate,,
5108759,2023,Kanye Jones,UNRESOLVED (no bbref row),29592,Buffalo,,
5108759,2024,Kanye Jones,KEEP (bbref=Buffalo),45303,Buffalo,,
5108759,2024,Kanye Jones,DELETE (phantom),19702,South Carolina Upstate,45303,Buffalo
5105885,2023,Kareem Rozier,KEEP (bbref=Duquesne),30146,Duquesne,,
5105885,2023,Kareem Rozier,DELETE (phantom),19705,Winthrop,30146,Duquesne
5105885,2025,Kareem Rozier,KEEP (bbref=Duquesne),50460,Duquesne,,
5105885,2025,Kareem Rozier,DELETE (phantom),19707,Winthrop,50460,Duquesne
5108720,2024,Kareem Watson,KEEP (bbref=Cal State Bakersfield),45335,Cal State Bakersfield,,
5108720,2024,Kareem Watson,DELETE (phantom),19712,Delaware State,45335,Cal State Bakersfield
5248277,2025,Karl Poom,KEEP (bbref=San Francisco),53020,San Francisco,,
5248277,2025,Karl Poom,DELETE (phantom),19715,Northern Arizona,53020,San Francisco
5176140,2024,Karon Boyd,KEEP (bbref=East Tennessee State),45801,East Tennessee State,,
5176140,2024,Karon Boyd,DELETE (phantom),19720,Wichita State,45801,East Tennessee State
5176140,2025,Karon Boyd,KEEP (bbref=East Tennessee State),50484,East Tennessee State,,
5176140,2025,Karon Boyd,DELETE (phantom),19721,Wichita State,50484,East Tennessee State
4589481,2022,Kasean Pryor,KEEP (bbref=Boise State),35540,Boise State,,
4589481,2022,Kasean Pryor,DELETE (phantom),19733,Louisville,35540,Boise State
4589481,2024,Kasean Pryor,KEEP (bbref=South Florida),48340,South Florida,,
4589481,2024,Kasean Pryor,DELETE (phantom),19735,Louisville,48340,South Florida
5108719,2025,Kaseem Watson,KEEP (bbref=Delaware State),50373,Delaware State,,
5108719,2025,Kaseem Watson,DELETE (phantom),19740,UTEP,50373,Delaware State
4700841,2022,Kasen Jennings,KEEP (bbref=Kennesaw State),26493,Kennesaw State,,
4700841,2022,Kasen Jennings,DELETE (phantom),19743,Appalachian State,26493,Kennesaw State
4700841,2023,Kasen Jennings,KEEP (bbref=Kennesaw State),30905,Kennesaw State,,
4700841,2023,Kasen Jennings,DELETE (phantom),19744,Appalachian State,30905,Kennesaw State
4700841,2025,Kasen Jennings,KEEP (bbref=South Florida),53173,South Florida,,
4700841,2025,Kasen Jennings,DELETE (phantom),19746,Appalachian State,53173,South Florida
5176404,2024,Kaspar Sepp,UNRESOLVED (no bbref row),19755,Cornell,,
5176404,2024,Kaspar Sepp,UNRESOLVED (no bbref row),49137,Valparaiso,,
5176404,2025,Kaspar Sepp,KEEP (bbref=Valparaiso),54009,Valparaiso,,
5176404,2025,Kaspar Sepp,DELETE (phantom),19756,Cornell,54009,Valparaiso
5177703,2024,Kavion McClain,UNRESOLVED (no bbref row),19760,Monmouth,,
5177703,2024,Kavion McClain,UNRESOLVED (no bbref row),44844,Abilene Christian,,
5177703,2025,Kavion McClain,KEEP (bbref=Texas Southern),53496,Texas Southern,,
5177703,2025,Kavion McClain,DELETE (phantom),19761,Monmouth,53496,Texas Southern
5243033,2025,Kavon Bradford,KEEP (bbref=Buffalo),49930,Buffalo,,
5243033,2025,Kavon Bradford,DELETE (phantom),19763,Northern Arizona,49930,Buffalo
5241246,2025,Kayde Dotson,KEEP (bbref=New Mexico),52072,New Mexico,,
5241246,2025,Kayde Dotson,DELETE (phantom),19765,Loyola (IL),52072,New Mexico
5103584,2024,Kayden Fish,UNRESOLVED (no bbref row),46375,Iowa State,,
5103584,2024,Kayden Fish,UNRESOLVED (no bbref row),19768,Ball State,,
5103584,2025,Kayden Fish,KEEP (bbref=Iowa State),51183,Iowa State,,
5103584,2025,Kayden Fish,DELETE (phantom),19769,Ball State,51183,Iowa State
4683756,2023,KeShawn Murphy,KEEP (bbref=Mississippi State),31385,Mississippi State,,
4683756,2023,KeShawn Murphy,DELETE (phantom),19920,Auburn,31385,Mississippi State
4683756,2024,KeShawn Murphy,UNRESOLVED (no bbref row),19921,Auburn,,
4683756,2024,KeShawn Murphy,UNRESOLVED (no bbref row),47037,Mississippi State,,
4683756,2025,KeShawn Murphy,KEEP (bbref=Mississippi State),51830,Mississippi State,,
4683756,2025,KeShawn Murphy,DELETE (phantom),19922,Auburn,51830,Mississippi State
5241003,2025,Kean Webb,UNRESOLVED (no bbref row),52999,San Diego,,
5241003,2025,Kean Webb,UNRESOLVED (no bbref row),19784,Portland State,,
5060685,2024,Keanu Dawes,KEEP (bbref=Rice),47924,Rice,,
5060685,2024,Keanu Dawes,DELETE (phantom),19786,Utah,47924,Rice
4898194,2022,Keaton Norris,UNRESOLVED (no bbref row),19790,Samford,,
4898194,2022,Keaton Norris,UNRESOLVED (no bbref row),29055,Wright State,,
4898194,2023,Keaton Norris,UNRESOLVED (no bbref row),19791,Samford,,
4898194,2023,Keaton Norris,UNRESOLVED (no bbref row),33814,Wright State,,
4898194,2025,Keaton Norris,UNRESOLVED (no bbref row),19793,Samford,,
4898194,2025,Keaton Norris,UNRESOLVED (no bbref row),54246,Wright State,,
5105647,2023,Keba Keita,KEEP (bbref=Utah),33487,Utah,,
5105647,2023,Keba Keita,DELETE (phantom),19796,Brigham Young,33487,Utah
5105647,2024,Keba Keita,KEEP (bbref=Utah),49085,Utah,,
5105647,2024,Keba Keita,DELETE (phantom),19797,Brigham Young,49085,Utah
5105845,2023,Kebba Njie,KEEP (bbref=Penn State),32081,Penn State,,
5105845,2023,Kebba Njie,DELETE (phantom),19800,Notre Dame,32081,Penn State
4702741,2023,Keegan Harvey,KEEP (bbref=George Washington),30448,George Washington,,
4702741,2023,Keegan Harvey,DELETE (phantom),19806,Bryant,30448,George Washington
4702741,2024,Keegan Harvey,KEEP (bbref=George Washington),46034,George Washington,,
4702741,2024,Keegan Harvey,DELETE (phantom),19807,Bryant,46034,George Washington
4702741,2025,Keegan Harvey,UNRESOLVED (no bbref row),19808,Bryant,,
4702741,2025,Keegan Harvey,UNRESOLVED (no bbref row),50796,George Washington,,
5241663,2025,Keenan Garner,KEEP (bbref=IU Indy),51041,IU Indy,,
5241663,2025,Keenan Garner,DELETE (phantom),19818,Central Michigan,51041,IU Indy
4684207,2023,Keeyan Itejere,KEEP (bbref=Marquette),31206,Marquette,,
4684207,2023,Keeyan Itejere,DELETE (phantom),19822,Rhode Island,31206,Marquette
4684207,2024,Keeyan Itejere,KEEP (bbref=Northern Kentucky),47521,Northern Kentucky,,
4684207,2024,Keeyan Itejere,DELETE (phantom),19823,Rhode Island,47521,Northern Kentucky
4684207,2025,Keeyan Itejere,UNRESOLVED (no bbref row),19824,Rhode Island,,
4684207,2025,Keeyan Itejere,UNRESOLVED (no bbref row),52320,Northern Kentucky,,
4702212,2022,Keishon Porter,UNRESOLVED (no bbref row),19829,Evansville,,
4702212,2022,Keishon Porter,UNRESOLVED (no bbref row),27689,Radford,,
4702212,2024,Keishon Porter,KEEP (bbref=North Carolina Central),47374,North Carolina Central,,
4702212,2024,Keishon Porter,DELETE (phantom),19831,Evansville,47374,North Carolina Central
4702212,2025,Keishon Porter,KEEP (bbref=North Carolina Central),52171,North Carolina Central,,
4702212,2025,Keishon Porter,DELETE (phantom),19832,Evansville,52171,North Carolina Central
5241440,2025,Keitenn Bristow,KEEP (bbref=Tarleton State),53396,Tarleton State,,
5241440,2025,Keitenn Bristow,DELETE (phantom),19834,Alabama,53396,Tarleton State
4585609,2022,Keith Lamar,KEEP (bbref=Stetson),28215,Stetson,,
4585609,2022,Keith Lamar,DELETE (phantom),19836,Southern,28215,Stetson
4585609,2024,Keith Lamar,KEEP (bbref=Florida A&M),45924,Florida A&M,,
4585609,2024,Keith Lamar,DELETE (phantom),19838,Southern,45924,Florida A&M
4585609,2025,Keith Lamar,KEEP (bbref=Stephen F. Austin),53315,Stephen F. Austin,,
4585609,2025,Keith Lamar,DELETE (phantom),19839,Southern,53315,Stephen F. Austin
5106673,2023,Kelechi Okworogwo,KEEP (bbref=Austin Peay),29362,Austin Peay,,
5106673,2023,Kelechi Okworogwo,DELETE (phantom),19851,North Carolina Central,29362,Austin Peay
5106673,2024,Kelechi Okworogwo,UNRESOLVED (no bbref row),46827,Maryland,,
5106673,2024,Kelechi Okworogwo,UNRESOLVED (no bbref row),19852,North Carolina Central,,
5113385,2023,Kellan Boylan,KEEP (bbref=Air Force),29132,Air Force,,
5113385,2023,Kellan Boylan,DELETE (phantom),19854,Lipscomb,29132,Air Force
5113385,2024,Kellan Boylan,UNRESOLVED (no bbref row),44858,Air Force,,
5113385,2024,Kellan Boylan,UNRESOLVED (no bbref row),19855,Lipscomb,,
5109018,2023,Kendall Blue,UNRESOLVED (bbref=St. Thomas matched 0 rows),19871,Nebraska,,
5109018,2023,Kendall Blue,UNRESOLVED (bbref=St. Thomas matched 0 rows),32800,William & Mary,,
5109018,2024,Kendall Blue,UNRESOLVED (no bbref row),19872,Nebraska,,
5109018,2024,Kendall Blue,UNRESOLVED (no bbref row),48436,William & Mary,,
5109018,2025,Kendall Blue,UNRESOLVED (bbref=St. Thomas matched 0 rows),19873,Nebraska,,
5109018,2025,Kendall Blue,UNRESOLVED (bbref=St. Thomas matched 0 rows),53280,William & Mary,,
4685654,2024,Kennard Davis Jr.,KEEP (bbref=Southern Illinois),48373,Southern Illinois,,
4685654,2024,Kennard Davis Jr.,DELETE (phantom),19880,Brigham Young,48373,Southern Illinois
4685654,2025,Kennard Davis Jr.,KEEP (bbref=Southern Illinois),53193,Southern Illinois,,
4685654,2025,Kennard Davis Jr.,DELETE (phantom),19881,Brigham Young,53193,Southern Illinois
5107262,2023,Kennedy Brown,KEEP (bbref=Omaha),32014,Omaha,,
5107262,2023,Kennedy Brown,DELETE (phantom),19883,Florida International,32014,Omaha
5243208,2025,Kent Jackson,KEEP (bbref=Jacksonville),51210,Jacksonville,,
5243208,2025,Kent Jackson,DELETE (phantom),19893,North Florida,51210,Jacksonville
5107508,2023,Kenyon Giles,UNRESOLVED (no bbref row),19896,Wichita State,,
5107508,2023,Kenyon Giles,UNRESOLVED (no bbref row),32250,Radford,,
5107508,2024,Kenyon Giles,KEEP (bbref=Radford),47891,Radford,,
5107508,2024,Kenyon Giles,DELETE (phantom),19897,Wichita State,47891,Radford
5107508,2025,Kenyon Giles,KEEP (bbref=UNC Greensboro),53800,UNC Greensboro,,
5107508,2025,Kenyon Giles,DELETE (phantom),19898,Wichita State,53800,UNC Greensboro
5106037,2023,Keon Thompson,KEEP (bbref=Massachusetts),31246,Massachusetts,,
5106037,2023,Keon Thompson,DELETE (phantom),19902,Stephen F. Austin,31246,Massachusetts
5106037,2024,Keon Thompson,UNRESOLVED (no bbref row),19903,Stephen F. Austin,,
5106037,2024,Keon Thompson,UNRESOLVED (no bbref row),46851,Massachusetts,,
5175785,2024,Keonte Jones,KEEP (bbref=Cal State Northridge),45351,Cal State Northridge,,
5175785,2024,Keonte Jones,DELETE (phantom),19906,Dayton,45351,Cal State Northridge
5175785,2025,Keonte Jones,KEEP (bbref=Cal State Northridge),49990,Cal State Northridge,,
5175785,2025,Keonte Jones,DELETE (phantom),19907,Dayton,49990,Cal State Northridge
5241488,2025,Kernan Bundy,KEEP (bbref=Iona),51152,Iona,,
5241488,2025,Kernan Bundy,DELETE (phantom),19910,Kansas City,51152,Iona
4683633,2022,Kerr Kriisa,UNRESOLVED (no bbref row),19912,Cincinnati,,
4683633,2022,Kerr Kriisa,UNRESOLVED (no bbref row),24971,Arizona,,
4683633,2023,Kerr Kriisa,KEEP (bbref=Arizona),29258,Arizona,,
4683633,2023,Kerr Kriisa,DELETE (phantom),19913,Cincinnati,29258,Arizona
4683633,2024,Kerr Kriisa,KEEP (bbref=West Virginia),49282,West Virginia,,
4683633,2024,Kerr Kriisa,DELETE (phantom),19914,Cincinnati,49282,West Virginia
4683633,2025,Kerr Kriisa,KEEP (bbref=Kentucky),51322,Kentucky,,
4683633,2025,Kerr Kriisa,DELETE (phantom),19915,Cincinnati,51322,Kentucky
4602029,2022,Keshawn Williams,KEEP (bbref=Northern Illinois),38017,Northern Illinois,,
4602029,2022,Keshawn Williams,DELETE (phantom),19924,Iona,38017,Northern Illinois
4602029,2023,Keshawn Williams,KEEP (bbref=Northern Illinois),31829,Northern Illinois,,
4602029,2023,Keshawn Williams,DELETE (phantom),19925,Iona,31829,Northern Illinois
4602029,2024,Keshawn Williams,KEEP (bbref=Northern Illinois),47493,Northern Illinois,,
4602029,2024,Keshawn Williams,DELETE (phantom),19926,Iona,47493,Northern Illinois
4602029,2025,Keshawn Williams,KEEP (bbref=Colorado State),50245,Colorado State,,
4602029,2025,Keshawn Williams,DELETE (phantom),19927,Iona,50245,Colorado State
5176314,2025,Kevin Overton,KEEP (bbref=Texas Tech),53529,Texas Tech,,
5176314,2025,Kevin Overton,DELETE (phantom),19942,Auburn,53529,Texas Tech
5176443,2024,Kevin Patton Jr.,KEEP (bbref=San Diego),48176,San Diego,,
5176443,2024,Kevin Patton Jr.,DELETE (phantom),19944,New Mexico,48176,San Diego
5176443,2025,Kevin Patton Jr.,KEEP (bbref=Southern California),53852,Southern California,,
5176443,2025,Kevin Patton Jr.,DELETE (phantom),19945,New Mexico,53852,Southern California
5238199,2025,Kevin Pazmino,KEEP (bbref=Florida),50668,Florida,,
5238199,2025,Kevin Pazmino,DELETE (phantom),19947,Nicholls State,50668,Florida
5176451,2024,Keyon Kensie Jr.,KEEP (bbref=San Diego),48180,San Diego,,
5176451,2024,Keyon Kensie Jr.,DELETE (phantom),19953,Portland State,48180,San Diego
5176451,2025,Keyon Kensie Jr.,KEEP (bbref=San Diego),52995,San Diego,,
5176451,2025,Keyon Kensie Jr.,DELETE (phantom),19954,Portland State,52995,San Diego
5106634,2023,Keyontae Lewis,KEEP (bbref=Wagner),19957,Wagner,,
5106634,2023,Keyontae Lewis,DELETE (phantom),19956,Norfolk State,19957,Wagner
5106634,2024,Keyontae Lewis,UNRESOLVED (no bbref row),19958,Norfolk State,,
5106634,2024,Keyontae Lewis,UNRESOLVED (no bbref row),19959,Wagner,,
5106634,2025,Keyontae Lewis,UNRESOLVED (no bbref row),19961,Wagner,,
5106634,2025,Keyontae Lewis,UNRESOLVED (no bbref row),19960,Norfolk State,,
5075625,2023,Keyshawn Hall,KEEP (bbref=Nevada-Las Vegas),33365,Nevada-Las Vegas,,
5075625,2023,Keyshawn Hall,DELETE (phantom),19962,Auburn,33365,Nevada-Las Vegas
5075625,2024,Keyshawn Hall,KEEP (bbref=George Mason),46011,George Mason,,
5075625,2024,Keyshawn Hall,DELETE (phantom),19963,Auburn,46011,George Mason
5174851,2024,Keyshawn Mitchell,KEEP (bbref=Bryant),45282,Bryant,,
5174851,2024,Keyshawn Mitchell,DELETE (phantom),19966,Virginia Commonwealth,45282,Bryant
5174851,2025,Keyshawn Mitchell,KEEP (bbref=Bryant),49900,Bryant,,
5174851,2025,Keyshawn Mitchell,DELETE (phantom),19967,Virginia Commonwealth,49900,Bryant
4897575,2022,Kezza Giffa,KEEP (bbref=UTEP),28670,UTEP,,
4897575,2022,Kezza Giffa,DELETE (phantom),19971,Mississippi,28670,UTEP
4897575,2025,Kezza Giffa,UNRESOLVED (no bbref row),19974,Mississippi,,
4897575,2025,Kezza Giffa,UNRESOLVED (no bbref row),50955,High Point,,
5177137,2024,Khaden Bennett,KEEP (bbref=Quinnipiac),47888,Quinnipiac,,
5177137,2024,Khaden Bennett,DELETE (phantom),19977,Wyoming,47888,Quinnipiac
5177137,2025,Khaden Bennett,KEEP (bbref=Quinnipiac),52701,Quinnipiac,,
5177137,2025,Khaden Bennett,DELETE (phantom),19978,Wyoming,52701,Quinnipiac
5239768,2025,Khalil Badru,KEEP (bbref=New Hampshire),52052,New Hampshire,,
5239768,2025,Khalil Badru,DELETE (phantom),19985,Iona,52052,New Hampshire
5105717,2024,Khalil Farmer,KEEP (bbref=Hofstra),46181,Hofstra,,
5105717,2024,Khalil Farmer,DELETE (phantom),19987,Massachusetts-Lowell,46181,Hofstra
5105717,2025,Khalil Farmer,KEEP (bbref=Hofstra),50980,Hofstra,,
5105717,2025,Khalil Farmer,DELETE (phantom),19988,Massachusetts-Lowell,50980,Hofstra
5105760,2024,Khalil London,KEEP (bbref=College of Charleston),45463,College of Charleston,,
5105760,2024,Khalil London,DELETE (phantom),19990,Tennessee State,45463,College of Charleston
4873206,2025,Khaman Maker,KEEP (bbref=St. John's (NY)),53278,St. John's (NY),,
4873206,2025,Khaman Maker,DELETE (phantom),19995,DePaul,53278,St. John's (NY)
4897715,2022,Khamari McGriff,KEEP (bbref=UNC Wilmington),28596,UNC Wilmington,,
4897715,2022,Khamari McGriff,DELETE (phantom),19999,Kansas State,28596,UNC Wilmington
4897715,2023,Khamari McGriff,KEEP (bbref=UNC Wilmington),33355,UNC Wilmington,,
4897715,2023,Khamari McGriff,DELETE (phantom),20000,Kansas State,33355,UNC Wilmington
4897715,2024,Khamari McGriff,UNRESOLVED (no bbref row),20001,Kansas State,,
4897715,2024,Khamari McGriff,UNRESOLVED (no bbref row),48953,UNC Wilmington,,
4897715,2025,Khamari McGriff,UNRESOLVED (no bbref row),20002,Kansas State,,
4897715,2025,Khamari McGriff,UNRESOLVED (no bbref row),53816,UNC Wilmington,,
5108121,2023,Kheni Briggs,UNRESOLVED (no bbref row),20007,New Haven,,
5108121,2023,Kheni Briggs,UNRESOLVED (no bbref row),29784,Charleston Southern,,
5108121,2025,Kheni Briggs,KEEP (bbref=Albany (NY)),53626,Albany (NY),,
5108121,2025,Kheni Briggs,DELETE (phantom),20009,New Haven,53626,Albany (NY)
5242551,2025,Khouri Carvey,KEEP (bbref=Morehead State),51928,Morehead State,,
5242551,2025,Khouri Carvey,DELETE (phantom),20012,North Carolina Central,51928,Morehead State
5174932,2024,KiJan Robinson,KEEP (bbref=Hofstra),46178,Hofstra,,
5174932,2024,KiJan Robinson,DELETE (phantom),20018,New Hampshire,46178,Hofstra
5174932,2025,KiJan Robinson,UNRESOLVED (no bbref row),20019,New Hampshire,,
5174932,2025,KiJan Robinson,UNRESOLVED (no bbref row),50978,Hofstra,,
5176465,2024,Kilian Brockhoff,KEEP (bbref=UC Santa Barbara),48814,UC Santa Barbara,,
5176465,2024,Kilian Brockhoff,DELETE (phantom),20021,William & Mary,48814,UC Santa Barbara
5176465,2025,Kilian Brockhoff,UNRESOLVED (no bbref row),20022,William & Mary,,
5176465,2025,Kilian Brockhoff,UNRESOLVED (no bbref row),52915,Saint Louis,,
5107810,2023,Killian Gribben,UNRESOLVED (no bbref row),20024,Maine,,
5107810,2023,Killian Gribben,UNRESOLVED (no bbref row),32617,Siena,,
5107810,2024,Killian Gribben,UNRESOLVED (no bbref row),20025,Maine,,
5107810,2024,Killian Gribben,UNRESOLVED (no bbref row),48266,Siena,,
5105538,2023,Kimani Hamilton,UNRESOLVED (no bbref row),20029,Nevada-Las Vegas,,
5105538,2023,Kimani Hamilton,UNRESOLVED (no bbref row),31387,Mississippi State,,
5105538,2025,Kimani Hamilton,UNRESOLVED (no bbref row),20031,Nevada-Las Vegas,,
5105538,2025,Kimani Hamilton,UNRESOLVED (no bbref row),50957,High Point,,
5177572,2024,Kintavious Dozier,KEEP (bbref=Grambling),46091,Grambling,,
5177572,2024,Kintavious Dozier,DELETE (phantom),20039,Alabama A&M,46091,Grambling
5177572,2025,Kintavious Dozier,UNRESOLVED (no bbref row),20040,Alabama A&M,,
5177572,2025,Kintavious Dozier,UNRESOLVED (no bbref row),50883,Grambling,,
5176321,2024,Kiree Huie,KEEP (bbref=Idaho State),46244,Idaho State,,
5176321,2024,Kiree Huie,DELETE (phantom),20043,Eastern Washington,46244,Idaho State
5176321,2025,Kiree Huie,KEEP (bbref=Miami (FL)),51782,Miami (FL),,
5176321,2025,Kiree Huie,DELETE (phantom),20044,Eastern Washington,51782,Miami (FL)
4897148,2022,Kirk Cole,KEEP (bbref=Troy),39307,Troy,,
4897148,2022,Kirk Cole,DELETE (phantom),20047,Oklahoma State,39307,Troy
4897148,2023,Kirk Cole,UNRESOLVED (no bbref row),20048,Oklahoma State,,
4897148,2023,Kirk Cole,UNRESOLVED (no bbref row),33113,Troy,,
4896884,2023,Kobe Knox,KEEP (bbref=Grand Canyon),30544,Grand Canyon,,
4896884,2023,Kobe Knox,DELETE (phantom),20084,South Carolina,30544,Grand Canyon
4896884,2024,Kobe Knox,KEEP (bbref=South Florida),48341,South Florida,,
4896884,2024,Kobe Knox,DELETE (phantom),20085,South Carolina,48341,South Florida
4896884,2025,Kobe Knox,KEEP (bbref=South Florida),53169,South Florida,,
4896884,2025,Kobe Knox,DELETE (phantom),20086,South Carolina,53169,South Florida
5105779,2023,Kobe MaGee,KEEP (bbref=Drexel),30114,Drexel,,
5105779,2023,Kobe MaGee,DELETE (phantom),20088,Florida State,30114,Drexel
5105779,2024,Kobe MaGee,KEEP (bbref=Drexel),45761,Drexel,,
5105779,2024,Kobe MaGee,DELETE (phantom),20089,Florida State,45761,Drexel
5105779,2025,Kobe MaGee,KEEP (bbref=Drexel),50427,Drexel,,
5105779,2025,Kobe MaGee,DELETE (phantom),20090,Florida State,50427,Drexel
5174946,2024,Kobe Rodgers,KEEP (bbref=College of Charleston),45457,College of Charleston,,
5174946,2024,Kobe Rodgers,DELETE (phantom),20092,Louisville,45457,College of Charleston
4906515,2025,Kody Clouet,KEEP (bbref=San Diego),52991,San Diego,,
4906515,2025,Kody Clouet,DELETE (phantom),20103,Winthrop,52991,San Diego
5107203,2023,Kody Williams,KEEP (bbref=Hawaii),30604,Hawaii,,
5107203,2023,Kody Williams,DELETE (phantom),20105,Hampton,30604,Hawaii
5107203,2024,Kody Williams,KEEP (bbref=Hawaii),46171,Hawaii,,
5107203,2024,Kody Williams,DELETE (phantom),20106,Hampton,46171,Hawaii
5107203,2025,Kody Williams,UNRESOLVED (no bbref row),20107,Hampton,,
5107203,2025,Kody Williams,UNRESOLVED (no bbref row),50946,Hawaii,,
5105604,2023,Kolby King,KEEP (bbref=St. John's (NY)),32790,St. John's (NY),,
5105604,2023,Kolby King,DELETE (phantom),20116,Utah State,32790,St. John's (NY)
5105604,2024,Kolby King,KEEP (bbref=Tulane),48703,Tulane,,
5105604,2024,Kolby King,DELETE (phantom),20117,Utah State,48703,Tulane
5105604,2025,Kolby King,KEEP (bbref=Butler),49941,Butler,,
5105604,2025,Kolby King,DELETE (phantom),20118,Utah State,49941,Butler
5176318,2024,Kolton Mitchell,KEEP (bbref=Idaho State),46246,Idaho State,,
5176318,2024,Kolton Mitchell,DELETE (phantom),20122,Idaho,46246,Idaho State
4898343,2022,Kooper Jacobi,KEEP (bbref=Toledo),28403,Toledo,,
4898343,2022,Kooper Jacobi,DELETE (phantom),20125,Eastern Illinois,28403,Toledo
5176333,2024,Koree Cotton,UNRESOLVED (no bbref row),20133,Texas-Rio Grande Valley,,
5176333,2024,Koree Cotton,UNRESOLVED (no bbref row),49118,VMI,,
5176333,2025,Koree Cotton,KEEP (bbref=Jacksonville State),51221,Jacksonville State,,
5176333,2025,Koree Cotton,DELETE (phantom),20134,Texas-Rio Grande Valley,51221,Jacksonville State
5105649,2023,Koren Johnson,UNRESOLVED (no bbref row),20136,Mississippi,,
5105649,2023,Koren Johnson,UNRESOLVED (no bbref row),33637,Washington,,
5105649,2024,Koren Johnson,KEEP (bbref=Washington),49241,Washington,,
5105649,2024,Koren Johnson,DELETE (phantom),20137,Mississippi,49241,Washington
5105649,2025,Koren Johnson,UNRESOLVED (no bbref row),20138,Mississippi,,
5105649,2025,Koren Johnson,UNRESOLVED (no bbref row),51531,Louisville,,
5174561,2025,Koron Davis,KEEP (bbref=Louisiana),51498,Louisiana,,
5174561,2025,Koron Davis,DELETE (phantom),20140,Alabama A&M,51498,Louisiana
5175671,2024,Kory Mincy,KEEP (bbref=Presbyterian),47815,Presbyterian,,
5175671,2024,Kory Mincy,DELETE (phantom),20142,George Mason,47815,Presbyterian
5175671,2025,Kory Mincy,KEEP (bbref=Presbyterian),52627,Presbyterian,,
5175671,2025,Kory Mincy,DELETE (phantom),20143,George Mason,52627,Presbyterian
5109787,2023,Kosy Akametu,UNRESOLVED (no bbref row),20147,Iona,,
5109787,2023,Kosy Akametu,UNRESOLVED (no bbref row),32579,Santa Clara,,
5109787,2024,Kosy Akametu,UNRESOLVED (no bbref row),20148,Iona,,
5109787,2024,Kosy Akametu,UNRESOLVED (no bbref row),48227,Santa Clara,,
5109787,2025,Kosy Akametu,KEEP (bbref=Santa Clara),53041,Santa Clara,,
5109787,2025,Kosy Akametu,DELETE (phantom),20149,Iona,53041,Santa Clara
4683757,2022,Kowacie Reeves Jr.,KEEP (bbref=Florida),25890,Florida,,
4683757,2022,Kowacie Reeves Jr.,DELETE (phantom),20151,Georgia Tech,25890,Florida
4683757,2023,Kowacie Reeves Jr.,UNRESOLVED (no bbref row),20152,Georgia Tech,,
4683757,2023,Kowacie Reeves Jr.,UNRESOLVED (no bbref row),30316,Florida,,
5174796,2024,Kris Keinys,UNRESOLVED (no bbref row),20157,Pacific,,
5174796,2024,Kris Keinys,UNRESOLVED (no bbref row),47025,Minnesota,,
4848623,2025,Kris Parker,KEEP (bbref=Villanova),54049,Villanova,,
4848623,2025,Kris Parker,DELETE (phantom),20159,UCF,54049,Villanova
4709150,2022,Kuluel Mading,KEEP (bbref=Buffalo),25257,Buffalo,,
4709150,2022,Kuluel Mading,DELETE (phantom),20168,Charlotte,25257,Buffalo
4709150,2023,Kuluel Mading,KEEP (bbref=Buffalo),29590,Buffalo,,
4709150,2023,Kuluel Mading,DELETE (phantom),20169,Charlotte,29590,Buffalo
4709150,2024,Kuluel Mading,KEEP (bbref=Norfolk State),47334,Norfolk State,,
4709150,2024,Kuluel Mading,DELETE (phantom),20170,Charlotte,47334,Norfolk State
4709150,2025,Kuluel Mading,KEEP (bbref=Norfolk State),52134,Norfolk State,,
4709150,2025,Kuluel Mading,DELETE (phantom),20171,Charlotte,52134,Norfolk State
5176685,2024,Kwo Agwa,KEEP (bbref=East Texas A&M),45812,East Texas A&M,,
5176685,2024,Kwo Agwa,DELETE (phantom),20181,Texas-Rio Grande Valley,45812,East Texas A&M
5093253,2024,Kyan Evans,KEEP (bbref=Colorado State),45618,Colorado State,,
5093253,2024,Kyan Evans,DELETE (phantom),20184,North Carolina,45618,Colorado State
5093253,2025,Kyan Evans,KEEP (bbref=Colorado State),50242,Colorado State,,
5093253,2025,Kyan Evans,DELETE (phantom),20185,North Carolina,50242,Colorado State
5179289,2024,Kye Dickson,KEEP (bbref=North Carolina Central),47381,North Carolina Central,,
5179289,2024,Kye Dickson,DELETE (phantom),20187,Texas-Rio Grande Valley,47381,North Carolina Central
5105531,2023,KyeRon Lindsay-Martin,UNRESOLVED (no bbref row),20190,Murray State,,
5105531,2023,KyeRon Lindsay-Martin,UNRESOLVED (no bbref row),20191,UAB,,
5105531,2023,KyeRon Lindsay-Martin,UNRESOLVED (no bbref row),30473,Georgia,,
5105531,2024,KyeRon Lindsay-Martin,UNRESOLVED (no bbref row),20192,Murray State,,
5105531,2024,KyeRon Lindsay-Martin,UNRESOLVED (no bbref row),20193,UAB,,
5105531,2024,KyeRon Lindsay-Martin,UNRESOLVED (no bbref row),48652,Texas Tech,,
5105531,2025,KyeRon Lindsay-Martin,UNRESOLVED (no bbref row),20194,Murray State,,
5105531,2025,KyeRon Lindsay-Martin,UNRESOLVED (no bbref row),20195,UAB,,
5107233,2023,Kylan Blackmon,KEEP (bbref=Coastal Carolina),29877,Coastal Carolina,,
5107233,2023,Kylan Blackmon,DELETE (phantom),20197,Charlotte,29877,Coastal Carolina
5107233,2024,Kylan Blackmon,KEEP (bbref=Coastal Carolina),45565,Coastal Carolina,,
5107233,2024,Kylan Blackmon,DELETE (phantom),20198,Charlotte,45565,Coastal Carolina
4684269,2023,Kylan Boswell,KEEP (bbref=Arizona),29260,Arizona,,
4684269,2023,Kylan Boswell,DELETE (phantom),20201,Illinois,29260,Arizona
4684269,2024,Kylan Boswell,UNRESOLVED (no bbref row),20202,Illinois,,
4684269,2024,Kylan Boswell,UNRESOLVED (no bbref row),44990,Arizona,,
3138247,2016,Kyle Brown,UNRESOLVED (no bbref row),76386,Texas A&M-Corpus Christi,,
3138247,2016,Kyle Brown,UNRESOLVED (no bbref row),73434,Cornell,,
4816087,2024,Kyle Cuffe Jr.,KEEP (bbref=Syracuse),48527,Syracuse,,
4816087,2024,Kyle Cuffe Jr.,DELETE (phantom),20214,Mercer,48527,Syracuse
4816087,2025,Kyle Cuffe Jr.,KEEP (bbref=Syracuse),53371,Syracuse,,
4816087,2025,Kyle Cuffe Jr.,DELETE (phantom),20215,Mercer,53371,Syracuse
5107567,2023,Kyle Evans,KEEP (bbref=Colorado State),29918,Colorado State,,
5107567,2023,Kyle Evans,DELETE (phantom),20219,UC Irvine,29918,Colorado State
5107567,2024,Kyle Evans,KEEP (bbref=Colorado State),45615,Colorado State,,
5107567,2024,Kyle Evans,DELETE (phantom),20220,UC Irvine,45615,Colorado State
5177610,2024,Kyle Layton,UNRESOLVED (no bbref row),48566,Tennessee Tech,,
5177610,2024,Kyle Layton,UNRESOLVED (no bbref row),20230,Eastern Illinois,,
5177610,2025,Kyle Layton,KEEP (bbref=Tennessee Tech),53446,Tennessee Tech,,
5177610,2025,Kyle Layton,DELETE (phantom),20231,Eastern Illinois,53446,Tennessee Tech
5107708,2024,Kyle Thomas,KEEP (bbref=Bradley),45250,Bradley,,
5107708,2024,Kyle Thomas,DELETE (phantom),20240,SIU Edwardsville,45250,Bradley
5107969,2023,Kyler Vanderjagt,KEEP (bbref=Belmont),29435,Belmont,,
5107969,2023,Kyler Vanderjagt,DELETE (phantom),20245,Toledo,29435,Belmont
5107969,2024,Kyler Vanderjagt,KEEP (bbref=Belmont),45153,Belmont,,
5107969,2024,Kyler Vanderjagt,DELETE (phantom),20246,Toledo,45153,Belmont
5107969,2025,Kyler Vanderjagt,KEEP (bbref=Central Michigan),50088,Central Michigan,,
5107969,2025,Kyler Vanderjagt,DELETE (phantom),20247,Toledo,50088,Central Michigan
5241376,2025,Kylin Green,KEEP (bbref=Utah Valley),53970,Utah Valley,,
5241376,2025,Kylin Green,DELETE (phantom),20249,Houston Christian,53970,Utah Valley
5105659,2023,Kymany Houinsou,UNRESOLVED (no bbref row),20251,Loyola (IL),,
5105659,2023,Kymany Houinsou,UNRESOLVED (no bbref row),33651,Washington State,,
5105659,2024,Kymany Houinsou,KEEP (bbref=Washington State),49259,Washington State,,
5105659,2024,Kymany Houinsou,DELETE (phantom),20252,Loyola (IL),49259,Washington State
4703205,2022,Kyndall Davis,KEEP (bbref=Long Island University),37173,Long Island University,,
4703205,2022,Kyndall Davis,DELETE (phantom),20255,Texas State,37173,Long Island University
4703205,2025,Kyndall Davis,KEEP (bbref=Louisiana),51502,Louisiana,,
4703205,2025,Kyndall Davis,DELETE (phantom),20258,Texas State,51502,Louisiana
5106697,2023,Kyrese Mullen,KEEP (bbref=Hampton),30567,Hampton,,
5106697,2023,Kyrese Mullen,DELETE (phantom),20263,New Mexico State,30567,Hampton
5106697,2024,Kyrese Mullen,KEEP (bbref=Hampton),46130,Hampton,,
5106697,2024,Kyrese Mullen,DELETE (phantom),20264,New Mexico State,46130,Hampton
5106697,2025,Kyrese Mullen,UNRESOLVED (no bbref row),20265,New Mexico State,,
5106697,2025,Kyrese Mullen,UNRESOLVED (no bbref row),50930,Hampton,,
5240023,2025,Kyric Davis,KEEP (bbref=West Georgia),54108,West Georgia,,
5240023,2025,Kyric Davis,DELETE (phantom),20267,North Carolina Central,54108,West Georgia
5176206,2024,LA Hayes,KEEP (bbref=Kent State),46487,Kent State,,
5176206,2024,LA Hayes,DELETE (phantom),20273,UTEP,46487,Kent State
5105787,2023,LA Pratt,UNRESOLVED (no bbref row),20276,Northeastern,,
5105787,2023,LA Pratt,UNRESOLVED (no bbref row),30242,Elon,,
5105787,2024,LA Pratt,UNRESOLVED (no bbref row),45871,Elon,,
5105787,2024,LA Pratt,UNRESOLVED (no bbref row),20277,Northeastern,,
4683842,2023,LJ Thomas,KEEP (bbref=NC State),31520,NC State,,
4683842,2023,LJ Thomas,DELETE (phantom),20509,Old Dominion,31520,NC State
4683842,2024,LJ Thomas,KEEP (bbref=NC State),47197,NC State,,
4683842,2024,LJ Thomas,DELETE (phantom),20510,Old Dominion,47197,NC State
4683842,2025,LJ Thomas,UNRESOLVED (no bbref row),20511,Old Dominion,,
4683842,2025,LJ Thomas,UNRESOLVED (no bbref row),49713,Austin Peay,,
5241308,2025,Lachlan Brewer,UNRESOLVED (no bbref row),52853,Sacramento State,,
5241308,2025,Lachlan Brewer,UNRESOLVED (no bbref row),20282,Idaho State,,
5117582,2024,Ladji Dembele,KEEP (bbref=Iowa),46360,Iowa,,
5117582,2024,Ladji Dembele,DELETE (phantom),20286,Nevada-Las Vegas,46360,Iowa
5117582,2025,Ladji Dembele,KEEP (bbref=Iowa),51166,Iowa,,
5117582,2025,Ladji Dembele,DELETE (phantom),20287,Nevada-Las Vegas,51166,Iowa
5108969,2023,Lajae Jones,KEEP (bbref=Tarleton State),32917,Tarleton State,,
5108969,2023,Lajae Jones,DELETE (phantom),20291,Florida State,32917,Tarleton State
5108969,2025,Lajae Jones,UNRESOLVED (no bbref row),53256,St. Bonaventure,,
5108969,2025,Lajae Jones,UNRESOLVED (no bbref row),20293,Florida State,,
5106284,2023,Lamar Washington,UNRESOLVED (no bbref row),20295,Georgia Tech,,
5106284,2023,Lamar Washington,UNRESOLVED (no bbref row),33053,Texas Tech,,
5106284,2024,Lamar Washington,KEEP (bbref=Texas Tech),48654,Texas Tech,,
5106284,2024,Lamar Washington,DELETE (phantom),20296,Georgia Tech,48654,Texas Tech
5106284,2025,Lamar Washington,UNRESOLVED (no bbref row),20297,Georgia Tech,,
5106284,2025,Lamar Washington,UNRESOLVED (no bbref row),52521,Pacific,,
5105876,2023,Lamar Wilkerson,UNRESOLVED (no bbref row),20299,Indiana,,
5105876,2023,Lamar Wilkerson,UNRESOLVED (no bbref row),32478,Sam Houston,,
5105876,2024,Lamar Wilkerson,KEEP (bbref=Sam Houston),48127,Sam Houston,,
5105876,2024,Lamar Wilkerson,DELETE (phantom),20300,Indiana,48127,Sam Houston
5105876,2025,Lamar Wilkerson,KEEP (bbref=Sam Houston),52944,Sam Houston,,
5105876,2025,Lamar Wilkerson,DELETE (phantom),20301,Indiana,52944,Sam Houston
4897691,2022,Lamin Sabally,KEEP (bbref=UTSA),28683,UTSA,,
4897691,2022,Lamin Sabally,DELETE (phantom),20303,Iona,28683,UTSA
4897691,2023,Lamin Sabally,UNRESOLVED (no bbref row),20304,Iona,,
4897691,2023,Lamin Sabally,UNRESOLVED (no bbref row),33448,UTSA,,
4897691,2025,Lamin Sabally,KEEP (bbref=Incarnate Word),51107,Incarnate Word,,
4897691,2025,Lamin Sabally,DELETE (phantom),20306,Iona,51107,Incarnate Word
5108101,2023,Lamine Niang,UNRESOLVED (no bbref row),20308,Tennessee-Martin,,
5108101,2023,Lamine Niang,UNRESOLVED (no bbref row),29659,Cal State Northridge,,
5107275,2023,Lance Waddles,KEEP (bbref=North Dakota State),31759,North Dakota State,,
5107275,2023,Lance Waddles,DELETE (phantom),20318,Omaha,31759,North Dakota State
5107275,2024,Lance Waddles,KEEP (bbref=North Dakota State),47417,North Dakota State,,
5107275,2024,Lance Waddles,DELETE (phantom),20319,Omaha,47417,North Dakota State
5106612,2023,Landon Moore,UNRESOLVED (no bbref row),20335,Illinois State,,
5106612,2023,Landon Moore,UNRESOLVED (no bbref row),32411,Saint Francis (PA),,
5106612,2024,Landon Moore,KEEP (bbref=Butler),45318,Butler,,
5106612,2024,Landon Moore,DELETE (phantom),20336,Illinois State,45318,Butler
5106612,2025,Landon Moore,KEEP (bbref=Butler),49944,Butler,,
5106612,2025,Landon Moore,DELETE (phantom),20337,Illinois State,49944,Butler
4897478,2023,Landon Wolf,KEEP (bbref=Northern Iowa),31849,Northern Iowa,,
4897478,2023,Landon Wolf,DELETE (phantom),20345,Illinois State,31849,Northern Iowa
4897478,2024,Landon Wolf,KEEP (bbref=Northern Iowa),47508,Northern Iowa,,
4897478,2024,Landon Wolf,DELETE (phantom),20346,Illinois State,47508,Northern Iowa
5242134,2025,Landren Blocker,UNRESOLVED (no bbref row),51520,Louisiana Tech,,
5242134,2025,Landren Blocker,UNRESOLVED (no bbref row),20349,Southeast Missouri State,,
4433265,2023,Langston Love,KEEP (bbref=Baylor),29399,Baylor,,
4433265,2023,Langston Love,DELETE (phantom),20356,Georgetown,29399,Baylor
4433265,2024,Langston Love,UNRESOLVED (no bbref row),20357,Georgetown,,
4433265,2024,Langston Love,UNRESOLVED (no bbref row),45125,Baylor,,
5107857,2023,Langston Reynolds,KEEP (bbref=Northern Colorado),31823,Northern Colorado,,
5107857,2023,Langston Reynolds,DELETE (phantom),20364,Minnesota,31823,Northern Colorado
5107857,2024,Langston Reynolds,KEEP (bbref=Northern Colorado),47479,Northern Colorado,,
5107857,2024,Langston Reynolds,DELETE (phantom),20365,Minnesota,47479,Northern Colorado
5107857,2025,Langston Reynolds,KEEP (bbref=Northern Colorado),52274,Northern Colorado,,
5107857,2025,Langston Reynolds,DELETE (phantom),20366,Minnesota,52274,Northern Colorado
5105981,2023,Larry Hughes II,UNRESOLVED (no bbref row),20368,Cal State Northridge,,
5105981,2023,Larry Hughes II,UNRESOLVED (no bbref row),32448,Saint Louis,,
5105981,2024,Larry Hughes II,KEEP (bbref=Saint Louis),48094,Saint Louis,,
5105981,2024,Larry Hughes II,DELETE (phantom),20369,Cal State Northridge,48094,Saint Louis
5105981,2025,Larry Hughes II,UNRESOLVED (no bbref row),52910,Saint Louis,,
5105981,2025,Larry Hughes II,UNRESOLVED (no bbref row),20370,Cal State Northridge,,
4897052,2022,Lassina Traore,UNRESOLVED (no bbref row),20375,Texas,,
4897052,2022,Lassina Traore,UNRESOLVED (no bbref row),20376,Xavier,,
4897052,2022,Lassina Traore,UNRESOLVED (no bbref row),27873,Saint Louis,,
4897052,2023,Lassina Traore,KEEP (bbref=Long Beach State),31026,Long Beach State,,
4897052,2023,Lassina Traore,DELETE (phantom),20377,Texas,31026,Long Beach State
4897052,2023,Lassina Traore,DELETE (phantom),20378,Xavier,31026,Long Beach State
4897052,2024,Lassina Traore,KEEP (bbref=Long Beach State),46630,Long Beach State,,
4897052,2024,Lassina Traore,DELETE (phantom),20379,Texas,46630,Long Beach State
4897052,2024,Lassina Traore,DELETE (phantom),20380,Xavier,46630,Long Beach State
5101689,2025,Lathan Sommerville,KEEP (bbref=Rutgers),52793,Rutgers,,
5101689,2025,Lathan Sommerville,DELETE (phantom),20385,Washington,52793,Rutgers
5176251,2024,Latrell Davis,KEEP (bbref=San Jose State),48206,San Jose State,,
5176251,2024,Latrell Davis,DELETE (phantom),20389,San Diego State,48206,San Jose State
5176251,2025,Latrell Davis,KEEP (bbref=San Jose State),53023,San Jose State,,
5176251,2025,Latrell Davis,DELETE (phantom),20390,San Diego State,53023,San Jose State
4702484,2022,Latrell Wrightsell,KEEP (bbref=Cal State Fullerton),25308,Cal State Fullerton,,
4702484,2022,Latrell Wrightsell,DELETE (phantom),20391,Alabama,25308,Cal State Fullerton
4702484,2023,Latrell Wrightsell,UNRESOLVED (no bbref row),20392,Alabama,,
4702484,2023,Latrell Wrightsell,UNRESOLVED (no bbref row),29634,Cal State Fullerton,,
5106632,2023,Lavell Brodnex,UNRESOLVED (no bbref row),33611,Wagner,,
5106632,2023,Lavell Brodnex,UNRESOLVED (no bbref row),20398,Louisiana-Monroe,,
4845358,2024,Layden Blocker,UNRESOLVED (no bbref row),20402,DePaul,,
4845358,2024,Layden Blocker,UNRESOLVED (no bbref row),45009,Arkansas,,
5239783,2025,Layne Taylor,KEEP (bbref=Central Arkansas),50059,Central Arkansas,,
5239783,2025,Layne Taylor,DELETE (phantom),20405,Murray State,50059,Central Arkansas
5175368,2024,Lazar Djokovic,KEEP (bbref=Xavier),49439,Xavier,,
5175368,2024,Lazar Djokovic,DELETE (phantom),20407,Virginia Commonwealth,49439,Xavier
5175368,2025,Lazar Djokovic,KEEP (bbref=College of Charleston),50103,College of Charleston,,
5175368,2025,Lazar Djokovic,DELETE (phantom),20408,Virginia Commonwealth,50103,College of Charleston
5107312,2024,LeJuan Watts,UNRESOLVED (no bbref row),20431,Texas Tech,,
5107312,2024,LeJuan Watts,UNRESOLVED (no bbref row),45859,Eastern Washington,,
5107312,2025,LeJuan Watts,KEEP (bbref=Washington State),54083,Washington State,,
5107312,2025,LeJuan Watts,DELETE (phantom),20432,Texas Tech,54083,Washington State
5108806,2024,Learic Davis,KEEP (bbref=Milwaukee),47011,Milwaukee,,
5108806,2024,Learic Davis,DELETE (phantom),20411,South Carolina Upstate,47011,Milwaukee
5108806,2025,Learic Davis,KEEP (bbref=Milwaukee),51810,Milwaukee,,
5108806,2025,Learic Davis,DELETE (phantom),20412,South Carolina Upstate,51810,Milwaukee
4683672,2023,Lee Dort,KEEP (bbref=Vanderbilt),33546,Vanderbilt,,
4683672,2023,Lee Dort,DELETE (phantom),20415,California,33546,Vanderbilt
4683672,2024,Lee Dort,KEEP (bbref=Vanderbilt),49155,Vanderbilt,,
4683672,2024,Lee Dort,DELETE (phantom),20416,California,49155,Vanderbilt
5176572,2024,Leeroy Odiahi,KEEP (bbref=Old Dominion),47650,Old Dominion,,
5176572,2024,Leeroy Odiahi,DELETE (phantom),20419,Western Kentucky,47650,Old Dominion
4684296,2023,Legend Geeter,UNRESOLVED (no bbref row),20425,Detroit Mercy,,
4684296,2023,Legend Geeter,UNRESOLVED (no bbref row),30209,Eastern Michigan,,
4684296,2024,Legend Geeter,KEEP (bbref=Eastern Michigan),45844,Eastern Michigan,,
4684296,2024,Legend Geeter,DELETE (phantom),20426,Detroit Mercy,45844,Eastern Michigan
5243061,2025,Leland Coleman,KEEP (bbref=New Orleans),52098,New Orleans,,
5243061,2025,Leland Coleman,DELETE (phantom),20434,Columbia,52098,New Orleans
4712838,2023,Leland Walker,UNRESOLVED (no bbref row),20436,Wyoming,,
4712838,2023,Leland Walker,UNRESOLVED (no bbref row),30196,Eastern Kentucky,,
4712838,2024,Leland Walker,KEEP (bbref=Eastern Kentucky),45825,Eastern Kentucky,,
4712838,2024,Leland Walker,DELETE (phantom),20437,Wyoming,45825,Eastern Kentucky
4712838,2025,Leland Walker,UNRESOLVED (no bbref row),20438,Wyoming,,
4712838,2025,Leland Walker,UNRESOLVED (no bbref row),50646,Florida Atlantic,,
5176225,2024,Leo Amari IV,KEEP (bbref=Northern Illinois),47502,Northern Illinois,,
5176225,2024,Leo Amari IV,DELETE (phantom),20443,Evansville,47502,Northern Illinois
5106867,2024,Leo Beath,KEEP (bbref=Florida Atlantic),45950,Florida Atlantic,,
5106867,2024,Leo Beath,DELETE (phantom),20446,UC San Diego,45950,Florida Atlantic
5107813,2023,Leo Torbor,UNRESOLVED (no bbref row),20450,Texas A&M-Corpus Christi,,
5107813,2023,Leo Torbor,UNRESOLVED (no bbref row),32565,San Jose State,,
4838704,2024,Leon Bond III,KEEP (bbref=Virginia),49190,Virginia,,
4838704,2024,Leon Bond III,DELETE (phantom),20453,Northern Iowa,49190,Virginia
4896505,2024,Leonardo Bettiol,UNRESOLVED (no bbref row),20464,Massachusetts,,
4896505,2024,Leonardo Bettiol,UNRESOLVED (no bbref row),44843,Abilene Christian,,
4896505,2025,Leonardo Bettiol,KEEP (bbref=Abilene Christian),49473,Abilene Christian,,
4896505,2025,Leonardo Bettiol,DELETE (phantom),20465,Massachusetts,49473,Abilene Christian
4897366,2022,Lewis Rowe,UNRESOLVED (no bbref row),20471,Incarnate Word,,
4897366,2022,Lewis Rowe,UNRESOLVED (no bbref row),28770,VMI,,
4897366,2024,Lewis Rowe,KEEP (bbref=Sam Houston),48137,Sam Houston,,
4897366,2024,Lewis Rowe,DELETE (phantom),20473,Incarnate Word,48137,Sam Houston
4433038,2022,Liam McChesney,KEEP (bbref=Illinois State),26317,Illinois State,,
4433038,2022,Liam McChesney,DELETE (phantom),20484,Creighton,26317,Illinois State
4433038,2023,Liam McChesney,KEEP (bbref=Illinois State),30752,Illinois State,,
4433038,2023,Liam McChesney,DELETE (phantom),20485,Creighton,30752,Illinois State
4702975,2022,Liam Murphy,KEEP (bbref=Columbia),25529,Columbia,,
4702975,2022,Liam Murphy,DELETE (phantom),20489,Purdue,25529,Columbia
4702975,2023,Liam Murphy,KEEP (bbref=Columbia),29924,Columbia,,
4702975,2023,Liam Murphy,DELETE (phantom),20490,Purdue,29924,Columbia
4702975,2025,Liam Murphy,KEEP (bbref=North Florida),52225,North Florida,,
4702975,2025,Liam Murphy,DELETE (phantom),20492,Purdue,52225,North Florida
5245624,2025,Liutauras Lelevicius,UNRESOLVED (no bbref row),20501,Texas Christian,,
5245624,2025,Liutauras Lelevicius,UNRESOLVED (no bbref row),52508,Oregon State,,
4682856,2022,Logan Duncomb,KEEP (bbref=Indiana),26349,Indiana,,
4682856,2022,Logan Duncomb,DELETE (phantom),20522,Winthrop,26349,Indiana
4682856,2023,Logan Duncomb,KEEP (bbref=Indiana),30781,Indiana,,
4682856,2023,Logan Duncomb,DELETE (phantom),20523,Winthrop,30781,Indiana
5108789,2023,Logan McIntire,KEEP (bbref=Evansville),30258,Evansville,,
5108789,2023,Logan McIntire,DELETE (phantom),20533,Central Michigan,30258,Evansville
4897439,2023,Logan Stephens,KEEP (bbref=Rutgers),32341,Rutgers,,
4897439,2023,Logan Stephens,DELETE (phantom),20538,Southern Utah,32341,Rutgers
4897439,2024,Logan Stephens,KEEP (bbref=Tulane),48708,Tulane,,
4897439,2024,Logan Stephens,DELETE (phantom),20539,Southern Utah,48708,Tulane
4897439,2025,Logan Stephens,KEEP (bbref=Tulane),53583,Tulane,,
4897439,2025,Logan Stephens,DELETE (phantom),20540,Southern Utah,53583,Tulane
5176553,2024,London Fields,KEEP (bbref=Louisiana),46676,Louisiana,,
5176553,2024,London Fields,DELETE (phantom),20546,East Texas A&M,46676,Louisiana
5176553,2025,London Fields,KEEP (bbref=Louisiana),51504,Louisiana,,
5176553,2025,London Fields,DELETE (phantom),20547,East Texas A&M,51504,Louisiana
5105972,2023,Lou Hutchinson,UNRESOLVED (no bbref row),20554,Alabama A&M,,
5105972,2023,Lou Hutchinson,UNRESOLVED (no bbref row),32269,Rhode Island,,
5105972,2024,Lou Hutchinson,KEEP (bbref=Charleston Southern),45476,Charleston Southern,,
5105972,2024,Lou Hutchinson,DELETE (phantom),20555,Alabama A&M,45476,Charleston Southern
5105972,2025,Lou Hutchinson,UNRESOLVED (no bbref row),50891,Grambling,,
5105972,2025,Lou Hutchinson,UNRESOLVED (no bbref row),20556,Alabama A&M,,
5108145,2023,Louie Jordan,KEEP (bbref=Weber State),33669,Weber State,,
5108145,2023,Louie Jordan,DELETE (phantom),20558,Radford,33669,Weber State
5108145,2024,Louie Jordan,KEEP (bbref=Weber State),49272,Weber State,,
5108145,2024,Louie Jordan,DELETE (phantom),20559,Radford,49272,Weber State
5108145,2025,Louie Jordan,KEEP (bbref=Maryland-Baltimore County),53762,Maryland-Baltimore County,,
5108145,2025,Louie Jordan,DELETE (phantom),20560,Radford,53762,Maryland-Baltimore County
5177297,2024,Louie Semona,KEEP (bbref=Stonehill),48499,Stonehill,,
5177297,2024,Louie Semona,DELETE (phantom),20562,Western Kentucky,48499,Stonehill
5177297,2025,Louie Semona,KEEP (bbref=Stonehill),53337,Stonehill,,
5177297,2025,Louie Semona,DELETE (phantom),20563,Western Kentucky,53337,Stonehill
4898222,2022,Louis Lesmond,KEEP (bbref=Harvard),26175,Harvard,,
4898222,2022,Louis Lesmond,DELETE (phantom),20566,Fordham,26175,Harvard
4898222,2023,Louis Lesmond,KEEP (bbref=Harvard),30584,Harvard,,
4898222,2023,Louis Lesmond,DELETE (phantom),20567,Fordham,30584,Harvard
4898222,2024,Louis Lesmond,KEEP (bbref=Harvard),46148,Harvard,,
4898222,2024,Louis Lesmond,DELETE (phantom),20568,Fordham,46148,Harvard
5106711,2023,Love Bettis,KEEP (bbref=North Carolina A&T),31697,North Carolina A&T,,
5106711,2023,Love Bettis,DELETE (phantom),20571,Incarnate Word,31697,North Carolina A&T
5106711,2024,Love Bettis,KEEP (bbref=Florida A&M),45926,Florida A&M,,
5106711,2024,Love Bettis,DELETE (phantom),20572,Incarnate Word,45926,Florida A&M
5106711,2025,Love Bettis,UNRESOLVED (no bbref row),52333,Northwestern State,,
5106711,2025,Love Bettis,UNRESOLVED (no bbref row),20573,Incarnate Word,,
5107843,2023,Luca Colceag,KEEP (bbref=Montana State),31458,Montana State,,
5107843,2023,Luca Colceag,DELETE (phantom),20578,Tennessee-Martin,31458,Montana State
5107843,2025,Luca Colceag,KEEP (bbref=Northern Colorado),52280,Northern Colorado,,
5107843,2025,Luca Colceag,DELETE (phantom),20580,Tennessee-Martin,52280,Northern Colorado
5176401,2025,Lucas Scroggins,KEEP (bbref=Valparaiso),54010,Valparaiso,,
5176401,2025,Lucas Scroggins,DELETE (phantom),20595,Saint Peter's,54010,Valparaiso
4898292,2022,Luka Savicevic,KEEP (bbref=Eastern Michigan),25788,Eastern Michigan,,
4898292,2022,Luka Savicevic,DELETE (phantom),20605,Lafayette,25788,Eastern Michigan
4898292,2023,Luka Savicevic,KEEP (bbref=Eastern Michigan),30218,Eastern Michigan,,
4898292,2023,Luka Savicevic,DELETE (phantom),20606,Lafayette,30218,Eastern Michigan
5105648,2023,Luka Tarlac,KEEP (bbref=Utah),33492,Utah,,
5105648,2023,Luka Tarlac,DELETE (phantom),20609,Cal Poly,33492,Utah
5105648,2024,Luka Tarlac,KEEP (bbref=Utah),49092,Utah,,
5105648,2024,Luka Tarlac,DELETE (phantom),20610,Cal Poly,49092,Utah
5176159,2024,Lukas Walls,KEEP (bbref=Samford),48150,Samford,,
5176159,2024,Lukas Walls,DELETE (phantom),20618,Radford,48150,Samford
5176159,2025,Lukas Walls,UNRESOLVED (no bbref row),20619,Radford,,
5176159,2025,Lukas Walls,UNRESOLVED (no bbref row),52963,Samford,,
5061581,2025,Luke Bamgboye,KEEP (bbref=Virginia Commonwealth),53982,Virginia Commonwealth,,
5061581,2025,Luke Bamgboye,DELETE (phantom),20627,Texas Tech,53982,Virginia Commonwealth
5174602,2024,Luke Cronin,UNRESOLVED (no bbref row),20634,Tulane,,
5174602,2024,Luke Cronin,UNRESOLVED (no bbref row),46036,George Washington,,
5243062,2025,Luke Davis,KEEP (bbref=New Orleans),52100,New Orleans,,
5243062,2025,Luke Davis,DELETE (phantom),20640,East Carolina,52100,New Orleans
5105862,2024,Luke Haertle,KEEP (bbref=Wisconsin),49395,Wisconsin,,
5105862,2024,Luke Haertle,DELETE (phantom),20647,South Dakota State,49395,Wisconsin
5105833,2023,Luke Hunger,KEEP (bbref=Northwestern),31893,Northwestern,,
5105833,2023,Luke Hunger,DELETE (phantom),20651,George Washington,31893,Northwestern
5105833,2024,Luke Hunger,KEEP (bbref=Northwestern),47549,Northwestern,,
5105833,2024,Luke Hunger,DELETE (phantom),20652,George Washington,47549,Northwestern
5105833,2025,Luke Hunger,UNRESOLVED (no bbref row),20653,George Washington,,
5105833,2025,Luke Hunger,UNRESOLVED (no bbref row),52353,Northwestern,,
5107259,2023,Luke Jungers,KEEP (bbref=Omaha),32008,Omaha,,
5107259,2023,Luke Jungers,DELETE (phantom),20657,Iona,32008,Omaha
5107259,2024,Luke Jungers,KEEP (bbref=Omaha),47660,Omaha,,
5107259,2024,Luke Jungers,DELETE (phantom),20658,Iona,47660,Omaha
5182081,2024,Luke Kearney,UNRESOLVED (no bbref row),44860,Air Force,,
5182081,2024,Luke Kearney,UNRESOLVED (no bbref row),20661,Utah State,,
5182081,2025,Luke Kearney,KEEP (bbref=Air Force),49487,Air Force,,
5182081,2025,Luke Kearney,DELETE (phantom),20662,Utah State,49487,Air Force
5176362,2024,Luke McEldon,KEEP (bbref=Santa Clara),48228,Santa Clara,,
5176362,2024,Luke McEldon,DELETE (phantom),20667,Mount St. Mary's,48228,Santa Clara
5176362,2025,Luke McEldon,KEEP (bbref=Santa Clara),53042,Santa Clara,,
5176362,2025,Luke McEldon,DELETE (phantom),20668,Mount St. Mary's,53042,Santa Clara
5241258,2025,Luke Naser,UNRESOLVED (no bbref row),53843,Nevada-Las Vegas,,
5241258,2025,Luke Naser,UNRESOLVED (no bbref row),20671,Xavier,,
5106269,2024,Luke Northweather,KEEP (bbref=Oklahoma),47620,Oklahoma,,
5106269,2024,Luke Northweather,DELETE (phantom),20672,Missouri,47620,Oklahoma
5106269,2025,Luke Northweather,UNRESOLVED (no bbref row),20673,Missouri,,
5106269,2025,Luke Northweather,UNRESOLVED (no bbref row),52412,Oklahoma,,
5176064,2024,Luke Rasmussen,KEEP (bbref=Lafayette),46541,Lafayette,,
5176064,2024,Luke Rasmussen,DELETE (phantom),20678,Tulane,46541,Lafayette
5105401,2023,MJ Collins Jr.,KEEP (bbref=Virginia Tech),33595,Virginia Tech,,
5105401,2023,MJ Collins Jr.,DELETE (phantom),21507,Utah State,33595,Virginia Tech
5105401,2024,MJ Collins Jr.,UNRESOLVED (no bbref row),21508,Utah State,,
5105401,2024,MJ Collins Jr.,UNRESOLVED (no bbref row),49201,Virginia Tech,,
5105401,2025,MJ Collins Jr.,KEEP (bbref=Vanderbilt),54021,Vanderbilt,,
5105401,2025,MJ Collins Jr.,DELETE (phantom),21509,Utah State,54021,Vanderbilt
5105539,2023,MJ Russell,UNRESOLVED (no bbref row),31388,Mississippi State,,
5105539,2023,MJ Russell,UNRESOLVED (no bbref row),21511,Louisiana-Monroe,,
5105539,2025,MJ Russell,UNRESOLVED (no bbref row),21513,Louisiana-Monroe,,
5105539,2025,MJ Russell,UNRESOLVED (no bbref row),51838,Mississippi State,,
5103628,2024,Macaleab Rich,KEEP (bbref=Kansas State),46455,Kansas State,,
5103628,2024,Macaleab Rich,DELETE (phantom),20696,UTSA,46455,Kansas State
5103628,2025,Macaleab Rich,KEEP (bbref=Kansas State),51279,Kansas State,,
5103628,2025,Macaleab Rich,DELETE (phantom),20697,UTSA,51279,Kansas State
4683779,2024,Mackenzie Mgbako,KEEP (bbref=Indiana),46312,Indiana,,
4683779,2024,Mackenzie Mgbako,DELETE (phantom),20700,Texas A&M,46312,Indiana
4683779,2025,Mackenzie Mgbako,KEEP (bbref=Indiana),51118,Indiana,,
4683779,2025,Mackenzie Mgbako,DELETE (phantom),20701,Texas A&M,51118,Indiana
5107191,2023,Maddox Monson,KEEP (bbref=Long Beach State),31035,Long Beach State,,
5107191,2023,Maddox Monson,DELETE (phantom),20706,Eastern Washington,31035,Long Beach State
5107191,2024,Maddox Monson,KEEP (bbref=Long Beach State),46639,Long Beach State,,
5107191,2024,Maddox Monson,DELETE (phantom),20707,Eastern Washington,46639,Long Beach State
5107358,2023,Madison Durr,UNRESOLVED (no bbref row),20713,UNC Wilmington,,
5107358,2023,Madison Durr,UNRESOLVED (no bbref row),33061,The Citadel,,
5107358,2025,Madison Durr,UNRESOLVED (no bbref row),20715,UNC Wilmington,,
5107358,2025,Madison Durr,UNRESOLVED (no bbref row),51891,Monmouth,,
5122917,2023,Mady Traore,KEEP (bbref=New Mexico State),31620,New Mexico State,,
5122917,2023,Mady Traore,DELETE (phantom),20717,Washington,31620,New Mexico State
5122917,2024,Mady Traore,KEEP (bbref=Maryland),46844,Maryland,,
5122917,2024,Mady Traore,DELETE (phantom),20718,Washington,46844,Maryland
5242924,2025,Major Freeman,KEEP (bbref=Siena),53074,Siena,,
5242924,2025,Major Freeman,DELETE (phantom),20730,Charlotte,53074,Siena
5107246,2025,Mak Manciel,KEEP (bbref=Detroit Mercy),50401,Detroit Mercy,,
5107246,2025,Mak Manciel,DELETE (phantom),20733,Eastern Michigan,50401,Detroit Mercy
4897859,2023,Makai Richards,KEEP (bbref=Pacific),32074,Pacific,,
4897859,2023,Makai Richards,DELETE (phantom),20739,Chattanooga,32074,Pacific
4897859,2024,Makai Richards,KEEP (bbref=Pacific),47719,Pacific,,
4897859,2024,Makai Richards,DELETE (phantom),20740,Chattanooga,47719,Pacific
4896371,2022,Makai Willis,KEEP (bbref=Fairfield),25836,Fairfield,,
4896371,2022,Makai Willis,DELETE (phantom),20743,Texas State,25836,Fairfield
4896371,2023,Makai Willis,UNRESOLVED (no bbref row),30267,Fairfield,,
4896371,2023,Makai Willis,UNRESOLVED (no bbref row),20744,Texas State,,
4896371,2024,Makai Willis,KEEP (bbref=Louisiana-Monroe),48884,Louisiana-Monroe,,
4896371,2024,Makai Willis,DELETE (phantom),20745,Texas State,48884,Louisiana-Monroe
4896371,2025,Makai Willis,KEEP (bbref=Louisiana-Monroe),53747,Louisiana-Monroe,,
4896371,2025,Makai Willis,DELETE (phantom),20746,Texas State,53747,Louisiana-Monroe
5176662,2024,Makaih Williams,KEEP (bbref=UT Arlington),34752,UT Arlington,,
5176662,2024,Makaih Williams,DELETE (phantom),20747,Grand Canyon,34752,UT Arlington
5241390,2025,Makhai Valentine,UNRESOLVED (no bbref row),20752,Northern Illinois,,
5241390,2025,Makhai Valentine,UNRESOLVED (no bbref row),51866,Missouri State,,
5240393,2025,Makhi Myles,KEEP (bbref=UAB),53618,UAB,,
5240393,2025,Makhi Myles,DELETE (phantom),20756,Southeastern Louisiana,53618,UAB
5164367,2024,Malachi Brown,KEEP (bbref=Seton Hall),48253,Seton Hall,,
5164367,2024,Malachi Brown,DELETE (phantom),20765,Georgia State,48253,Seton Hall
5175029,2024,Malachi Davis,UNRESOLVED (no bbref row),20768,Long Island University,,
5175029,2024,Malachi Davis,UNRESOLVED (no bbref row),44982,Arizona State,,
5239554,2025,Malachi Palmer,KEEP (bbref=Maryland),51678,Maryland,,
5239554,2025,Malachi Palmer,DELETE (phantom),20775,Villanova,51678,Maryland
4397784,2022,Malachi Smith,KEEP (bbref=Chattanooga),25404,Chattanooga,,
4397784,2022,Malachi Smith,DELETE (phantom),20777,Connecticut,25404,Chattanooga
4683861,2024,Malachi Smith,KEEP (bbref=Dayton),45696,Dayton,,
4683861,2024,Malachi Smith,DELETE (phantom),20779,Connecticut,45696,Dayton
4683861,2025,Malachi Smith,KEEP (bbref=Dayton),50333,Dayton,,
4683861,2025,Malachi Smith,DELETE (phantom),20780,Connecticut,50333,Dayton
5241683,2025,Malcolm Christie,UNRESOLVED (no bbref row),20788,Oregon State,,
5241683,2025,Malcolm Christie,UNRESOLVED (no bbref row),52377,Oakland,,
5105576,2024,Malcolm Flaggs,KEEP (bbref=Grand Canyon),46117,Grand Canyon,,
5105576,2024,Malcolm Flaggs,DELETE (phantom),20790,Villanova,46117,Grand Canyon
5107830,2023,Maleek Arington,KEEP (bbref=Idaho State),30712,Idaho State,,
5107830,2023,Maleek Arington,DELETE (phantom),20803,Seattle,30712,Idaho State
5107830,2024,Maleek Arington,KEEP (bbref=Idaho State),46243,Idaho State,,
5107830,2024,Maleek Arington,DELETE (phantom),20804,Seattle,46243,Idaho State
5176382,2024,Malek Abdelgowad,KEEP (bbref=Murray State),47182,Murray State,,
5176382,2024,Malek Abdelgowad,DELETE (phantom),20807,Southern,47182,Murray State
5176382,2025,Malek Abdelgowad,UNRESOLVED (no bbref row),20808,Southern,,
5176382,2025,Malek Abdelgowad,UNRESOLVED (no bbref row),51688,Massachusetts,,
5177717,2024,Malek Gomma,KEEP (bbref=Seattle),48241,Seattle,,
5177717,2024,Malek Gomma,DELETE (phantom),20811,Weber State,48241,Seattle
5177717,2025,Malek Gomma,KEEP (bbref=Seattle),53054,Seattle,,
5177717,2025,Malek Gomma,DELETE (phantom),20812,Weber State,53054,Seattle
4712862,2023,Malik Dia,KEEP (bbref=Vanderbilt),33545,Vanderbilt,,
4712862,2023,Malik Dia,DELETE (phantom),20820,Mississippi,33545,Vanderbilt
4712862,2024,Malik Dia,KEEP (bbref=Belmont),45147,Belmont,,
4712862,2024,Malik Dia,DELETE (phantom),20821,Mississippi,45147,Belmont
4703155,2023,Malik Edmead,UNRESOLVED (no bbref row),20825,Merrimack,,
4703155,2023,Malik Edmead,UNRESOLVED (no bbref row),33164,Albany (NY),,
5176803,2025,Malik Ferguson,UNRESOLVED (no bbref row),20830,Tennessee Tech,,
5176803,2025,Malik Ferguson,UNRESOLVED (no bbref row),50849,Georgia State,,
5175952,2024,Malik Mack,KEEP (bbref=Harvard),46146,Harvard,,
5175952,2024,Malik Mack,DELETE (phantom),20831,Georgetown,46146,Harvard
5105454,2023,Malik Messina-Moore,UNRESOLVED (no bbref row),32113,Pepperdine,,
5105454,2023,Malik Messina-Moore,UNRESOLVED (no bbref row),20834,Montana,,
5105454,2023,Malik Messina-Moore,UNRESOLVED (no bbref row),20835,Xavier,,
5105454,2024,Malik Messina-Moore,UNRESOLVED (bbref=Pepperdine matched 0 rows),20837,Xavier,,
5105454,2024,Malik Messina-Moore,UNRESOLVED (bbref=Pepperdine matched 0 rows),20836,Montana,,
5105454,2025,Malik Messina-Moore,UNRESOLVED (no bbref row),20839,Xavier,,
5105454,2025,Malik Messina-Moore,UNRESOLVED (no bbref row),20838,Montana,,
5177742,2024,Malik Olafioye,UNRESOLVED (no bbref row),20841,Eastern Illinois,,
5177742,2024,Malik Olafioye,UNRESOLVED (no bbref row),46434,Kansas City,,
4848631,2024,Malik Presley,UNRESOLVED (no bbref row),20844,George Mason,,
4848631,2024,Malik Presley,UNRESOLVED (no bbref row),49152,Vanderbilt,,
5105798,2023,Malik Reneau,UNRESOLVED (no bbref row),20849,Miami (FL),,
5105798,2023,Malik Reneau,UNRESOLVED (no bbref row),30778,Indiana,,
5105798,2024,Malik Reneau,KEEP (bbref=Indiana),46311,Indiana,,
5105798,2024,Malik Reneau,DELETE (phantom),20850,Miami (FL),46311,Indiana
5105798,2025,Malik Reneau,KEEP (bbref=Indiana),51116,Indiana,,
5105798,2025,Malik Reneau,DELETE (phantom),20851,Miami (FL),51116,Indiana
4683758,2022,Malik Thomas,KEEP (bbref=Southern California),28629,Southern California,,
4683758,2022,Malik Thomas,DELETE (phantom),20855,Virginia,28629,Southern California
4683758,2023,Malik Thomas,KEEP (bbref=Southern California),33381,Southern California,,
4683758,2023,Malik Thomas,DELETE (phantom),20856,Virginia,33381,Southern California
4683758,2024,Malik Thomas,UNRESOLVED (no bbref row),48190,San Francisco,,
4683758,2024,Malik Thomas,UNRESOLVED (no bbref row),20857,Virginia,,
4683758,2025,Malik Thomas,KEEP (bbref=San Francisco),53007,San Francisco,,
4683758,2025,Malik Thomas,DELETE (phantom),20858,Virginia,53007,San Francisco
5105337,2023,Maliq Brown,KEEP (bbref=Syracuse),32879,Syracuse,,
5105337,2023,Maliq Brown,DELETE (phantom),20860,Duke,32879,Syracuse
5105337,2024,Maliq Brown,KEEP (bbref=Syracuse),48523,Syracuse,,
5105337,2024,Maliq Brown,DELETE (phantom),20861,Duke,48523,Syracuse
5105546,2023,Malique Ewin,KEEP (bbref=Mississippi),32003,Mississippi,,
5105546,2023,Malique Ewin,DELETE (phantom),20864,Arkansas,32003,Mississippi
5105546,2025,Malique Ewin,KEEP (bbref=Florida State),50699,Florida State,,
5105546,2025,Malique Ewin,DELETE (phantom),20866,Arkansas,50699,Florida State
67147,2016,Mamadou Ndiaye,KEEP (bbref=UC Irvine),76547,UC Irvine,,
67147,2016,Mamadou Ndiaye,DELETE (phantom),75923,Saint Peter's,76547,UC Irvine
5176950,2024,Mambourou Mara,KEEP (bbref=North Dakota),47409,North Dakota,,
5176950,2024,Mambourou Mara,DELETE (phantom),20868,Houston Christian,47409,North Dakota
5176950,2025,Mambourou Mara,KEEP (bbref=North Dakota),52204,North Dakota,,
5176950,2025,Mambourou Mara,DELETE (phantom),20869,Houston Christian,52204,North Dakota
5239840,2025,Mantas Kocanas,KEEP (bbref=Florida Atlantic),50652,Florida Atlantic,,
5239840,2025,Mantas Kocanas,DELETE (phantom),20878,California,50652,Florida Atlantic
5177019,2024,Marcel Bryant,KEEP (bbref=Omaha),47661,Omaha,,
5177019,2024,Marcel Bryant,DELETE (phantom),20880,Prairie View A&M,47661,Omaha
5113390,2023,Marcell McCreary,UNRESOLVED (no bbref row),20883,UT Arlington,,
5113390,2023,Marcell McCreary,UNRESOLVED (no bbref row),29125,Air Force,,
5113390,2024,Marcell McCreary,KEEP (bbref=Northern Colorado),47481,Northern Colorado,,
5113390,2024,Marcell McCreary,DELETE (phantom),20884,UT Arlington,47481,Northern Colorado
5113390,2025,Marcell McCreary,KEEP (bbref=Northern Colorado),52277,Northern Colorado,,
5113390,2025,Marcell McCreary,DELETE (phantom),20885,UT Arlington,52277,Northern Colorado
5142326,2024,Marcus Adams Jr.,KEEP (bbref=Brigham Young),45105,Brigham Young,,
5142326,2024,Marcus Adams Jr.,DELETE (phantom),20887,Arizona State,45105,Brigham Young
5142326,2025,Marcus Adams Jr.,KEEP (bbref=Cal State Northridge),49988,Cal State Northridge,,
5142326,2025,Marcus Adams Jr.,DELETE (phantom),20888,Arizona State,49988,Cal State Northridge
4869762,2025,Marcus Allen,KEEP (bbref=Missouri),51883,Missouri,,
4869762,2025,Marcus Allen,DELETE (phantom),20890,Miami (FL),51883,Missouri
4897361,2022,Marcus Banks Jr.,UNRESOLVED (no bbref row),20892,Massachusetts,,
4897361,2022,Marcus Banks Jr.,UNRESOLVED (no bbref row),28937,Western Carolina,,
4897361,2024,Marcus Banks Jr.,UNRESOLVED (no bbref row),20894,Massachusetts,,
4897361,2024,Marcus Banks Jr.,UNRESOLVED (no bbref row),48893,Maryland-Baltimore County,,
4897361,2025,Marcus Banks Jr.,KEEP (bbref=Maryland-Baltimore County),53758,Maryland-Baltimore County,,
4897361,2025,Marcus Banks Jr.,DELETE (phantom),20895,Massachusetts,53758,Maryland-Baltimore County
4703415,2022,Marcus Fitzgerald Jr.,KEEP (bbref=Tennessee State),28275,Tennessee State,,
4703415,2022,Marcus Fitzgerald Jr.,DELETE (phantom),20897,Jacksonville State,28275,Tennessee State
4703415,2023,Marcus Fitzgerald Jr.,KEEP (bbref=Tennessee State),32935,Tennessee State,,
4703415,2023,Marcus Fitzgerald Jr.,DELETE (phantom),20898,Jacksonville State,32935,Tennessee State
4897953,2022,Marcus Greene,UNRESOLVED (no bbref row),27822,Sacramento State,,
4897953,2022,Marcus Greene,UNRESOLVED (no bbref row),20905,Fordham,,
4897953,2024,Marcus Greene,KEEP (bbref=Houston Christian),46185,Houston Christian,,
4897953,2024,Marcus Greene,DELETE (phantom),20907,Fordham,46185,Houston Christian
4897953,2025,Marcus Greene,UNRESOLVED (no bbref row),20908,Fordham,,
4897953,2025,Marcus Greene,UNRESOLVED (no bbref row),50945,Hawaii,,
5176153,2024,Marcus Hill,KEEP (bbref=Bowling Green),45228,Bowling Green,,
5176153,2024,Marcus Hill,DELETE (phantom),20913,Texas A&M,45228,Bowling Green
5176153,2025,Marcus Hill,KEEP (bbref=NC State),51976,NC State,,
5176153,2025,Marcus Hill,DELETE (phantom),20914,Texas A&M,51976,NC State
5106044,2023,Marcus Jackson,UNRESOLVED (no bbref row),20916,Siena,,
5106044,2023,Marcus Jackson,UNRESOLVED (no bbref row),33166,Albany (NY),,
5106044,2024,Marcus Jackson,UNRESOLVED (no bbref row),48744,Albany (NY),,
5106044,2024,Marcus Jackson,UNRESOLVED (no bbref row),20917,Siena,,
5242561,2025,Marcus Johnson,KEEP (bbref=Bowling Green),49852,Bowling Green,,
5242561,2025,Marcus Johnson,DELETE (phantom),20920,Kansas State,49852,Bowling Green
5176681,2024,Marcus Millender,UNRESOLVED (no bbref row),20926,Georgia,,
5176681,2024,Marcus Millender,UNRESOLVED (no bbref row),48279,South Alabama,,
5176681,2025,Marcus Millender,KEEP (bbref=UTSA),53918,UTSA,,
5176681,2025,Marcus Millender,DELETE (phantom),20927,Georgia,53918,UTSA
4703805,2024,Marcus Niblack,KEEP (bbref=Jacksonville),46395,Jacksonville,,
4703805,2024,Marcus Niblack,DELETE (phantom),20929,Canisius,46395,Jacksonville
5243238,2025,Marcus Overstreet,KEEP (bbref=Mercer),51723,Mercer,,
5243238,2025,Marcus Overstreet,DELETE (phantom),20932,San Jose State,51723,Mercer
5176733,2024,Marcus Rigsby Jr.,KEEP (bbref=Troy),48694,Troy,,
5176733,2024,Marcus Rigsby Jr.,DELETE (phantom),20937,UT Arlington,48694,Troy
5176733,2025,Marcus Rigsby Jr.,KEEP (bbref=Troy),53566,Troy,,
5176733,2025,Marcus Rigsby Jr.,DELETE (phantom),20938,UT Arlington,53566,Troy
5106744,2023,Marcus Tankersley,KEEP (bbref=Detroit Mercy),30087,Detroit Mercy,,
5106744,2023,Marcus Tankersley,DELETE (phantom),20941,Chicago State,30087,Detroit Mercy
5106744,2025,Marcus Tankersley,KEEP (bbref=Alcorn State),49562,Alcorn State,,
5106744,2025,Marcus Tankersley,DELETE (phantom),20943,Chicago State,49562,Alcorn State
5241070,2025,Marcus Wilson,KEEP (bbref=Washington State),54091,Washington State,,
5241070,2025,Marcus Wilson,DELETE (phantom),20946,UC Davis,54091,Washington State
4894453,2025,Mari Jordan,KEEP (bbref=Tulane),53581,Tulane,,
4894453,2025,Mari Jordan,DELETE (phantom),20948,Radford,53581,Tulane
4433285,2023,Mark Mitchell,KEEP (bbref=Duke),30124,Duke,,
4433285,2023,Mark Mitchell,DELETE (phantom),20962,Missouri,30124,Duke
4433285,2024,Mark Mitchell,KEEP (bbref=Duke),45772,Duke,,
4433285,2024,Mark Mitchell,DELETE (phantom),20963,Missouri,45772,Duke
4432494,2022,Markhi Strickland,UNRESOLVED (no bbref row),20968,North Dakota State,,
4432494,2022,Markhi Strickland,UNRESOLVED (no bbref row),27872,Saint Louis,,
4432494,2024,Markhi Strickland,KEEP (bbref=Western Michigan),49342,Western Michigan,,
4432494,2024,Markhi Strickland,DELETE (phantom),20970,North Dakota State,49342,Western Michigan
4432494,2025,Markhi Strickland,UNRESOLVED (no bbref row),20971,North Dakota State,,
4432494,2025,Markhi Strickland,UNRESOLVED (no bbref row),54159,Western Michigan,,
5108045,2023,Markus Harding,UNRESOLVED (no bbref row),20980,Indiana State,,
5108045,2023,Markus Harding,UNRESOLVED (no bbref row),29745,Central Michigan,,
5108045,2024,Markus Harding,KEEP (bbref=Central Michigan),45446,Central Michigan,,
5108045,2024,Markus Harding,DELETE (phantom),20981,Indiana State,45446,Central Michigan
4701543,2025,Marlon Barnes Jr.,KEEP (bbref=Pittsburgh),52585,Pittsburgh,,
4701543,2025,Marlon Barnes Jr.,DELETE (phantom),20987,Evansville,52585,Pittsburgh
5107264,2023,Marquel Sutton,KEEP (bbref=Omaha),32005,Omaha,,
5107264,2023,Marquel Sutton,DELETE (phantom),20992,Louisiana State,32005,Omaha
5107264,2024,Marquel Sutton,KEEP (bbref=Omaha),47654,Omaha,,
5107264,2024,Marquel Sutton,DELETE (phantom),20993,Louisiana State,47654,Omaha
5107264,2025,Marquel Sutton,UNRESOLVED (no bbref row),20994,Louisiana State,,
5107264,2025,Marquel Sutton,UNRESOLVED (no bbref row),52462,Omaha,,
5174613,2024,Marqui Worthy Jr.,UNRESOLVED (no bbref row),20996,UC Riverside,,
5174613,2024,Marqui Worthy Jr.,UNRESOLVED (no bbref row),46856,Massachusetts,,
5174613,2025,Marqui Worthy Jr.,UNRESOLVED (no bbref row),20997,UC Riverside,,
5174613,2025,Marqui Worthy Jr.,UNRESOLVED (no bbref row),51686,Massachusetts,,
4702158,2022,Martel Williams,KEEP (bbref=Southern Utah),28134,Southern Utah,,
4702158,2022,Martel Williams,DELETE (phantom),21004,California Baptist,28134,Southern Utah
4702158,2023,Martel Williams,KEEP (bbref=Southern Utah),32762,Southern Utah,,
4702158,2023,Martel Williams,DELETE (phantom),21005,California Baptist,32762,Southern Utah
5239821,2025,Martin Somerville,KEEP (bbref=Massachusetts-Lowell),53775,Massachusetts-Lowell,,
5239821,2025,Martin Somerville,DELETE (phantom),21015,Florida State,53775,Massachusetts-Lowell
5108718,2023,Marvin McGhee III,UNRESOLVED (no bbref row),21019,Texas-Rio Grande Valley,,
5108718,2023,Marvin McGhee III,UNRESOLVED (no bbref row),29624,Cal State Bakersfield,,
5108718,2024,Marvin McGhee III,KEEP (bbref=Cal State Bakersfield),45325,Cal State Bakersfield,,
5108718,2024,Marvin McGhee III,DELETE (phantom),21020,Texas-Rio Grande Valley,45325,Cal State Bakersfield
5108718,2025,Marvin McGhee IV,UNRESOLVED (bbref=Cal State Bakersfield matched 2 rows),21023,UC Santa Barbara,,
5108718,2025,Marvin McGhee IV,UNRESOLVED (bbref=Cal State Bakersfield matched 2 rows),49969,Cal State Bakersfield,,
5108718,2025,Marvin McGhee IV,UNRESOLVED (bbref=Cal State Bakersfield matched 2 rows),21021,Texas-Rio Grande Valley,,
5108718,2025,Marvin McGhee IV,UNRESOLVED (bbref=Cal State Bakersfield matched 2 rows),49965,Cal State Bakersfield,,
5106714,2023,Masai Troutman,KEEP (bbref=Northeastern),31795,Northeastern,,
5106714,2023,Masai Troutman,DELETE (phantom),21027,George Mason,31795,Northeastern
5106714,2024,Masai Troutman,KEEP (bbref=Northeastern),47452,Northeastern,,
5106714,2024,Masai Troutman,DELETE (phantom),21028,George Mason,47452,Northeastern
5106714,2025,Masai Troutman,KEEP (bbref=Northeastern),52249,Northeastern,,
5106714,2025,Masai Troutman,DELETE (phantom),21029,George Mason,52249,Northeastern
5241536,2025,Masiah Gilyard,KEEP (bbref=Manhattan),51597,Manhattan,,
5241536,2025,Masiah Gilyard,DELETE (phantom),21031,Temple,51597,Manhattan
4683755,2023,Mason Miller,KEEP (bbref=Creighton),29974,Creighton,,
4683755,2023,Mason Miller,DELETE (phantom),21051,Murray State,29974,Creighton
4683755,2025,Mason Miller,KEEP (bbref=Creighton),50312,Creighton,,
4683755,2025,Mason Miller,DELETE (phantom),21053,Murray State,50312,Creighton
5106670,2023,Mason Nicholson,KEEP (bbref=Jacksonville State),30870,Jacksonville State,,
5106670,2023,Mason Nicholson,DELETE (phantom),21056,Vanderbilt,30870,Jacksonville State
5106670,2024,Mason Nicholson,KEEP (bbref=Jacksonville State),46411,Jacksonville State,,
5106670,2024,Mason Nicholson,DELETE (phantom),21057,Vanderbilt,46411,Jacksonville State
5106670,2025,Mason Nicholson,KEEP (bbref=Jacksonville State),51220,Jacksonville State,,
5106670,2025,Mason Nicholson,DELETE (phantom),21058,Vanderbilt,51220,Jacksonville State
5176220,2024,Mason So,KEEP (bbref=UNC Greensboro),48942,UNC Greensboro,,
5176220,2024,Mason So,DELETE (phantom),21066,Mount St. Mary's,48942,UNC Greensboro
5176220,2025,Mason So,UNRESOLVED (no bbref row),21067,Mount St. Mary's,,
5176220,2025,Mason So,UNRESOLVED (no bbref row),53812,UNC Greensboro,,
5175370,2024,Mason Williams,UNRESOLVED (no bbref row),45860,Eastern Washington,,
5175370,2024,Mason Williams,UNRESOLVED (no bbref row),21069,Iowa State,,
5175370,2025,Mason Williams,KEEP (bbref=Eastern Washington),50554,Eastern Washington,,
5175370,2025,Mason Williams,DELETE (phantom),21070,Iowa State,50554,Eastern Washington
5174799,2025,Matar Diop,KEEP (bbref=Loyola Marymount),51576,Loyola Marymount,,
5174799,2025,Matar Diop,DELETE (phantom),21075,Stetson,51576,Loyola Marymount
5239838,2025,Matas Vokietaitis,UNRESOLVED (no bbref row),21081,Texas,,
5239838,2025,Matas Vokietaitis,UNRESOLVED (no bbref row),50645,Florida Atlantic,,
5107530,2024,Mateo Esmeraldo,KEEP (bbref=Longwood),46666,Longwood,,
5107530,2024,Mateo Esmeraldo,DELETE (phantom),21085,Lipscomb,46666,Longwood
5174617,2024,Mathok Majok,UNRESOLVED (no bbref row),46858,Massachusetts,,
5174617,2024,Mathok Majok,UNRESOLVED (no bbref row),21091,New Orleans,,
5174617,2025,Mathok Majok,UNRESOLVED (no bbref row),21092,New Orleans,,
5174617,2025,Mathok Majok,UNRESOLVED (no bbref row),52486,Oral Roberts,,
5107147,2023,Matija Belic,KEEP (bbref=UC Santa Barbara),33221,UC Santa Barbara,,
5107147,2023,Matija Belic,DELETE (phantom),21094,Wyoming,33221,UC Santa Barbara
5107147,2024,Matija Belic,KEEP (bbref=UC Santa Barbara),48812,UC Santa Barbara,,
5107147,2024,Matija Belic,DELETE (phantom),21095,Wyoming,48812,UC Santa Barbara
5243003,2025,Matija Žužic,KEEP (bbref=Tennessee-Martin),53878,Tennessee-Martin,,
5243003,2025,Matija Žužic,DELETE (phantom),21099,West Georgia,53878,Tennessee-Martin
5109782,2023,Matt Hayman,KEEP (bbref=Stephen F. Austin),32831,Stephen F. Austin,,
5109782,2023,Matt Hayman,DELETE (phantom),21110,Arkansas State,32831,Stephen F. Austin
5109782,2024,Matt Hayman,KEEP (bbref=Stephen F. Austin),48462,Stephen F. Austin,,
5109782,2024,Matt Hayman,DELETE (phantom),21111,Arkansas State,48462,Stephen F. Austin
5109782,2025,Matt Hayman,KEEP (bbref=Stephen F. Austin),53308,Stephen F. Austin,,
5109782,2025,Matt Hayman,DELETE (phantom),21112,Arkansas State,53308,Stephen F. Austin
4278649,2020,Matt Johnson II,KEEP (bbref=Northern Colorado),93410,Northern Colorado,,
4278649,2020,Matt Johnson II,DELETE (phantom),94348,St. Bonaventure,93410,Northern Colorado
4858602,2024,Matt Reed,KEEP (bbref=Tulsa),48719,Tulsa,,
4858602,2024,Matt Reed,DELETE (phantom),21120,Iona,48719,Tulsa
4858602,2025,Matt Reed,KEEP (bbref=Tulsa),53599,Tulsa,,
4858602,2025,Matt Reed,DELETE (phantom),21121,Iona,53599,Tulsa
4432858,2025,Matt Van Komen,UNRESOLVED (no bbref row),21123,Marshall,,
4432858,2025,Matt Van Komen,UNRESOLVED (no bbref row),50570,Elon,,
5105883,2023,Matúš Hronský,KEEP (bbref=Duquesne),30147,Duquesne,,
5105883,2023,Matúš Hronský,DELETE (phantom),21136,Portland,30147,Duquesne
5105883,2025,Matúš Hronský,KEEP (bbref=Duquesne),50463,Duquesne,,
5105883,2025,Matúš Hronský,DELETE (phantom),21138,Portland,50463,Duquesne
5105457,2023,Maurice Odum,KEEP (bbref=Pacific),32068,Pacific,,
5105457,2023,Maurice Odum,DELETE (phantom),21142,Arizona State,32068,Pacific
5105457,2024,Maurice Odum,KEEP (bbref=Pacific),47714,Pacific,,
5105457,2024,Maurice Odum,DELETE (phantom),21143,Arizona State,47714,Pacific
5105457,2025,Maurice Odum,KEEP (bbref=Pepperdine),52562,Pepperdine,,
5105457,2025,Maurice Odum,DELETE (phantom),21144,Arizona State,52562,Pepperdine
5241693,2025,Maurio Hanson Jr.,KEEP (bbref=Robert Morris),52789,Robert Morris,,
5241693,2025,Maurio Hanson Jr.,DELETE (phantom),21148,Maryland,52789,Robert Morris
5177169,2024,Max Frazier,KEEP (bbref=Siena),48272,Siena,,
5177169,2024,Max Frazier,DELETE (phantom),21161,Central Connecticut State,48272,Siena
5242943,2025,Max Green,KEEP (bbref=Holy Cross),50986,Holy Cross,,
5242943,2025,Max Green,DELETE (phantom),21164,Northwestern,50986,Holy Cross
5243383,2025,Max Jusianiec,UNRESOLVED (no bbref row),21166,Canisius,,
5243383,2025,Max Jusianiec,UNRESOLVED (no bbref row),51736,Mercyhurst,,
5105785,2023,Max Mackinnon,KEEP (bbref=Elon),30234,Elon,,
5105785,2023,Max Mackinnon,DELETE (phantom),21172,Louisiana State,30234,Elon
5105785,2024,Max Mackinnon,UNRESOLVED (no bbref row),21173,Louisiana State,,
5105785,2024,Max Mackinnon,UNRESOLVED (no bbref row),45867,Elon,,
5105785,2025,Max Mackinnon,KEEP (bbref=Portland),52587,Portland,,
5105785,2025,Max Mackinnon,DELETE (phantom),21174,Louisiana State,52587,Portland
5108047,2023,Max Majerle,UNRESOLVED (no bbref row),29749,Central Michigan,,
5108047,2023,Max Majerle,UNRESOLVED (no bbref row),21176,North Dakota State,,
5239709,2025,Max Pikaar,UNRESOLVED (no bbref row),52917,Saint Louis,,
5239709,2025,Max Pikaar,UNRESOLVED (no bbref row),21183,Southern Illinois,,
5174813,2024,Max Sims,KEEP (bbref=Binghamton),45182,Binghamton,,
5174813,2024,Max Sims,DELETE (phantom),21185,Kansas City,45182,Binghamton
5174813,2025,Max Sims,UNRESOLVED (no bbref row),21186,Kansas City,,
5174813,2025,Max Sims,UNRESOLVED (no bbref row),49806,Binghamton,,
5240885,2025,Maxim Logue,UNRESOLVED (no bbref row),21192,Florida Atlantic,,
5240885,2025,Maxim Logue,UNRESOLVED (no bbref row),52511,Oregon State,,
4897708,2023,Maximus Edwards,KEEP (bbref=George Washington),30444,George Washington,,
4897708,2023,Maximus Edwards,DELETE (phantom),21195,Duquesne,30444,George Washington
4897708,2024,Maximus Edwards,KEEP (bbref=George Washington),46027,George Washington,,
4897708,2024,Maximus Edwards,DELETE (phantom),21196,Duquesne,46027,George Washington
5107870,2023,Maximus Nelson,KEEP (bbref=Valparaiso),33523,Valparaiso,,
5107870,2023,Maximus Nelson,DELETE (phantom),21200,Purdue Fort Wayne,33523,Valparaiso
4433582,2022,Maxwell Land,UNRESOLVED (no bbref row),21204,South Alabama,,
4433582,2022,Maxwell Land,UNRESOLVED (no bbref row),27838,Saint Francis (PA),,
4433582,2023,Maxwell Land,UNRESOLVED (no bbref row),21205,South Alabama,,
4433582,2023,Maxwell Land,UNRESOLVED (no bbref row),32412,Saint Francis (PA),,
5102799,2024,Mayar Wol,KEEP (bbref=College of Charleston),45464,College of Charleston,,
5102799,2024,Mayar Wol,DELETE (phantom),21209,Bowling Green,45464,College of Charleston
5102799,2025,Mayar Wol,KEEP (bbref=Eastern Kentucky),50526,Eastern Kentucky,,
5102799,2025,Mayar Wol,DELETE (phantom),21210,Bowling Green,50526,Eastern Kentucky
4710770,2022,Meechie Johnson,UNRESOLVED (no bbref row),21215,South Carolina,,
4710770,2022,Meechie Johnson,UNRESOLVED (no bbref row),27405,Ohio State,,
4710770,2025,Meechie Johnson,UNRESOLVED (no bbref row),21218,South Carolina,,
4710770,2025,Meechie Johnson,UNRESOLVED (no bbref row),52392,Ohio State,,
5240017,2025,Mehki Ellison,KEEP (bbref=Stetson),53323,Stetson,,
5240017,2025,Mehki Ellison,DELETE (phantom),21221,Eastern Michigan,53323,Stetson
5175414,2024,Mekhi Cameron,KEEP (bbref=Northern Colorado),47484,Northern Colorado,,
5175414,2024,Mekhi Cameron,DELETE (phantom),21225,Tennessee Tech,47484,Northern Colorado
4701160,2022,Mekhi Gray,UNRESOLVED (no bbref row),27007,NJIT,,
4701160,2022,Mekhi Gray,UNRESOLVED (no bbref row),21230,Maine,,
4701160,2023,Mekhi Gray,KEEP (bbref=NJIT),31531,NJIT,,
4701160,2023,Mekhi Gray,DELETE (phantom),21231,Maine,31531,NJIT
4701160,2024,Mekhi Gray,KEEP (bbref=NJIT),47206,NJIT,,
4701160,2024,Mekhi Gray,DELETE (phantom),21232,Maine,47206,NJIT
4701160,2025,Mekhi Gray,KEEP (bbref=Massachusetts-Lowell),53783,Massachusetts-Lowell,,
4701160,2025,Mekhi Gray,DELETE (phantom),21233,Maine,53783,Massachusetts-Lowell
5175146,2024,Mekhi Lowery,KEEP (bbref=Towson),48676,Towson,,
5175146,2024,Mekhi Lowery,DELETE (phantom),21235,Illinois-Chicago,48676,Towson
5175146,2025,Mekhi Lowery,KEEP (bbref=Towson),53554,Towson,,
5175146,2025,Mekhi Lowery,DELETE (phantom),21236,Illinois-Chicago,53554,Towson
4905250,2023,Mekhi Mason,UNRESOLVED (no bbref row),21238,Wake Forest,,
4905250,2023,Mekhi Mason,UNRESOLVED (no bbref row),32275,Rice,,
4905250,2024,Mekhi Mason,KEEP (bbref=Rice),47921,Rice,,
4905250,2024,Mekhi Mason,DELETE (phantom),21239,Wake Forest,47921,Rice
4905250,2025,Mekhi Mason,KEEP (bbref=Washington),54071,Washington,,
4905250,2025,Mekhi Mason,DELETE (phantom),21240,Wake Forest,54071,Washington
5242123,2025,Mekhi Turner,KEEP (bbref=Kennesaw State),51296,Kennesaw State,,
5242123,2025,Mekhi Turner,DELETE (phantom),21244,Tennessee Tech,51296,Kennesaw State
5177301,2024,Melvin Council Jr.,UNRESOLVED (no bbref row),21255,Kansas,,
5177301,2024,Melvin Council Jr.,UNRESOLVED (no bbref row),49211,Wagner,,
5177301,2025,Melvin Council Jr.,UNRESOLVED (no bbref row),53252,St. Bonaventure,,
5177301,2025,Melvin Council Jr.,UNRESOLVED (no bbref row),21256,Kansas,,
4703977,2024,Melvyn Ebonkoli,KEEP (bbref=Kansas City),46430,Kansas City,,
4703977,2024,Melvyn Ebonkoli,DELETE (phantom),21259,NJIT,46430,Kansas City
4703977,2025,Melvyn Ebonkoli,KEEP (bbref=Kansas City),51249,Kansas City,,
4703977,2025,Melvyn Ebonkoli,DELETE (phantom),21260,NJIT,51249,Kansas City
5241388,2025,Merritt Alderink,KEEP (bbref=Indiana State),51140,Indiana State,,
5241388,2025,Merritt Alderink,DELETE (phantom),21264,Eastern Michigan,51140,Indiana State
5239785,2025,Micah Davis,UNRESOLVED (no bbref row),21269,IU Indy,,
5239785,2025,Micah Davis,UNRESOLVED (no bbref row),50535,Eastern Kentucky,,
5108992,2023,Micah Handlogten,KEEP (bbref=Marshall),31216,Marshall,,
5108992,2023,Micah Handlogten,DELETE (phantom),21271,Florida,31216,Marshall
5177530,2024,Micah Octave,UNRESOLVED (no bbref row),21275,Florida A&M,,
5177530,2024,Micah Octave,UNRESOLVED (no bbref row),44916,Alabama State,,
5177530,2025,Micah Octave,KEEP (bbref=Alabama State),49553,Alabama State,,
5177530,2025,Micah Octave,DELETE (phantom),21276,Florida A&M,49553,Alabama State
5239886,2025,Micah Smith,KEEP (bbref=Georgia Southern),50835,Georgia Southern,,
5239886,2025,Micah Smith,DELETE (phantom),21282,West Georgia,50835,Georgia Southern
4897467,2022,Micah Thomas,KEEP (bbref=Indiana State),26353,Indiana State,,
4897467,2022,Micah Thomas,DELETE (phantom),21283,Northwestern State,26353,Indiana State
4897467,2024,Micah Thomas,KEEP (bbref=Nicholls State),34371,Nicholls State,,
4897467,2024,Micah Thomas,DELETE (phantom),21285,Northwestern State,34371,Nicholls State
5176517,2025,Michael Ajayi,KEEP (bbref=Gonzaga),50875,Gonzaga,,
5176517,2025,Michael Ajayi,DELETE (phantom),21290,Butler,50875,Gonzaga
4709434,2024,Michael Bradley,KEEP (bbref=Northern Kentucky),47519,Northern Kentucky,,
4709434,2024,Michael Bradley,DELETE (phantom),46914,Mercyhurst,47519,Northern Kentucky
4897479,2023,Michael Duax,KEEP (bbref=Northern Iowa),31847,Northern Iowa,,
4897479,2023,Michael Duax,DELETE (phantom),21298,Florida Gulf Coast,31847,Northern Iowa
4897479,2024,Michael Duax,KEEP (bbref=Northern Iowa),47509,Northern Iowa,,
4897479,2024,Michael Duax,DELETE (phantom),21299,Florida Gulf Coast,47509,Northern Iowa
5107807,2023,Michael Eley,UNRESOLVED (no bbref row),21302,Hampton,,
5107807,2023,Michael Eley,UNRESOLVED (no bbref row),32611,Siena,,
5107807,2024,Michael Eley,KEEP (bbref=Siena),48261,Siena,,
5107807,2024,Michael Eley,DELETE (phantom),21303,Hampton,48261,Siena
5107807,2025,Michael Eley,KEEP (bbref=Tulane),53586,Tulane,,
5107807,2025,Michael Eley,DELETE (phantom),21304,Hampton,53586,Tulane
4897854,2022,Michael Folarin,KEEP (bbref=Eastern Washington),25803,Eastern Washington,,
4897854,2022,Michael Folarin,DELETE (phantom),21306,East Texas A&M,25803,Eastern Washington
4897854,2025,Michael Folarin,UNRESOLVED (no bbref row),21309,East Texas A&M,,
4897854,2025,Michael Folarin,UNRESOLVED (no bbref row),53263,St. Bonaventure,,
4710354,2022,Michael Gray Jr.,UNRESOLVED (no bbref row),21311,Wichita State,,
4710354,2022,Michael Gray Jr.,UNRESOLVED (no bbref row),26009,George Mason,,
4710354,2024,Michael Gray Jr.,KEEP (bbref=Nicholls State),34373,Nicholls State,,
4710354,2024,Michael Gray Jr.,DELETE (phantom),21313,Wichita State,34373,Nicholls State
4710354,2025,Michael Gray Jr.,KEEP (bbref=Nicholls State),52118,Nicholls State,,
4710354,2025,Michael Gray Jr.,DELETE (phantom),21314,Wichita State,52118,Nicholls State
5177149,2024,Michael Houge,KEEP (bbref=Saint Peter's),48118,Saint Peter's,,
5177149,2024,Michael Houge,DELETE (phantom),21317,Oakland,48118,Saint Peter's
5177149,2025,Michael Houge,KEEP (bbref=Jacksonville State),51218,Jacksonville State,,
5177149,2025,Michael Houge,DELETE (phantom),21318,Oakland,51218,Jacksonville State
4707481,2024,Michael Imariagbe,KEEP (bbref=Houston Christian),46186,Houston Christian,,
4707481,2024,Michael Imariagbe,DELETE (phantom),21322,Wright State,46186,Houston Christian
5105627,2023,Michael Rataj,KEEP (bbref=Oregon State),32051,Oregon State,,
5105627,2023,Michael Rataj,DELETE (phantom),21340,Baylor,32051,Oregon State
5105627,2024,Michael Rataj,KEEP (bbref=Oregon State),47701,Oregon State,,
5105627,2024,Michael Rataj,DELETE (phantom),21341,Baylor,47701,Oregon State
5105627,2025,Michael Rataj,UNRESOLVED (no bbref row),21342,Baylor,,
5105627,2025,Michael Rataj,UNRESOLVED (no bbref row),52504,Oregon State,,
5179096,2024,Michael Teal,UNRESOLVED (no bbref row),21350,Maryland,,
5179096,2024,Michael Teal,UNRESOLVED (no bbref row),48286,South Carolina State,,
5179096,2025,Michael Teal,KEEP (bbref=South Carolina State),53121,South Carolina State,,
5179096,2025,Michael Teal,DELETE (phantom),21351,Maryland,53121,South Carolina State
5175406,2025,Michael Wilson Jr.,KEEP (bbref=Sacramento State),52856,Sacramento State,,
5175406,2025,Michael Wilson Jr.,DELETE (phantom),21355,Bellarmine,52856,Sacramento State
5108877,2023,Michael Zanoni,KEEP (bbref=Mercer),31283,Mercer,,
5108877,2023,Michael Zanoni,DELETE (phantom),21361,Pennsylvania,31283,Mercer
5108877,2024,Michael Zanoni,UNRESOLVED (no bbref row),21362,Pennsylvania,,
5108877,2024,Michael Zanoni,UNRESOLVED (no bbref row),46905,Mercer,,
5175711,2024,Mier Panoam,KEEP (bbref=Tulane),48709,Tulane,,
5175711,2024,Mier Panoam,DELETE (phantom),21367,Xavier,48709,Tulane
5175711,2025,Mier Panoam,KEEP (bbref=North Dakota),52198,North Dakota,,
5175711,2025,Mier Panoam,DELETE (phantom),21368,Xavier,52198,North Dakota
5177573,2024,Mikale Stevenson,KEEP (bbref=Grambling),46096,Grambling,,
5177573,2024,Mikale Stevenson,DELETE (phantom),21378,Purdue Fort Wayne,46096,Grambling
5177573,2025,Mikale Stevenson,UNRESOLVED (no bbref row),21379,Purdue Fort Wayne,,
5177573,2025,Mikale Stevenson,UNRESOLVED (no bbref row),50884,Grambling,,
56225,2013,Mike  Turner,KEEP (bbref=Northwestern),61674,Northwestern,,
56225,2013,Mike  Turner,DELETE (phantom),60414,Houston Christian,61674,Northwestern
5177167,2024,Mike Evbagharu,KEEP (bbref=Siena),48265,Siena,,
5177167,2024,Mike Evbagharu,DELETE (phantom),21382,Canisius,48265,Siena
5177167,2025,Mike Evbagharu,KEEP (bbref=Central Arkansas),50064,Central Arkansas,,
5177167,2025,Mike Evbagharu,DELETE (phantom),21383,Canisius,50064,Central Arkansas
4684164,2023,Mike James,KEEP (bbref=Louisville),31095,Louisville,,
4684164,2023,Mike James,DELETE (phantom),21385,Vanderbilt,31095,Louisville
4684164,2024,Mike James,KEEP (bbref=Louisville),46693,Louisville,,
4684164,2024,Mike James,DELETE (phantom),21386,Vanderbilt,46693,Louisville
5174569,2024,Mike Loughnane,KEEP (bbref=Davidson),45678,Davidson,,
5174569,2024,Mike Loughnane,DELETE (phantom),21390,Northeastern,45678,Davidson
4895795,2024,Mike Nwoko,UNRESOLVED (no bbref row),21393,Louisiana State,,
4895795,2024,Mike Nwoko,UNRESOLVED (no bbref row),46951,Miami (FL),,
4895795,2025,Mike Nwoko,KEEP (bbref=Mississippi State),51836,Mississippi State,,
4895795,2025,Mike Nwoko,DELETE (phantom),21394,Louisiana State,51836,Mississippi State
5105875,2023,Mike Sharavjamts,UNRESOLVED (no bbref row),21397,South Carolina,,
5105875,2023,Mike Sharavjamts,UNRESOLVED (no bbref row),30017,Dayton,,
5105875,2024,Mike Sharavjamts,UNRESOLVED (no bbref row),21398,South Carolina,,
5105875,2024,Mike Sharavjamts,UNRESOLVED (no bbref row),48193,San Francisco,,
5105875,2025,Mike Sharavjamts,UNRESOLVED (no bbref row),21399,South Carolina,,
5105875,2025,Mike Sharavjamts,UNRESOLVED (no bbref row),53952,Utah,,
4066806,2021,Mike Smith,KEEP (bbref=Michigan),97692,Michigan,,
4066806,2021,Mike Smith,DELETE (phantom),96167,Columbia,97692,Michigan
5174319,2024,Mike Williams,KEEP (bbref=Louisiana State),46511,Louisiana State,,
5174319,2024,Mike Williams,DELETE (phantom),21405,Jackson State,46511,Louisiana State
5174319,2024,Mike Williams,DELETE (phantom),21406,Seton Hall,46511,Louisiana State
5174319,2025,Mike Williams,KEEP (bbref=Louisiana State),51338,Louisiana State,,
5174319,2025,Mike Williams,DELETE (phantom),21407,Jackson State,51338,Louisiana State
5174319,2025,Mike Williams,DELETE (phantom),21408,Seton Hall,51338,Louisiana State
5241411,2025,Miles Barnstable,UNRESOLVED (bbref=St. Thomas matched 0 rows),21434,Tulsa,,
5241411,2025,Miles Barnstable,UNRESOLVED (bbref=St. Thomas matched 0 rows),53279,William & Mary,,
5061587,2025,Miles Goodman,UNRESOLVED (no bbref row),21442,UT Arlington,,
5061587,2025,Miles Goodman,UNRESOLVED (no bbref row),52543,Penn State,,
5174669,2024,Miles Rose,UNRESOLVED (no bbref row),21458,Albany (NY),,
5174669,2024,Miles Rose,UNRESOLVED (no bbref row),48415,St. Bonaventure,,
5174669,2025,Miles Rose,UNRESOLVED (no bbref row),21459,Albany (NY),,
5174669,2025,Miles Rose,UNRESOLVED (no bbref row),53265,St. Bonaventure,,
4897769,2023,Miles Stewart,KEEP (bbref=Howard),30683,Howard,,
4897769,2023,Miles Stewart,DELETE (phantom),21464,Oregon,30683,Howard
4897769,2024,Miles Stewart,KEEP (bbref=Howard),46225,Howard,,
4897769,2024,Miles Stewart,DELETE (phantom),21465,Oregon,46225,Howard
4897769,2025,Miles Stewart,KEEP (bbref=Howard),51032,Howard,,
4897769,2025,Miles Stewart,DELETE (phantom),21466,Oregon,51032,Howard
5106611,2023,Miles Webb,KEEP (bbref=Saint Francis (PA)),32419,Saint Francis (PA),,
5106611,2023,Miles Webb,DELETE (phantom),21468,Delaware State,32419,Saint Francis (PA)
5106611,2024,Miles Webb,KEEP (bbref=Saint Francis (PA)),48065,Saint Francis (PA),,
5106611,2024,Miles Webb,DELETE (phantom),21469,Delaware State,48065,Saint Francis (PA)
5106611,2025,Miles Webb,UNRESOLVED (no bbref row),21470,Delaware State,,
5106611,2025,Miles Webb,UNRESOLVED (no bbref row),52883,Saint Francis (PA),,
4897890,2022,Milos Ilic,KEEP (bbref=Loyola (MD)),26659,Loyola (MD),,
4897890,2022,Milos Ilic,DELETE (phantom),21475,California,26659,Loyola (MD)
4897890,2024,Milos Ilic,KEEP (bbref=Loyola (MD)),46724,Loyola (MD),,
4897890,2024,Milos Ilic,DELETE (phantom),21477,California,46724,Loyola (MD)
4897890,2025,Milos Ilic,KEEP (bbref=Loyola (MD)),51553,Loyola (MD),,
4897890,2025,Milos Ilic,DELETE (phantom),21478,California,51553,Loyola (MD)
5106272,2023,Milos Uzan,KEEP (bbref=Oklahoma),31951,Oklahoma,,
5106272,2023,Milos Uzan,DELETE (phantom),21480,Houston,31951,Oklahoma
5106272,2024,Milos Uzan,KEEP (bbref=Oklahoma),47616,Oklahoma,,
5106272,2024,Milos Uzan,DELETE (phantom),21481,Houston,47616,Oklahoma
5241961,2025,Milos Vicentic,KEEP (bbref=UC San Diego),53683,UC San Diego,,
5241961,2025,Milos Vicentic,DELETE (phantom),21484,New Mexico,53683,UC San Diego
4704090,2022,Milton Matthews III,UNRESOLVED (no bbref row),21486,East Tennessee State,,
4704090,2022,Milton Matthews III,UNRESOLVED (no bbref row),27171,North Carolina A&T,,
4704090,2025,Milton Matthews III,KEEP (bbref=Florida A&M),50627,Florida A&M,,
4704090,2025,Milton Matthews III,DELETE (phantom),21489,East Tennessee State,50627,Florida A&M
5033017,2024,Miro Little,UNRESOLVED (no bbref row),21491,UC Santa Barbara,,
5033017,2024,Miro Little,UNRESOLVED (no bbref row),45131,Baylor,,
5033017,2025,Miro Little,KEEP (bbref=Utah),53955,Utah,,
5033017,2025,Miro Little,DELETE (phantom),21492,UC Santa Barbara,53955,Utah
5241746,2025,Mister Dean,KEEP (bbref=South Carolina Upstate),53131,South Carolina Upstate,,
5241746,2025,Mister Dean,DELETE (phantom),21497,College of Charleston,53131,South Carolina Upstate
5179095,2024,Mitchell Taylor,UNRESOLVED (no bbref row),21505,UNC Asheville,,
5179095,2024,Mitchell Taylor,UNRESOLVED (no bbref row),48287,South Carolina State,,
5179095,2025,Mitchell Taylor,KEEP (bbref=South Carolina State),53118,South Carolina State,,
5179095,2025,Mitchell Taylor,DELETE (phantom),21506,UNC Asheville,53118,South Carolina State
4898293,2022,Mo Njie,KEEP (bbref=Eastern Michigan),25786,Eastern Michigan,,
4898293,2022,Mo Njie,DELETE (phantom),21519,UTSA,25786,Eastern Michigan
4898293,2023,Mo Njie,KEEP (bbref=Southern Methodist),32381,Southern Methodist,,
4898293,2023,Mo Njie,DELETE (phantom),21520,UTSA,32381,Southern Methodist
4898293,2024,Mo Njie,UNRESOLVED (no bbref row),21521,UTSA,,
4898293,2024,Mo Njie,UNRESOLVED (no bbref row),48031,Southern Methodist,,
5105605,2023,Mohamed Keita,KEEP (bbref=St. John's (NY)),32792,St. John's (NY),,
5105605,2023,Mohamed Keita,DELETE (phantom),21532,Temple,32792,St. John's (NY)
5105605,2024,Mohamed Keita,KEEP (bbref=Tulsa),48722,Tulsa,,
5105605,2024,Mohamed Keita,DELETE (phantom),21533,Temple,48722,Tulsa
5106293,2023,Mohamed Wague,UNRESOLVED (no bbref row),21538,Oklahoma,,
5106293,2023,Mohamed Wague,UNRESOLVED (no bbref row),33679,West Virginia,,
5106293,2024,Mohamed Wague,UNRESOLVED (no bbref row),21539,Oklahoma,,
5106293,2024,Mohamed Wague,UNRESOLVED (no bbref row),44907,Alabama,,
5242937,2025,Mohammad Habhab,UNRESOLVED (no bbref row),50097,Central Michigan,,
5242937,2025,Mohammad Habhab,UNRESOLVED (no bbref row),21542,Eastern Michigan,,
4898333,2022,Montavious Myrick,KEEP (bbref=Northern Illinois),27299,Northern Illinois,,
4898333,2022,Montavious Myrick,DELETE (phantom),21549,Eastern Kentucky,27299,Northern Illinois
4591258,2023,Monty Bowser,UNRESOLVED (no bbref row),21554,California Baptist,,
4591258,2023,Monty Bowser,UNRESOLVED (no bbref row),29679,California,,
4591258,2024,Monty Bowser,KEEP (bbref=California),45387,California,,
4591258,2024,Monty Bowser,DELETE (phantom),21555,California Baptist,45387,California
4591258,2025,Monty Bowser,KEEP (bbref=Northern Arizona),52265,Northern Arizona,,
4591258,2025,Monty Bowser,DELETE (phantom),21556,California Baptist,52265,Northern Arizona
4683767,2024,Mookie Cook,KEEP (bbref=Oregon),47693,Oregon,,
4683767,2024,Mookie Cook,DELETE (phantom),21558,San Francisco,47693,Oregon
4683767,2025,Mookie Cook,UNRESOLVED (no bbref row),21559,San Francisco,,
4683767,2025,Mookie Cook,UNRESOLVED (no bbref row),52498,Oregon,,
5107205,2023,Mor Seck,UNRESOLVED (no bbref row),21561,Towson,,
5107205,2023,Mor Seck,UNRESOLVED (no bbref row),30601,Hawaii,,
5107205,2024,Mor Seck,KEEP (bbref=Hawaii),46165,Hawaii,,
5107205,2024,Mor Seck,DELETE (phantom),21562,Towson,46165,Hawaii
5107205,2025,Mor Seck,UNRESOLVED (no bbref row),21563,Towson,,
5107205,2025,Mor Seck,UNRESOLVED (no bbref row),50738,Fresno State,,
4873153,2025,Morez Johnson Jr.,KEEP (bbref=Illinois),51083,Illinois,,
4873153,2025,Morez Johnson Jr.,DELETE (phantom),21565,Michigan,51083,Illinois
4593739,2022,Morgan Safford,UNRESOLVED (no bbref row),21567,Kent State,,
4593739,2022,Morgan Safford,UNRESOLVED (no bbref row),29039,Wofford,,
4593739,2023,Morgan Safford,KEEP (bbref=Miami (OH)),31296,Miami (OH),,
4593739,2023,Morgan Safford,DELETE (phantom),21568,Kent State,31296,Miami (OH)
5174294,2025,Morris Ugusuk,KEEP (bbref=South Carolina),53107,South Carolina,,
5174294,2025,Morris Ugusuk,DELETE (phantom),21573,West Virginia,53107,South Carolina
5240082,2025,Mostapha El Moutaouakkil,UNRESOLVED (no bbref row),51496,Louisiana,,
5240082,2025,Mostapha El Moutaouakkil,UNRESOLVED (no bbref row),21578,Jacksonville State,,
4895780,2024,Mouhamed Dioubate,UNRESOLVED (no bbref row),21584,Kentucky,,
4895780,2024,Mouhamed Dioubate,UNRESOLVED (no bbref row),44908,Alabama,,
4895780,2025,Mouhamed Dioubate,KEEP (bbref=Alabama),49542,Alabama,,
4895780,2025,Mouhamed Dioubate,DELETE (phantom),21585,Kentucky,49542,Alabama
4898259,2023,Mouhamed Sow,UNRESOLVED (no bbref row),21588,Rhode Island,,
4898259,2023,Mouhamed Sow,UNRESOLVED (no bbref row),32469,Saint Peter's,,
4898259,2024,Mouhamed Sow,KEEP (bbref=Saint Peter's),48122,Saint Peter's,,
4898259,2024,Mouhamed Sow,DELETE (phantom),21589,Rhode Island,48122,Saint Peter's
4898259,2025,Mouhamed Sow,UNRESOLVED (no bbref row),21590,Rhode Island,,
4898259,2025,Mouhamed Sow,UNRESOLVED (no bbref row),52934,Saint Peter's,,
5241389,2025,Mozae Downing-Rivers,UNRESOLVED (no bbref row),21596,Portland State,,
5241389,2025,Mozae Downing-Rivers,UNRESOLVED (no bbref row),51870,Missouri State,,
5175796,2024,Muneer Newton,UNRESOLVED (no bbref row),21599,Campbell,,
5175796,2024,Muneer Newton,UNRESOLVED (no bbref row),48746,Albany (NY),,
5175796,2025,Muneer Newton,KEEP (bbref=Delaware State),50374,Delaware State,,
5175796,2025,Muneer Newton,DELETE (phantom),21600,Campbell,50374,Delaware State
5176112,2024,Myles Che,KEEP (bbref=Chattanooga),45501,Chattanooga,,
5176112,2024,Myles Che,DELETE (phantom),21612,Nevada-Las Vegas,45501,Chattanooga
5176112,2025,Myles Che,KEEP (bbref=UC Irvine),53653,UC Irvine,,
5176112,2025,Myles Che,DELETE (phantom),21613,Nevada-Las Vegas,53653,UC Irvine
4894452,2024,Myles Colvin,KEEP (bbref=Purdue),47853,Purdue,,
4894452,2024,Myles Colvin,DELETE (phantom),21614,Wake Forest,47853,Purdue
4894452,2025,Myles Colvin,KEEP (bbref=Purdue),52675,Purdue,,
4894452,2025,Myles Colvin,DELETE (phantom),21615,Wake Forest,52675,Purdue
4706260,2025,Myles Corey,KEEP (bbref=South Alabama),53091,South Alabama,,
4706260,2025,Myles Corey,DELETE (phantom),21620,Rhode Island,53091,South Alabama
4709133,2022,Myles Rice,UNRESOLVED (no bbref row),21624,Maryland,,
4709133,2022,Myles Rice,UNRESOLVED (no bbref row),28902,Washington State,,
4709133,2024,Myles Rice,KEEP (bbref=Washington State),49253,Washington State,,
4709133,2024,Myles Rice,DELETE (phantom),21626,Maryland,49253,Washington State
4709133,2025,Myles Rice,KEEP (bbref=Indiana),51119,Indiana,,
4709133,2025,Myles Rice,DELETE (phantom),21627,Maryland,51119,Indiana
5176734,2024,Myles Rigsby,KEEP (bbref=Troy),48687,Troy,,
5176734,2024,Myles Rigsby,DELETE (phantom),21629,Tulsa,48687,Troy
5176734,2025,Myles Rigsby,UNRESOLVED (no bbref row),21630,Tulsa,,
5176734,2025,Myles Rigsby,UNRESOLVED (no bbref row),53563,Troy,,
4433340,2022,Myles Stute,KEEP (bbref=Vanderbilt),28791,Vanderbilt,,
4433340,2022,Myles Stute,DELETE (phantom),21632,South Carolina,28791,Vanderbilt
4433340,2023,Myles Stute,KEEP (bbref=Vanderbilt),33538,Vanderbilt,,
4433340,2023,Myles Stute,DELETE (phantom),21633,South Carolina,33538,Vanderbilt
4433560,2022,Myles Wilmoth,KEEP (bbref=Butler),25269,Butler,,
4433560,2022,Myles Wilmoth,DELETE (phantom),21642,Canisius,25269,Butler
4433560,2023,Myles Wilmoth,UNRESOLVED (no bbref row),21643,Canisius,,
4433560,2023,Myles Wilmoth,UNRESOLVED (no bbref row),29605,Butler,,
4433560,2025,Myles Wilmoth,KEEP (bbref=Siena),53081,Siena,,
4433560,2025,Myles Wilmoth,DELETE (phantom),21645,Canisius,53081,Siena
4897534,2022,Myron Amey Jr.,UNRESOLVED (no bbref row),21648,Loyola Marymount,,
4897534,2022,Myron Amey Jr.,UNRESOLVED (no bbref row),38753,San Jose State,,
4897534,2023,Myron Amey Jr.,UNRESOLVED (no bbref row),21649,Loyola Marymount,,
4897534,2023,Myron Amey Jr.,UNRESOLVED (no bbref row),32560,San Jose State,,
4897534,2024,Myron Amey Jr.,KEEP (bbref=San Jose State),48202,San Jose State,,
4897534,2024,Myron Amey Jr.,DELETE (phantom),21650,Loyola Marymount,48202,San Jose State
5105588,2023,ND Okafor,KEEP (bbref=California),29680,California,,
5105588,2023,ND Okafor,DELETE (phantom),21744,Washington State,29680,California
5105588,2024,ND Okafor,KEEP (bbref=California),45382,California,,
5105588,2024,ND Okafor,DELETE (phantom),21745,Washington State,45382,California
5107903,2023,NJ Benson,KEEP (bbref=Missouri State),31420,Missouri State,,
5107903,2023,NJ Benson,DELETE (phantom),21902,DePaul,31420,Missouri State
5107903,2024,NJ Benson,KEEP (bbref=Missouri State),47064,Missouri State,,
5107903,2024,NJ Benson,DELETE (phantom),21903,DePaul,47064,Missouri State
5174557,2024,Naithan George,KEEP (bbref=Georgia Tech),46067,Georgia Tech,,
5174557,2024,Naithan George,DELETE (phantom),21660,Syracuse,46067,Georgia Tech
5174557,2025,Naithan George,UNRESOLVED (no bbref row),50857,Georgia Tech,,
5174557,2025,Naithan George,UNRESOLVED (no bbref row),21661,Syracuse,,
5177341,2025,Nakyel Shelton,UNRESOLVED (no bbref row),50508,Eastern Illinois,,
5177341,2025,Nakyel Shelton,UNRESOLVED (no bbref row),21668,Loyola Marymount,,
4898210,2022,Nana Owusu-Anane,KEEP (bbref=Brown),25207,Brown,,
4898210,2022,Nana Owusu-Anane,DELETE (phantom),21670,Grand Canyon,25207,Brown
4898210,2023,Nana Owusu-Anane,UNRESOLVED (no bbref row),21671,Grand Canyon,,
4898210,2023,Nana Owusu-Anane,UNRESOLVED (no bbref row),29541,Brown,,
4898210,2024,Nana Owusu-Anane,KEEP (bbref=Brown),45257,Brown,,
4898210,2024,Nana Owusu-Anane,DELETE (phantom),21672,Grand Canyon,45257,Brown
5176224,2024,Nas Muhammad,KEEP (bbref=Northern Illinois),47495,Northern Illinois,,
5176224,2024,Nas Muhammad,DELETE (phantom),21677,Albany (NY),47495,Northern Illinois
5176224,2025,Nas Muhammad,KEEP (bbref=Northern Illinois),52289,Northern Illinois,,
5176224,2025,Nas Muhammad,DELETE (phantom),21678,Albany (NY),52289,Northern Illinois
5107230,2023,Nate Brafford,KEEP (bbref=Georgia Southern),30491,Georgia Southern,,
5107230,2023,Nate Brafford,DELETE (phantom),21693,Charleston Southern,30491,Georgia Southern
5107230,2025,Nate Brafford,UNRESOLVED (no bbref row),21695,Charleston Southern,,
5107230,2025,Nate Brafford,UNRESOLVED (no bbref row),50834,Georgia Southern,,
5108081,2024,Nate Calmese,KEEP (bbref=Washington),49246,Washington,,
5108081,2024,Nate Calmese,DELETE (phantom),21698,Wake Forest,49246,Washington
5108081,2025,Nate Calmese,KEEP (bbref=Washington State),54082,Washington State,,
5108081,2025,Nate Calmese,DELETE (phantom),21699,Wake Forest,54082,Washington State
5240688,2025,Nate Deer,KEEP (bbref=Texas State),53521,Texas State,,
5240688,2025,Nate Deer,DELETE (phantom),21701,Oakland,53521,Texas State
5239648,2025,Nate Guerengomba,KEEP (bbref=Massachusetts),51691,Massachusetts,,
5239648,2025,Nate Guerengomba,DELETE (phantom),21706,Quinnipiac,51691,Massachusetts
4703912,2022,Nate Heise,KEEP (bbref=Northern Iowa),27304,Northern Iowa,,
4703912,2022,Nate Heise,DELETE (phantom),21708,Iowa State,27304,Northern Iowa
4703912,2023,Nate Heise,KEEP (bbref=Northern Iowa),31846,Northern Iowa,,
4703912,2023,Nate Heise,DELETE (phantom),21709,Iowa State,31846,Northern Iowa
4703912,2024,Nate Heise,KEEP (bbref=Northern Iowa),47503,Northern Iowa,,
4703912,2024,Nate Heise,DELETE (phantom),21710,Iowa State,47503,Northern Iowa
4703378,2023,Nate Johnson,KEEP (bbref=Southeast Missouri State),32705,Southeast Missouri State,,
4703378,2023,Nate Johnson,DELETE (phantom),21713,Detroit Mercy,32705,Southeast Missouri State
4703378,2023,Nate Johnson,DELETE (phantom),21714,Kansas State,32705,Southeast Missouri State
4898278,2024,Nate Johnson,UNRESOLVED (no bbref row),21715,Detroit Mercy,,
4898278,2024,Nate Johnson,UNRESOLVED (no bbref row),21716,Kansas State,,
4898278,2024,Nate Johnson,UNRESOLVED (no bbref row),44872,Akron,,
4898278,2025,Nate Johnson,KEEP (bbref=Akron),49503,Akron,,
4898278,2025,Nate Johnson,DELETE (phantom),21718,Kansas State,49503,Akron
5240882,2025,Nate Kingz,UNRESOLVED (no bbref row),21725,Syracuse,,
5240882,2025,Nate Kingz,UNRESOLVED (no bbref row),52506,Oregon State,,
5107152,2024,Nate Pickens,KEEP (bbref=UC Riverside),48781,UC Riverside,,
5107152,2024,Nate Pickens,DELETE (phantom),21728,Brigham Young,48781,UC Riverside
5107152,2025,Nate Pickens,KEEP (bbref=UC Riverside),53667,UC Riverside,,
5107152,2025,Nate Pickens,DELETE (phantom),21729,Brigham Young,53667,UC Riverside
5175742,2024,Nazar Mahmoud,UNRESOLVED (no bbref row),21736,Grambling,,
5175742,2024,Nazar Mahmoud,UNRESOLVED (no bbref row),49052,UTSA,,
5175742,2025,Nazar Mahmoud,KEEP (bbref=UTSA),53927,UTSA,,
5175742,2025,Nazar Mahmoud,DELETE (phantom),21737,Grambling,53927,UTSA
5239776,2025,Nehemiah Turner,KEEP (bbref=Central Arkansas),50062,Central Arkansas,,
5239776,2025,Nehemiah Turner,DELETE (phantom),21759,Minnesota,50062,Central Arkansas
5177724,2024,Nestor Dyachok,UNRESOLVED (no bbref row),21765,North Florida,,
5177724,2024,Nestor Dyachok,UNRESOLVED (no bbref row),48401,Southern Utah,,
5175371,2024,Nic McClain,KEEP (bbref=Eastern Washington),45863,Eastern Washington,,
5175371,2024,Nic McClain,DELETE (phantom),21775,Belmont,45863,Eastern Washington
5175371,2025,Nic McClain,UNRESOLVED (no bbref row),21776,Belmont,,
5175371,2025,Nic McClain,UNRESOLVED (no bbref row),50555,Eastern Washington,,
5126036,2024,Niccolo Moretti,KEEP (bbref=Illinois),46277,Illinois,,
5126036,2024,Niccolo Moretti,DELETE (phantom),21781,Florida Atlantic,46277,Illinois
5243232,2025,Nick Anderson,KEEP (bbref=Furman),50742,Furman,,
5243232,2025,Nick Anderson,DELETE (phantom),21786,Rice,50742,Furman
4702654,2023,Nick Boyd,UNRESOLVED (no bbref row),21788,Wisconsin,,
4702654,2023,Nick Boyd,UNRESOLVED (no bbref row),30302,Florida Atlantic,,
4702654,2024,Nick Boyd,KEEP (bbref=Florida Atlantic),45942,Florida Atlantic,,
4702654,2024,Nick Boyd,DELETE (phantom),21789,Wisconsin,45942,Florida Atlantic
4702654,2025,Nick Boyd,UNRESOLVED (no bbref row),52974,San Diego State,,
4702654,2025,Nick Boyd,UNRESOLVED (no bbref row),21790,Wisconsin,,
4699440,2023,Nick Davidson,KEEP (bbref=Nevada),31575,Nevada,,
4699440,2023,Nick Davidson,DELETE (phantom),21793,Clemson,31575,Nevada
4699440,2024,Nick Davidson,KEEP (bbref=Nevada),47238,Nevada,,
4699440,2024,Nick Davidson,DELETE (phantom),21794,Clemson,47238,Nevada
4699440,2025,Nick Davidson,KEEP (bbref=Nevada),52038,Nevada,,
4699440,2025,Nick Davidson,DELETE (phantom),21795,Clemson,52038,Nevada
5174935,2024,Nick Dorn,UNRESOLVED (no bbref row),21799,Indiana,,
5174935,2024,Nick Dorn,UNRESOLVED (no bbref row),45870,Elon,,
5174935,2025,Nick Dorn,KEEP (bbref=Elon),50567,Elon,,
5174935,2025,Nick Dorn,DELETE (phantom),21800,Indiana,50567,Elon
5107703,2024,Nick Ellington,KEEP (bbref=Murray State),47178,Murray State,,
5107703,2024,Nick Ellington,DELETE (phantom),21803,George Mason,47178,Murray State
5107703,2025,Nick Ellington,KEEP (bbref=Murray State),51966,Murray State,,
5107703,2025,Nick Ellington,DELETE (phantom),21804,George Mason,51966,Murray State
4703910,2022,Nick Hittle,KEEP (bbref=Indiana State),26359,Indiana State,,
4703910,2022,Nick Hittle,DELETE (phantom),21806,Western Illinois,26359,Indiana State
5105625,2023,Nick Krass,KEEP (bbref=Oregon State),32059,Oregon State,,
5105625,2023,Nick Krass,DELETE (phantom),21813,Nicholls State,32059,Oregon State
5105625,2025,Nick Krass,KEEP (bbref=Tarleton State),53405,Tarleton State,,
5105625,2025,Nick Krass,DELETE (phantom),21815,Nicholls State,53405,Tarleton State
4703887,2023,Nick Pringle,UNRESOLVED (no bbref row),21826,Arkansas,,
4703887,2023,Nick Pringle,UNRESOLVED (no bbref row),29172,Alabama,,
4703887,2024,Nick Pringle,UNRESOLVED (no bbref row),21827,Arkansas,,
4703887,2024,Nick Pringle,UNRESOLVED (no bbref row),44903,Alabama,,
4703887,2025,Nick Pringle,KEEP (bbref=South Carolina),53104,South Carolina,,
4703887,2025,Nick Pringle,DELETE (phantom),21828,Arkansas,53104,South Carolina
5241914,2025,Nick Shogbonyo,KEEP (bbref=Denver),50388,Denver,,
5241914,2025,Nick Shogbonyo,DELETE (phantom),21840,Texas A&M-Corpus Christi,50388,Denver
5242279,2025,Nick Woodard,KEEP (bbref=Stony Brook),53358,Stony Brook,,
5242279,2025,Nick Woodard,DELETE (phantom),21845,Alcorn State,53358,Stony Brook
5107824,2023,Nigel Burris,UNRESOLVED (no bbref row),21853,Weber State,,
5107824,2023,Nigel Burris,UNRESOLVED (no bbref row),30723,Idaho,,
5107824,2024,Nigel Burris,UNRESOLVED (no bbref row),21854,Weber State,,
5107824,2024,Nigel Burris,UNRESOLVED (no bbref row),49064,Utah State,,
4576062,2022,Nijel Pack,KEEP (bbref=Kansas State),26474,Kansas State,,
4576062,2022,Nijel Pack,DELETE (phantom),21860,Oklahoma,26474,Kansas State
4576062,2023,Nijel Pack,KEEP (bbref=Miami (FL)),31312,Miami (FL),,
4576062,2023,Nijel Pack,DELETE (phantom),21861,Oklahoma,31312,Miami (FL)
4576062,2024,Nijel Pack,UNRESOLVED (no bbref row),21862,Oklahoma,,
4576062,2024,Nijel Pack,UNRESOLVED (no bbref row),46946,Miami (FL),,
4576062,2025,Nijel Pack,KEEP (bbref=Miami (FL)),51773,Miami (FL),,
4576062,2025,Nijel Pack,DELETE (phantom),21863,Oklahoma,51773,Miami (FL)
5106863,2023,Nik Graves,UNRESOLVED (no bbref row),21865,Creighton,,
5106863,2023,Nik Graves,UNRESOLVED (no bbref row),29794,Charlotte,,
5106863,2024,Nik Graves,KEEP (bbref=Charlotte),45486,Charlotte,,
5106863,2024,Nik Graves,DELETE (phantom),21866,Creighton,45486,Charlotte
5106863,2025,Nik Graves,KEEP (bbref=Charlotte),50126,Charlotte,,
5106863,2025,Nik Graves,DELETE (phantom),21867,Creighton,50126,Charlotte
5177264,2024,Nikola Djapa,KEEP (bbref=Long Island University),46646,Long Island University,,
5177264,2024,Nikola Djapa,DELETE (phantom),21880,Colorado State,46646,Long Island University
5175001,2024,Nikolaos Chitikoudis,KEEP (bbref=North Carolina A&T),47363,North Carolina A&T,,
5175001,2024,Nikolaos Chitikoudis,DELETE (phantom),21885,Robert Morris,47363,North Carolina A&T
5175001,2025,Nikolaos Chitikoudis,KEEP (bbref=North Carolina A&T),52159,North Carolina A&T,,
5175001,2025,Nikolaos Chitikoudis,DELETE (phantom),21886,Robert Morris,52159,North Carolina A&T
5175080,2024,Nils Machowski,KEEP (bbref=UCF),48831,UCF,,
5175080,2024,Nils Machowski,DELETE (phantom),21894,Wofford,48831,UCF
4433274,2022,Nnanna Njoku,UNRESOLVED (no bbref row),21908,Delaware,,
4433274,2022,Nnanna Njoku,UNRESOLVED (no bbref row),28828,Villanova,,
4433274,2023,Nnanna Njoku,KEEP (bbref=Villanova),33574,Villanova,,
4433274,2023,Nnanna Njoku,DELETE (phantom),21909,Delaware,33574,Villanova
4433274,2024,Nnanna Njoku,KEEP (bbref=Villanova),49181,Villanova,,
4433274,2024,Nnanna Njoku,DELETE (phantom),21910,Delaware,49181,Villanova
4433274,2025,Nnanna Njoku,KEEP (bbref=Villanova),54053,Villanova,,
4433274,2025,Nnanna Njoku,DELETE (phantom),21911,Delaware,54053,Villanova
4895790,2024,Noah Amenhauser,KEEP (bbref=Grand Canyon),46116,Grand Canyon,,
4895790,2024,Noah Amenhauser,DELETE (phantom),21913,Oregon State,46116,Grand Canyon
4895790,2025,Noah Amenhauser,KEEP (bbref=Coastal Carolina),50199,Coastal Carolina,,
4895790,2025,Noah Amenhauser,DELETE (phantom),21914,Oregon State,50199,Coastal Carolina
5105803,2023,Noah Batchelor,KEEP (bbref=Maryland),31233,Maryland,,
5105803,2023,Noah Batchelor,DELETE (phantom),21918,Buffalo,31233,Maryland
5105803,2024,Noah Batchelor,KEEP (bbref=Maryland),46842,Maryland,,
5105803,2024,Noah Batchelor,DELETE (phantom),21919,Buffalo,46842,Maryland
5105888,2024,Noah Best,KEEP (bbref=Fordham),45994,Fordham,,
5105888,2024,Noah Best,DELETE (phantom),21922,Fairfield,45994,Fordham
5245765,2025,Noah Bolanga,UNRESOLVED (no bbref row),21924,Utah Tech,,
5245765,2025,Noah Bolanga,UNRESOLVED (no bbref row),53260,St. Bonaventure,,
5238209,2025,Noah Boyde,KEEP (bbref=Louisiana State),51341,Louisiana State,,
5238209,2025,Noah Boyde,DELETE (phantom),21926,Western Kentucky,51341,Louisiana State
4432204,2022,Noah Collier,UNRESOLVED (no bbref row),21928,La Salle,,
4432204,2022,Noah Collier,UNRESOLVED (no bbref row),27545,Pittsburgh,,
4432204,2023,Noah Collier,UNRESOLVED (no bbref row),21929,La Salle,,
4432204,2023,Noah Collier,UNRESOLVED (no bbref row),33755,William & Mary,,
4432204,2024,Noah Collier,KEEP (bbref=William & Mary),49360,William & Mary,,
4432204,2024,Noah Collier,DELETE (phantom),21930,La Salle,49360,William & Mary
4432204,2025,Noah Collier,KEEP (bbref=William & Mary),54185,William & Mary,,
4432204,2025,Noah Collier,DELETE (phantom),21931,La Salle,54185,William & Mary
5176109,2024,Noah Melson,KEEP (bbref=Chattanooga),45502,Chattanooga,,
5176109,2024,Noah Melson,DELETE (phantom),21944,FDU,45502,Chattanooga
5176109,2025,Noah Melson,KEEP (bbref=Chattanooga),50150,Chattanooga,,
5176109,2025,Noah Melson,DELETE (phantom),21945,FDU,50150,Chattanooga
4823977,2023,Noah Shelby,KEEP (bbref=Vanderbilt),33541,Vanderbilt,,
4823977,2023,Noah Shelby,DELETE (phantom),21955,Texas A&M,33541,Vanderbilt
4823977,2024,Noah Shelby,KEEP (bbref=Rice),47927,Rice,,
4823977,2024,Noah Shelby,DELETE (phantom),21956,Texas A&M,47927,Rice
4432398,2022,Noah Taitz,KEEP (bbref=Stanford),28180,Stanford,,
4432398,2022,Noah Taitz,DELETE (phantom),21959,Utah Valley,28180,Stanford
4432398,2024,Noah Taitz,KEEP (bbref=Loyola Marymount),46747,Loyola Marymount,,
4432398,2024,Noah Taitz,DELETE (phantom),21961,Utah Valley,46747,Loyola Marymount
5105668,2023,Noah Williamson,UNRESOLVED (no bbref row),21965,Alabama,,
5105668,2023,Noah Williamson,UNRESOLVED (no bbref row),29579,Bucknell,,
5105668,2024,Noah Williamson,KEEP (bbref=Bucknell),45287,Bucknell,,
5105668,2024,Noah Williamson,DELETE (phantom),21966,Alabama,45287,Bucknell
5105668,2025,Noah Williamson,KEEP (bbref=Bucknell),49910,Bucknell,,
5105668,2025,Noah Williamson,DELETE (phantom),21967,Alabama,49910,Bucknell
5101664,2025,Nojus Indrusaitis,KEEP (bbref=Iowa State),51180,Iowa State,,
5101664,2025,Nojus Indrusaitis,DELETE (phantom),21970,Pittsburgh,51180,Iowa State
4703253,2022,Nolan Dorsey,KEEP (bbref=Holy Cross),36739,Holy Cross,,
4703253,2022,Nolan Dorsey,DELETE (phantom),21972,California,36739,Holy Cross
4703253,2023,Nolan Dorsey,UNRESOLVED (no bbref row),21973,California,,
4703253,2023,Nolan Dorsey,UNRESOLVED (no bbref row),30641,Holy Cross,,
4703253,2025,Nolan Dorsey,KEEP (bbref=Campbell),50033,Campbell,,
4703253,2025,Nolan Dorsey,DELETE (phantom),21975,California,50033,Campbell
5112189,2025,Nordin Kapic,KEEP (bbref=UC San Diego),53679,UC San Diego,,
5112189,2025,Nordin Kapic,DELETE (phantom),21990,South Carolina,53679,UC San Diego
5176766,2025,Obadiah Curtis,KEEP (bbref=Eastern Illinois),50512,Eastern Illinois,,
5176766,2025,Obadiah Curtis,DELETE (phantom),22003,Houston Christian,50512,Eastern Illinois
5241273,2025,Obi Agbim,UNRESOLVED (no bbref row),22005,Baylor,,
5241273,2025,Obi Agbim,UNRESOLVED (no bbref row),54256,Wyoming,,
5177252,2024,Ocypher Owens,KEEP (bbref=Le Moyne),46563,Le Moyne,,
5177252,2024,Ocypher Owens,DELETE (phantom),22009,Tarleton State,46563,Le Moyne
5177252,2025,Ocypher Owens,KEEP (bbref=Le Moyne),51387,Le Moyne,,
5177252,2025,Ocypher Owens,DELETE (phantom),22010,Tarleton State,51387,Le Moyne
5175352,2024,Ofri Naveh,KEEP (bbref=West Virginia),49289,West Virginia,,
5175352,2024,Ofri Naveh,DELETE (phantom),22012,Oral Roberts,49289,West Virginia
5177685,2024,Okechukwu Okeke,KEEP (bbref=Florida International),45980,Florida International,,
5177685,2024,Okechukwu Okeke,DELETE (phantom),22017,Albany (NY),45980,Florida International
5177685,2025,Okechukwu Okeke,UNRESOLVED (no bbref row),22018,Albany (NY),,
5177685,2025,Okechukwu Okeke,UNRESOLVED (no bbref row),50688,Florida International,,
4810230,2023,Oleg Kojenets,KEEP (bbref=Nebraska),31568,Nebraska,,
4810230,2023,Oleg Kojenets,DELETE (phantom),22022,Stony Brook,31568,Nebraska
4810230,2024,Oleg Kojenets,KEEP (bbref=Wyoming),49428,Wyoming,,
4810230,2024,Oleg Kojenets,DELETE (phantom),22023,Stony Brook,49428,Wyoming
4810230,2025,Oleg Kojenets,UNRESOLVED (no bbref row),22024,Stony Brook,,
4810230,2025,Oleg Kojenets,UNRESOLVED (no bbref row),54266,Wyoming,,
5175037,2024,Omaha Biliew,KEEP (bbref=Iowa State),46373,Iowa State,,
5175037,2024,Omaha Biliew,DELETE (phantom),22030,Wake Forest,46373,Iowa State
66768,2017,Omer Yurtseven,UNRESOLVED (no bbref row),81012,Tulane,,
66768,2017,Omer Yurtseven,UNRESOLVED (no bbref row),79524,NC State,,
66768,2018,Omer Yurtseven,UNRESOLVED (no bbref row),85536,Tulane,,
66768,2018,Omer Yurtseven,UNRESOLVED (no bbref row),84058,NC State,,
5108764,2023,Orlando Lovejoy,KEEP (bbref=Eastern Michigan),30210,Eastern Michigan,,
5108764,2023,Orlando Lovejoy,DELETE (phantom),22048,Detroit Mercy,30210,Eastern Michigan
5108764,2024,Orlando Lovejoy,KEEP (bbref=Eastern Michigan),45840,Eastern Michigan,,
5108764,2024,Orlando Lovejoy,DELETE (phantom),22049,Detroit Mercy,45840,Eastern Michigan
5174973,2024,Oscar Cluff,KEEP (bbref=Washington State),49256,Washington State,,
5174973,2024,Oscar Cluff,DELETE (phantom),22052,Purdue,49256,Washington State
5174973,2025,Oscar Cluff,KEEP (bbref=South Dakota State),53156,South Dakota State,,
5174973,2025,Oscar Cluff,DELETE (phantom),22053,Purdue,53156,South Dakota State
4858609,2024,Osiris Grady,UNRESOLVED (no bbref row),49100,Utah Valley,,
4858609,2024,Osiris Grady,UNRESOLVED (no bbref row),22061,UC Riverside,,
4858609,2025,Osiris Grady,KEEP (bbref=Utah Valley),53968,Utah Valley,,
4858609,2025,Osiris Grady,DELETE (phantom),22062,UC Riverside,53968,Utah Valley
5106270,2023,Otega Oweh,KEEP (bbref=Oklahoma),31954,Oklahoma,,
5106270,2023,Otega Oweh,DELETE (phantom),22067,Kentucky,31954,Oklahoma
5106270,2024,Otega Oweh,KEEP (bbref=Oklahoma),47613,Oklahoma,,
5106270,2024,Otega Oweh,DELETE (phantom),22068,Kentucky,47613,Oklahoma
5106677,2023,Oumar Koureissi,UNRESOLVED (no bbref row),22074,Texas Southern,,
5106677,2023,Oumar Koureissi,UNRESOLVED (no bbref row),30854,Jacksonville,,
5106677,2024,Oumar Koureissi,KEEP (bbref=Nicholls State),34375,Nicholls State,,
5106677,2024,Oumar Koureissi,DELETE (phantom),22075,Texas Southern,34375,Nicholls State
5242131,2025,Owen Aquino,KEEP (bbref=Liberty),51419,Liberty,,
5242131,2025,Owen Aquino,DELETE (phantom),22077,High Point,51419,Liberty
4897302,2023,Owen Dease,KEEP (bbref=Texas A&M-Corpus Christi),32999,Texas A&M-Corpus Christi,,
4897302,2023,Owen Dease,DELETE (phantom),22080,Valparaiso,32999,Texas A&M-Corpus Christi
4894465,2024,Owen Freeman,KEEP (bbref=Iowa),46354,Iowa,,
4894465,2024,Owen Freeman,DELETE (phantom),22086,Creighton,46354,Iowa
4894465,2025,Owen Freeman,KEEP (bbref=Iowa),51158,Iowa,,
4894465,2025,Owen Freeman,DELETE (phantom),22087,Creighton,51158,Iowa
5241452,2025,Owen Larson,KEEP (bbref=South Dakota State),53159,South Dakota State,,
5241452,2025,Owen Larson,DELETE (phantom),22095,Drake,53159,South Dakota State
5105642,2023,Oziyah Sellers,KEEP (bbref=Southern California),33384,Southern California,,
5105642,2023,Oziyah Sellers,DELETE (phantom),22100,St. John's (NY),33384,Southern California
5105642,2024,Oziyah Sellers,KEEP (bbref=Southern California),48979,Southern California,,
5105642,2024,Oziyah Sellers,DELETE (phantom),22101,St. John's (NY),48979,Southern California
5105642,2025,Oziyah Sellers,KEEP (bbref=Stanford),53294,Stanford,,
5105642,2025,Oziyah Sellers,DELETE (phantom),22102,St. John's (NY),53294,Stanford
4710427,2023,P.J. Edwards,KEEP (bbref=UCF),33239,UCF,,
4710427,2023,P.J. Edwards,DELETE (phantom),22104,Grambling,33239,UCF
4710427,2024,P.J. Edwards,KEEP (bbref=Bowling Green),45236,Bowling Green,,
4710427,2024,P.J. Edwards,DELETE (phantom),22105,Grambling,45236,Bowling Green
5106275,2023,P.J. Haggerty,KEEP (bbref=Texas Christian),32899,Texas Christian,,
5106275,2023,P.J. Haggerty,DELETE (phantom),22108,Kansas State,32899,Texas Christian
5106275,2024,P.J. Haggerty,KEEP (bbref=Tulsa),48712,Tulsa,,
5106275,2024,P.J. Haggerty,DELETE (phantom),22109,Kansas State,48712,Tulsa
5106275,2025,P.J. Haggerty,KEEP (bbref=Memphis),51708,Memphis,,
5106275,2025,P.J. Haggerty,DELETE (phantom),22110,Kansas State,51708,Memphis
4702000,2022,PJ Carter,KEEP (bbref=Campbell),35763,Campbell,,
4702000,2022,PJ Carter,DELETE (phantom),22281,Louisiana State,35763,Campbell
4702000,2024,PJ Carter,UNRESOLVED (no bbref row),49044,UTSA,,
4702000,2024,PJ Carter,UNRESOLVED (no bbref row),22283,Louisiana State,,
4702000,2025,PJ Carter,KEEP (bbref=Memphis),51714,Memphis,,
4702000,2025,PJ Carter,DELETE (phantom),22284,Louisiana State,51714,Memphis
5243339,2025,PJ Eason,KEEP (bbref=Grambling),50889,Grambling,,
5243339,2025,PJ Eason,DELETE (phantom),22286,Alabama A&M,50889,Grambling
4897898,2022,Pablo Tamba,KEEP (bbref=Idaho State),26283,Idaho State,,
4897898,2022,Pablo Tamba,DELETE (phantom),22112,Louisiana State,26283,Idaho State
4897898,2024,Pablo Tamba,KEEP (bbref=UC Davis),48759,UC Davis,,
4897898,2024,Pablo Tamba,DELETE (phantom),22114,Louisiana State,48759,UC Davis
4897898,2025,Pablo Tamba,KEEP (bbref=UC Davis),53637,UC Davis,,
4897898,2025,Pablo Tamba,DELETE (phantom),22115,Louisiana State,53637,UC Davis
5152658,2025,Pape N'Diaye,KEEP (bbref=Nevada-Las Vegas),53838,Nevada-Las Vegas,,
5152658,2025,Pape N'Diaye,DELETE (phantom),22121,Xavier,53838,Nevada-Las Vegas
4845382,2024,Parker Friedrichsen,UNRESOLVED (no bbref row),22128,Davidson,,
4845382,2024,Parker Friedrichsen,UNRESOLVED (no bbref row),49228,Wake Forest,,
4845382,2025,Parker Friedrichsen,KEEP (bbref=Wake Forest),54062,Wake Forest,,
4845382,2025,Parker Friedrichsen,DELETE (phantom),22129,Davidson,54062,Wake Forest
4897970,2023,Parsa Fallah,KEEP (bbref=Southern Utah),32765,Southern Utah,,
4897970,2023,Parsa Fallah,DELETE (phantom),22139,Oklahoma State,32765,Southern Utah
4897970,2024,Parsa Fallah,UNRESOLVED (no bbref row),22140,Oklahoma State,,
4897970,2024,Parsa Fallah,UNRESOLVED (no bbref row),48395,Southern Utah,,
4897970,2025,Parsa Fallah,UNRESOLVED (no bbref row),22141,Oklahoma State,,
4897970,2025,Parsa Fallah,UNRESOLVED (no bbref row),52505,Oregon State,,
5176042,2024,Patrick O'Brien,KEEP (bbref=Bucknell),22158,Bucknell,,
5176042,2024,Patrick O'Brien,DELETE (phantom),22159,Southern California,22158,Bucknell
5176042,2025,Patrick O'Brien,KEEP (bbref=Bucknell),22160,Bucknell,,
5176042,2025,Patrick O'Brien,DELETE (phantom),22161,Southern California,22160,Bucknell
4703002,2023,Patrick Suemnick,KEEP (bbref=West Virginia),33683,West Virginia,,
4703002,2023,Patrick Suemnick,DELETE (phantom),22165,Seton Hall,33683,West Virginia
4703002,2024,Patrick Suemnick,KEEP (bbref=West Virginia),49286,West Virginia,,
4703002,2024,Patrick Suemnick,DELETE (phantom),22166,Seton Hall,49286,West Virginia
4703002,2025,Patrick Suemnick,UNRESOLVED (no bbref row),22167,Seton Hall,,
4703002,2025,Patrick Suemnick,UNRESOLVED (no bbref row),52424,Oklahoma State,,
4838717,2024,Patrick Wessler,UNRESOLVED (no bbref row),22171,UNC Wilmington,,
4838717,2024,Patrick Wessler,UNRESOLVED (no bbref row),49208,Virginia Tech,,
5095063,2024,Paul Djobet,UNRESOLVED (no bbref row),22175,Omaha,,
5095063,2024,Paul Djobet,UNRESOLVED (no bbref row),46952,Miami (FL),,
5095063,2025,Paul Djobet,KEEP (bbref=Miami (FL)),51780,Miami (FL),,
5095063,2025,Paul Djobet,DELETE (phantom),22176,Omaha,51780,Miami (FL)
5241759,2025,Paul Jones III,UNRESOLVED (no bbref row),22179,James Madison,,
5241759,2025,Paul Jones III,UNRESOLVED (no bbref row),54203,Winthrop,,
5105279,2023,Paul Lewis,KEEP (bbref=Vanderbilt),33543,Vanderbilt,,
5105279,2023,Paul Lewis,DELETE (phantom),22181,James Madison,33543,Vanderbilt
5105279,2024,Paul Lewis,UNRESOLVED (no bbref row),49149,Vanderbilt,,
5105279,2024,Paul Lewis,UNRESOLVED (no bbref row),22182,James Madison,,
5105279,2025,Paul Lewis,KEEP (bbref=UTSA),53926,UTSA,,
5105279,2025,Paul Lewis,DELETE (phantom),22183,James Madison,53926,UTSA
5107797,2023,Paul Otieno,UNRESOLVED (no bbref row),22190,Saint Louis,,
5107797,2023,Paul Otieno,UNRESOLVED (no bbref row),32240,Quinnipiac,,
5107797,2024,Paul Otieno,KEEP (bbref=Quinnipiac),47879,Quinnipiac,,
5107797,2024,Paul Otieno,DELETE (phantom),22191,Saint Louis,47879,Quinnipiac
5107797,2025,Paul Otieno,KEEP (bbref=Quinnipiac),52699,Quinnipiac,,
5107797,2025,Paul Otieno,DELETE (phantom),22192,Saint Louis,52699,Quinnipiac
5174955,2024,Paulius Murauskas,UNRESOLVED (no bbref row),22194,Saint Mary's,,
5174955,2024,Paulius Murauskas,UNRESOLVED (no bbref row),44994,Arizona,,
5176260,2024,Pavle Stošic,KEEP (bbref=Gonzaga),46089,Gonzaga,,
5176260,2024,Pavle Stošic,DELETE (phantom),22197,Pepperdine,46089,Gonzaga
5107296,2023,Perry Smith Jr.,KEEP (bbref=Vermont),33560,Vermont,,
5107296,2023,Perry Smith Jr.,DELETE (phantom),22215,Kennesaw State,33560,Vermont
5107296,2023,Perry Smith Jr.,DELETE (phantom),22216,North Carolina Central,33560,Vermont
5107296,2024,Perry Smith Jr.,KEEP (bbref=North Carolina Central),22218,North Carolina Central,,
5107296,2024,Perry Smith Jr.,DELETE (phantom),22217,Kennesaw State,22218,North Carolina Central
5107296,2025,Perry Smith Jr.,KEEP (bbref=North Carolina Central),22220,North Carolina Central,,
5107296,2025,Perry Smith Jr.,DELETE (phantom),22219,Kennesaw State,22220,North Carolina Central
5238187,2025,Petar Majstorovic,KEEP (bbref=Syracuse),53372,Syracuse,,
5238187,2025,Petar Majstorovic,DELETE (phantom),22222,Long Beach State,53372,Syracuse
5105896,2023,Peter Oduro,KEEP (bbref=George Mason),30440,George Mason,,
5105896,2023,Peter Oduro,DELETE (phantom),22232,Hampton,30440,George Mason
5105896,2025,Peter Oduro,KEEP (bbref=Coppin State),50273,Coppin State,,
5105896,2025,Peter Oduro,DELETE (phantom),22234,Hampton,50273,Coppin State
5106674,2023,Peter Suder,KEEP (bbref=Bellarmine),29411,Bellarmine,,
5106674,2023,Peter Suder,DELETE (phantom),22239,Miami (OH),29411,Bellarmine
5106674,2024,Peter Suder,KEEP (bbref=Bellarmine),45136,Bellarmine,,
5106674,2024,Peter Suder,DELETE (phantom),22240,Miami (OH),45136,Bellarmine
5174576,2024,Petras Padegimas,KEEP (bbref=Dayton),45693,Dayton,,
5174576,2024,Petras Padegimas,DELETE (phantom),22244,Mercer,45693,Dayton
4683837,2022,Peyton Daniels Sr.,KEEP (bbref=Vanderbilt),28798,Vanderbilt,,
4683837,2022,Peyton Daniels Sr.,DELETE (phantom),22245,Alabama A&M,28798,Vanderbilt
4683837,2023,Peyton Daniels Sr.,KEEP (bbref=Jacksonville State),30863,Jacksonville State,,
4683837,2023,Peyton Daniels Sr.,DELETE (phantom),22246,Alabama A&M,30863,Jacksonville State
5061592,2025,Peyton Marshall,KEEP (bbref=Missouri),51887,Missouri,,
5061592,2025,Peyton Marshall,DELETE (phantom),22251,Georgia Tech,51887,Missouri
5105823,2023,Pharrel Payne,KEEP (bbref=Minnesota),31369,Minnesota,,
5105823,2023,Pharrel Payne,DELETE (phantom),22260,Maryland,31369,Minnesota
5105823,2024,Pharrel Payne,UNRESOLVED (no bbref row),47017,Minnesota,,
5105823,2024,Pharrel Payne,UNRESOLVED (no bbref row),22261,Maryland,,
5105823,2025,Pharrel Payne,KEEP (bbref=Texas A&M),53471,Texas A&M,,
5105823,2025,Pharrel Payne,DELETE (phantom),22262,Maryland,53471,Texas A&M
5240416,2025,Pharrell Boyogueno,UNRESOLVED (no bbref row),22264,Winthrop,,
5240416,2025,Pharrell Boyogueno,UNRESOLVED (no bbref row),50759,Gardner-Webb,,
4703670,2022,Pierce Spencer,UNRESOLVED (no bbref row),22271,UTSA,,
4703670,2022,Pierce Spencer,UNRESOLVED (no bbref row),37842,Nicholls State,,
4703670,2023,Pierce Spencer,KEEP (bbref=Nicholls State),31655,Nicholls State,,
4703670,2023,Pierce Spencer,DELETE (phantom),22272,UTSA,31655,Nicholls State
5106879,2023,Pierre Geneste Jr.,KEEP (bbref=Louisiana Tech),31092,Louisiana Tech,,
5106879,2023,Pierre Geneste Jr.,DELETE (phantom),22276,Cal State Bakersfield,31092,Louisiana Tech
5106879,2025,Pierre Geneste Jr.,UNRESOLVED (no bbref row),22278,Cal State Bakersfield,,
5106879,2025,Pierre Geneste Jr.,UNRESOLVED (no bbref row),50739,Fresno State,,
5179294,2024,Po'Boigh King,UNRESOLVED (no bbref row),22290,Sam Houston,,
5179294,2024,Po'Boigh King,UNRESOLVED (no bbref row),47372,North Carolina Central,,
5179294,2025,Po'Boigh King,KEEP (bbref=North Carolina Central),52169,North Carolina Central,,
5179294,2025,Po'Boigh King,DELETE (phantom),22291,Sam Houston,52169,North Carolina Central
5106285,2023,Pop Isaacs,UNRESOLVED (no bbref row),22299,Texas A&M,,
5106285,2023,Pop Isaacs,UNRESOLVED (no bbref row),33048,Texas Tech,,
5106285,2024,Pop Isaacs,KEEP (bbref=Texas Tech),48644,Texas Tech,,
5106285,2024,Pop Isaacs,DELETE (phantom),22300,Texas A&M,48644,Texas Tech
5106285,2025,Pop Isaacs,KEEP (bbref=Creighton),50304,Creighton,,
5106285,2025,Pop Isaacs,DELETE (phantom),22301,Texas A&M,50304,Creighton
5105524,2024,Presley Patterson,KEEP (bbref=Auburn),45079,Auburn,,
5105524,2024,Presley Patterson,DELETE (phantom),22307,Rice,45079,Auburn
5105524,2025,Presley Patterson,UNRESOLVED (no bbref row),22308,Rice,,
5105524,2025,Presley Patterson,UNRESOLVED (no bbref row),49710,Auburn,,
4433289,2023,Preston Murphy Jr.,KEEP (bbref=New Orleans),31632,New Orleans,,
4433289,2023,Preston Murphy Jr.,DELETE (phantom),22314,Alabama,31632,New Orleans
4897456,2022,Preston Phillips,KEEP (bbref=Evansville),25830,Evansville,,
4897456,2022,Preston Phillips,DELETE (phantom),22318,Pepperdine,25830,Evansville
4897456,2023,Preston Phillips,KEEP (bbref=Evansville),30254,Evansville,,
4897456,2023,Preston Phillips,DELETE (phantom),22319,Pepperdine,30254,Evansville
4897485,2022,Preston Ruedinger,KEEP (bbref=Valparaiso),28780,Valparaiso,,
4897485,2022,Preston Ruedinger,DELETE (phantom),22323,Green Bay,28780,Valparaiso
4897485,2023,Preston Ruedinger,KEEP (bbref=Valparaiso),33527,Valparaiso,,
4897485,2023,Preston Ruedinger,DELETE (phantom),22324,Green Bay,33527,Valparaiso
4609653,2023,Prince Aligbe,KEEP (bbref=Boston College),29483,Boston College,,
4609653,2023,Prince Aligbe,DELETE (phantom),22333,Southern Illinois,29483,Boston College
4609653,2024,Prince Aligbe,KEEP (bbref=Boston College),45204,Boston College,,
4609653,2024,Prince Aligbe,DELETE (phantom),22334,Southern Illinois,45204,Boston College
4609653,2025,Prince Aligbe,KEEP (bbref=Seton Hall),53062,Seton Hall,,
4609653,2025,Prince Aligbe,DELETE (phantom),22335,Southern Illinois,53062,Seton Hall
5177722,2024,Prophet Johnson,UNRESOLVED (no bbref row),48398,Southern Utah,,
5177722,2024,Prophet Johnson,UNRESOLVED (no bbref row),22338,Sacramento State,,
5177722,2025,Prophet Johnson,UNRESOLVED (no bbref row),22339,Sacramento State,,
5177722,2025,Prophet Johnson,UNRESOLVED (no bbref row),50596,Fairfield,,
4858604,2024,Pryce Sandfort,KEEP (bbref=Iowa),46359,Iowa,,
4858604,2024,Pryce Sandfort,DELETE (phantom),22341,Nebraska,46359,Iowa
4858604,2025,Pryce Sandfort,KEEP (bbref=Iowa),51162,Iowa,,
4858604,2025,Pryce Sandfort,DELETE (phantom),22342,Nebraska,51162,Iowa
4701846,2022,Puff Johnson,KEEP (bbref=North Carolina),27203,North Carolina,,
4701846,2022,Puff Johnson,DELETE (phantom),22345,Ohio State,27203,North Carolina
4701846,2023,Puff Johnson,KEEP (bbref=North Carolina),31728,North Carolina,,
4701846,2023,Puff Johnson,DELETE (phantom),22346,Ohio State,31728,North Carolina
4701846,2024,Puff Johnson,KEEP (bbref=Penn State),47731,Penn State,,
4701846,2024,Puff Johnson,DELETE (phantom),22347,Ohio State,47731,Penn State
4701846,2025,Puff Johnson,UNRESOLVED (no bbref row),22348,Ohio State,,
4701846,2025,Puff Johnson,UNRESOLVED (no bbref row),52537,Penn State,,
4683860,2024,Quadir Copeland,KEEP (bbref=Syracuse),48522,Syracuse,,
4683860,2024,Quadir Copeland,DELETE (phantom),22355,NC State,48522,Syracuse
4683860,2025,Quadir Copeland,KEEP (bbref=McNeese),51700,McNeese,,
4683860,2025,Quadir Copeland,DELETE (phantom),22356,NC State,51700,McNeese
5105618,2024,Quante Berry,KEEP (bbref=Temple),48554,Temple,,
5105618,2024,Quante Berry,DELETE (phantom),22360,Memphis,48554,Temple
5105618,2025,Quante Berry,KEEP (bbref=Temple),53413,Temple,,
5105618,2025,Quante Berry,DELETE (phantom),22361,Memphis,53413,Temple
4432524,2024,Quaran McPherson,KEEP (bbref=Northern Illinois),47494,Northern Illinois,,
4432524,2024,Quaran McPherson,DELETE (phantom),22363,UAB,47494,Northern Illinois
4432524,2025,Quaran McPherson,KEEP (bbref=Northern Illinois),52287,Northern Illinois,,
4432524,2025,Quaran McPherson,DELETE (phantom),22364,UAB,52287,Northern Illinois
5242121,2025,Quel'Ron House,KEEP (bbref=Jacksonville State),51219,Jacksonville State,,
5242121,2025,Quel'Ron House,DELETE (phantom),22366,Southern Illinois,51219,Jacksonville State
5175654,2024,Quentin Bolton,KEEP (bbref=Charleston Southern),45474,Charleston Southern,,
5175654,2024,Quentin Bolton,DELETE (phantom),22368,Northwestern State,45474,Charleston Southern
5175654,2025,Quentin Bolton,UNRESOLVED (no bbref row),22369,Northwestern State,,
5175654,2025,Quentin Bolton,UNRESOLVED (no bbref row),49662,Arkansas-Pine Bluff,,
5242938,2025,Quentin Heady,KEEP (bbref=Central Michigan),50092,Central Michigan,,
5242938,2025,Quentin Heady,DELETE (phantom),22373,Bethune-Cookman,50092,Central Michigan
5175171,2025,Quentin Jones,KEEP (bbref=Northern Illinois),52285,Northern Illinois,,
5175171,2025,Quentin Jones,DELETE (phantom),22376,Saint Louis,52285,Northern Illinois
4897465,2022,Quimari Peterson,UNRESOLVED (no bbref row),22380,Washington,,
4897465,2022,Quimari Peterson,UNRESOLVED (no bbref row),26361,Indiana State,,
4897465,2024,Quimari Peterson,KEEP (bbref=East Tennessee State),45799,East Tennessee State,,
4897465,2024,Quimari Peterson,DELETE (phantom),22382,Washington,45799,East Tennessee State
4897465,2025,Quimari Peterson,KEEP (bbref=East Tennessee State),50481,East Tennessee State,,
4897465,2025,Quimari Peterson,DELETE (phantom),22383,Washington,50481,East Tennessee State
5105976,2023,Quin Berger,UNRESOLVED (no bbref row),22385,Bucknell,,
5105976,2023,Quin Berger,UNRESOLVED (no bbref row),32439,Saint Joseph's,,
5107151,2023,Quin Patterson,KEEP (bbref=UC San Diego),33208,UC San Diego,,
5107151,2023,Quin Patterson,DELETE (phantom),22391,Idaho State,33208,UC San Diego
5107151,2024,Quin Patterson,KEEP (bbref=UC San Diego),48803,UC San Diego,,
5107151,2024,Quin Patterson,DELETE (phantom),22392,Idaho State,48803,UC San Diego
4433257,2023,Quincy Allen,UNRESOLVED (no bbref row),22395,Bryant,,
4433257,2023,Quincy Allen,UNRESOLVED (no bbref row),29905,Colorado,,
4433257,2025,Quincy Allen,KEEP (bbref=Chicago State),50158,Chicago State,,
4433257,2025,Quincy Allen,DELETE (phantom),22397,Bryant,50158,Chicago State
4683134,2022,Quincy Ballard,KEEP (bbref=Florida State),25939,Florida State,,
4683134,2022,Quincy Ballard,DELETE (phantom),22399,Mississippi State,25939,Florida State
4683134,2023,Quincy Ballard,UNRESOLVED (no bbref row),22400,Mississippi State,,
4683134,2023,Quincy Ballard,UNRESOLVED (no bbref row),33750,Wichita State,,
4683134,2024,Quincy Ballard,KEEP (bbref=Wichita State),49349,Wichita State,,
4683134,2024,Quincy Ballard,DELETE (phantom),22401,Mississippi State,49349,Wichita State
4683134,2025,Quincy Ballard,UNRESOLVED (no bbref row),54174,Wichita State,,
4683134,2025,Quincy Ballard,UNRESOLVED (no bbref row),22402,Mississippi State,,
5176300,2024,Quinn Denker,KEEP (bbref=Idaho),46254,Idaho,,
5176300,2024,Quinn Denker,DELETE (phantom),22404,Northern Colorado,46254,Idaho
61743,2018,Quinn Taylor,KEEP (bbref=Utah State),85877,Utah State,,
61743,2018,Quinn Taylor,DELETE (phantom),84953,Saint Peter's,85877,Utah State
61743,2019,Quinn Taylor,KEEP (bbref=Utah State),90445,Utah State,,
61743,2019,Quinn Taylor,DELETE (phantom),89497,Saint Peter's,90445,Utah State
5107783,2024,Quinton Webb,KEEP (bbref=New Mexico),47271,New Mexico,,
5107783,2024,Quinton Webb,DELETE (phantom),22416,Cal State Northridge,47271,New Mexico
5107783,2025,Quinton Webb,KEEP (bbref=New Mexico),52075,New Mexico,,
5107783,2025,Quinton Webb,DELETE (phantom),22417,Cal State Northridge,52075,New Mexico
5106274,2023,Quion Williams,KEEP (bbref=Oklahoma State),31970,Oklahoma State,,
5106274,2023,Quion Williams,DELETE (phantom),22418,Arkansas-Pine Bluff,31970,Oklahoma State
5106274,2024,Quion Williams,KEEP (bbref=Oklahoma State),47631,Oklahoma State,,
5106274,2024,Quion Williams,DELETE (phantom),22419,Arkansas-Pine Bluff,47631,Oklahoma State
5106274,2025,Quion Williams,KEEP (bbref=Abilene Christian),49472,Abilene Christian,,
5106274,2025,Quion Williams,DELETE (phantom),22420,Arkansas-Pine Bluff,49472,Abilene Christian
5105449,2025,RJ Godfrey,KEEP (bbref=Georgia),50819,Georgia,,
5105449,2025,RJ Godfrey,DELETE (phantom),22646,Clemson,50819,Georgia
5108122,2023,RJ Johnson,KEEP (bbref=Charleston Southern),29774,Charleston Southern,,
5108122,2023,RJ Johnson,DELETE (phantom),22649,Kennesaw State,29774,Charleston Southern
5108122,2023,RJ Johnson,DELETE (phantom),22650,Rhode Island,29774,Charleston Southern
5176186,2024,RJ Johnson,KEEP (bbref=Kennesaw State),22651,Kennesaw State,,
5176186,2024,RJ Johnson,DELETE (phantom),22652,Rhode Island,22651,Kennesaw State
5108122,2025,RJ Johnson,KEEP (bbref=Charleston Southern),50115,Charleston Southern,,
5108122,2025,RJ Johnson,DELETE (phantom),22653,Kennesaw State,50115,Charleston Southern
5108122,2025,RJ Johnson,DELETE (phantom),22654,Rhode Island,50115,Charleston Southern
5175042,2024,RJ Jones,KEEP (bbref=Kansas State),46458,Kansas State,,
5175042,2024,RJ Jones,DELETE (phantom),22657,Texas Christian,46458,Kansas State
5105612,2024,RJ Smith,KEEP (bbref=Colorado),45599,Colorado,,
5105612,2024,RJ Smith,DELETE (phantom),22663,DePaul,45599,Colorado
5105612,2025,RJ Smith,KEEP (bbref=Colorado),50229,Colorado,,
5105612,2025,RJ Smith,DELETE (phantom),22664,DePaul,50229,Colorado
4684443,2023,Rafael Castro,UNRESOLVED (no bbref row),22427,George Washington,,
4684443,2023,Rafael Castro,UNRESOLVED (no bbref row),32207,Providence,,
4684443,2024,Rafael Castro,UNRESOLVED (no bbref row),22428,George Washington,,
4684443,2024,Rafael Castro,UNRESOLVED (no bbref row),47842,Providence,,
4592477,2023,Rahmir Moore,KEEP (bbref=Wagner),22435,Wagner,,
4592477,2023,Rahmir Moore,DELETE (phantom),22434,Delaware State,22435,Wagner
4592477,2024,Rahmir Moore,KEEP (bbref=Wagner),22437,Wagner,,
4592477,2024,Rahmir Moore,DELETE (phantom),22436,Delaware State,22437,Wagner
4592477,2025,Rahmir Moore,UNRESOLVED (no bbref row),22439,Wagner,,
4592477,2025,Rahmir Moore,UNRESOLVED (no bbref row),22438,Delaware State,,
5101661,2025,Rakease Passmore,KEEP (bbref=Kansas),51270,Kansas,,
5101661,2025,Rakease Passmore,DELETE (phantom),22441,Maryland,51270,Kansas
5243388,2025,Ralph Martino Jr.,UNRESOLVED (bbref=Maryland-Eastern Shore matched 0 rows),22446,Saint Francis (PA),,
5243388,2025,Ralph Martino Jr.,UNRESOLVED (bbref=Maryland-Eastern Shore matched 0 rows),51666,Maryland,,
5105824,2025,Ramel Lloyd Jr.,KEEP (bbref=Long Beach State),51461,Long Beach State,,
5105824,2025,Ramel Lloyd Jr.,DELETE (phantom),22449,Arkansas-Pine Bluff,51461,Long Beach State
5241371,2025,Ramondo Battle II,UNRESOLVED (no bbref row),22456,North Carolina Central,,
5241371,2025,Ramondo Battle II,UNRESOLVED (no bbref row),50588,Evansville,,
5177193,2024,Randall Pettus II,KEEP (bbref=Northern Kentucky),47522,Northern Kentucky,,
5177193,2024,Randall Pettus II,DELETE (phantom),22459,Elon,47522,Northern Kentucky
5177193,2025,Randall Pettus II,UNRESOLVED (no bbref row),22460,Elon,,
5177193,2025,Randall Pettus II,UNRESOLVED (no bbref row),52321,Northern Kentucky,,
5176741,2024,Randarius Jones,KEEP (bbref=Troy),48692,Troy,,
5176741,2024,Randarius Jones,DELETE (phantom),22462,Grambling,48692,Troy
5176741,2025,Randarius Jones,KEEP (bbref=Troy),53571,Troy,,
5176741,2025,Randarius Jones,DELETE (phantom),22463,Grambling,53571,Troy
4433611,2023,Randy Brady,UNRESOLVED (no bbref row),22465,South Alabama,,
4433611,2023,Randy Brady,UNRESOLVED (no bbref row),29809,Chattanooga,,
4433611,2024,Randy Brady,KEEP (bbref=Chattanooga),45504,Chattanooga,,
4433611,2024,Randy Brady,DELETE (phantom),22466,South Alabama,45504,Chattanooga
4897558,2022,Rashad Bolden,UNRESOLVED (bbref=Southern Mississippi matched 0 rows),22473,Central Arkansas,,
4897558,2022,Rashad Bolden,UNRESOLVED (bbref=Southern Mississippi matched 0 rows),28113,Southern,,
5106715,2023,Rashad King,KEEP (bbref=Northeastern),31800,Northeastern,,
5106715,2023,Rashad King,DELETE (phantom),22478,Louisiana State,31800,Northeastern
5106715,2024,Rashad King,KEEP (bbref=Northeastern),47454,Northeastern,,
5106715,2024,Rashad King,DELETE (phantom),22479,Louisiana State,47454,Northeastern
5106715,2025,Rashad King,KEEP (bbref=Northeastern),52248,Northeastern,,
5106715,2025,Rashad King,DELETE (phantom),22480,Louisiana State,52248,Northeastern
5060699,2025,Rashaud Marshall,UNRESOLVED (no bbref row),49651,Arkansas State,,
5060699,2025,Rashaud Marshall,UNRESOLVED (no bbref row),22483,Austin Peay,,
4593815,2023,Rashaun Agee,UNRESOLVED (no bbref row),22485,Texas A&M,,
4593815,2023,Rashaun Agee,UNRESOLVED (no bbref row),29512,Bowling Green,,
4593815,2024,Rashaun Agee,KEEP (bbref=Bowling Green),45229,Bowling Green,,
4593815,2024,Rashaun Agee,DELETE (phantom),22486,Texas A&M,45229,Bowling Green
4593815,2025,Rashaun Agee,KEEP (bbref=Southern California),53849,Southern California,,
4593815,2025,Rashaun Agee,DELETE (phantom),22487,Texas A&M,53849,Southern California
5242993,2025,Ray Glasgow,KEEP (bbref=Tennessee Tech),53447,Tennessee Tech,,
5242993,2025,Ray Glasgow,DELETE (phantom),22497,Alcorn State,53447,Tennessee Tech
4897973,2023,Raymond Espinal-Guzman,UNRESOLVED (no bbref row),22499,Stonehill,,
4897973,2023,Raymond Espinal-Guzman,UNRESOLVED (no bbref row),32405,Sacred Heart,,
4897973,2024,Raymond Espinal-Guzman,KEEP (bbref=Sacred Heart),48054,Sacred Heart,,
4897973,2024,Raymond Espinal-Guzman,DELETE (phantom),22500,Stonehill,48054,Sacred Heart
4897973,2025,Raymond Espinal-Guzman,UNRESOLVED (no bbref row),22501,Stonehill,,
4897973,2025,Raymond Espinal-Guzman,UNRESOLVED (no bbref row),52868,Sacred Heart,,
5101649,2025,Redd Thompson Jr.,KEEP (bbref=James Madison),51239,James Madison,,
5101649,2025,Redd Thompson Jr.,DELETE (phantom),22512,Longwood,51239,James Madison
5176217,2024,Reece Potter,UNRESOLVED (no bbref row),22516,Kentucky,,
5176217,2024,Reece Potter,UNRESOLVED (no bbref row),46937,Miami (OH),,
5176217,2025,Reece Potter,KEEP (bbref=Miami (OH)),51763,Miami (OH),,
5176217,2025,Reece Potter,DELETE (phantom),22517,Kentucky,51763,Miami (OH)
5241610,2025,Reece Robinson,KEEP (bbref=Cleveland State),50190,Cleveland State,,
5241610,2025,Reece Robinson,DELETE (phantom),22518,North Texas,50190,Cleveland State
5105865,2023,Reed Bailey,KEEP (bbref=Davidson),30002,Davidson,,
5105865,2023,Reed Bailey,DELETE (phantom),22520,Indiana,30002,Davidson
5105865,2024,Reed Bailey,KEEP (bbref=Davidson),45671,Davidson,,
5105865,2024,Reed Bailey,DELETE (phantom),22521,Indiana,45671,Davidson
5108908,2023,Reggie Hill,KEEP (bbref=Northwestern State),31877,Northwestern State,,
5108908,2023,Reggie Hill,DELETE (phantom),22528,Coastal Carolina,31877,Northwestern State
4685660,2024,Reid Ducharme,KEEP (bbref=Xavier),49444,Xavier,,
4685660,2024,Reid Ducharme,DELETE (phantom),22541,Siena,49444,Xavier
5107670,2023,Reis Jones,KEEP (bbref=Morehead State),31470,Morehead State,,
5107670,2023,Reis Jones,DELETE (phantom),22546,Charleston Southern,31470,Morehead State
5107184,2023,Rex Sunderland,KEEP (bbref=New Hampshire),31593,New Hampshire,,
5107184,2023,Rex Sunderland,DELETE (phantom),22557,Stonehill,31593,New Hampshire
5107184,2024,Rex Sunderland,KEEP (bbref=New Hampshire),47256,New Hampshire,,
5107184,2024,Rex Sunderland,DELETE (phantom),22558,Stonehill,47256,New Hampshire
5107184,2025,Rex Sunderland,KEEP (bbref=New Hampshire),52055,New Hampshire,,
5107184,2025,Rex Sunderland,DELETE (phantom),22559,Stonehill,52055,New Hampshire
5107299,2023,Rhyjon Blackwell,KEEP (bbref=McNeese),31264,McNeese,,
5107299,2023,Rhyjon Blackwell,DELETE (phantom),22561,Marist,31264,McNeese
5106862,2024,Rich Rolf,KEEP (bbref=Charlotte),45491,Charlotte,,
5106862,2024,Rich Rolf,DELETE (phantom),22570,Youngstown State,45491,Charlotte
5106862,2025,Rich Rolf,KEEP (bbref=Charlotte),50132,Charlotte,,
5106862,2025,Rich Rolf,DELETE (phantom),22571,Youngstown State,50132,Charlotte
5239643,2025,Richard Goods,UNRESOLVED (no bbref row),50935,Hampton,,
5239643,2025,Richard Goods,UNRESOLVED (no bbref row),22577,Stony Brook,,
4592217,2022,Rick Issanza,KEEP (bbref=Oklahoma),27424,Oklahoma,,
4592217,2022,Rick Issanza,DELETE (phantom),22585,Loyola Marymount,27424,Oklahoma
5112181,2025,Rickey Ballard,KEEP (bbref=West Georgia),54111,West Georgia,,
5112181,2025,Rickey Ballard,DELETE (phantom),22592,Grambling,54111,West Georgia
5176249,2024,Rickey Mitchell Jr.,KEEP (bbref=San Jose State),48211,San Jose State,,
5176249,2024,Rickey Mitchell Jr.,DELETE (phantom),22597,Bethune-Cookman,48211,San Jose State
5107189,2023,Ridvan Tutic,KEEP (bbref=New Hampshire),31590,New Hampshire,,
5107189,2023,Ridvan Tutic,DELETE (phantom),22601,Stonehill,31590,New Hampshire
5107189,2025,Ridvan Tutic,KEEP (bbref=Maine),51588,Maine,,
5107189,2025,Ridvan Tutic,DELETE (phantom),22603,Stonehill,51588,Maine
4592677,2022,Rienk Mast,KEEP (bbref=Bradley),25188,Bradley,,
4592677,2022,Rienk Mast,DELETE (phantom),22608,Nebraska,25188,Bradley
4592677,2023,Rienk Mast,KEEP (bbref=Bradley),29523,Bradley,,
4592677,2023,Rienk Mast,DELETE (phantom),22609,Nebraska,29523,Bradley
5177139,2024,Rihards Vavers,KEEP (bbref=Quinnipiac),47881,Quinnipiac,,
5177139,2024,Rihards Vavers,DELETE (phantom),22613,Washington State,47881,Quinnipiac
5174571,2024,Rikus Schulte,KEEP (bbref=Davidson),45679,Davidson,,
5174571,2024,Rikus Schulte,DELETE (phantom),22616,Fordham,45679,Davidson
5174571,2025,Rikus Schulte,KEEP (bbref=UC Riverside),53670,UC Riverside,,
5174571,2025,Rikus Schulte,DELETE (phantom),22617,Fordham,53670,UC Riverside
4838752,2024,Riley Allenspach,KEEP (bbref=Samford),48146,Samford,,
4838752,2024,Riley Allenspach,DELETE (phantom),22619,George Mason,48146,Samford
4838752,2025,Riley Allenspach,UNRESOLVED (no bbref row),22620,George Mason,,
4838752,2025,Riley Allenspach,UNRESOLVED (no bbref row),52962,Samford,,
5105529,2023,Riley Kugel,KEEP (bbref=Florida),30314,Florida,,
5105529,2023,Riley Kugel,DELETE (phantom),22626,UCF,30314,Florida
5105529,2024,Riley Kugel,KEEP (bbref=Florida),45957,Florida,,
5105529,2024,Riley Kugel,DELETE (phantom),22627,UCF,45957,Florida
5105529,2025,Riley Kugel,KEEP (bbref=Mississippi State),51832,Mississippi State,,
5105529,2025,Riley Kugel,DELETE (phantom),22628,UCF,51832,Mississippi State
4685004,2022,Riley Mulvey,KEEP (bbref=Iowa),26392,Iowa,,
4685004,2022,Riley Mulvey,DELETE (phantom),22631,Siena,26392,Iowa
4685004,2023,Riley Mulvey,UNRESOLVED (no bbref row),22632,Siena,,
4685004,2023,Riley Mulvey,UNRESOLVED (no bbref row),30828,Iowa,,
4685004,2025,Riley Mulvey,KEEP (bbref=Iowa),51168,Iowa,,
4685004,2025,Riley Mulvey,DELETE (phantom),22634,Siena,51168,Iowa
5242402,2025,Riley Parker,UNRESOLVED (no bbref row),22636,Portland,,
5242402,2025,Riley Parker,UNRESOLVED (no bbref row),52874,Saint Francis (PA),,
5241653,2025,Ring Nyeri,KEEP (bbref=Kansas City),51252,Kansas City,,
5241653,2025,Ring Nyeri,DELETE (phantom),22641,Northern Colorado,51252,Kansas City
4898228,2022,Rob Brown III,UNRESOLVED (no bbref row),22670,Stony Brook,,
4898228,2022,Rob Brown III,UNRESOLVED (no bbref row),37832,Niagara,,
4898228,2024,Rob Brown III,KEEP (bbref=Nicholls State),34368,Nicholls State,,
4898228,2024,Rob Brown III,DELETE (phantom),22672,Stony Brook,34368,Nicholls State
4898228,2025,Rob Brown III,KEEP (bbref=Nicholls State),52116,Nicholls State,,
4898228,2025,Rob Brown III,DELETE (phantom),22673,Stony Brook,52116,Nicholls State
5174292,2025,Rob Dockery,UNRESOLVED (no bbref row),22676,La Salle,,
5174292,2025,Rob Dockery,UNRESOLVED (no bbref row),53479,Texas A&M,,
5107904,2023,Rob Martin,KEEP (bbref=Indiana State),30801,Indiana State,,
5107904,2023,Rob Martin,DELETE (phantom),22683,High Point,30801,Indiana State
5107904,2024,Rob Martin,KEEP (bbref=Southeast Missouri State),48352,Southeast Missouri State,,
5107904,2024,Rob Martin,DELETE (phantom),22684,High Point,48352,Southeast Missouri State
5107904,2025,Rob Martin,KEEP (bbref=Southeast Missouri State),53179,Southeast Missouri State,,
5107904,2025,Rob Martin,DELETE (phantom),22685,High Point,53179,Southeast Missouri State
5176262,2024,Rob Whaley Jr.,KEEP (bbref=Nevada-Las Vegas),48965,Nevada-Las Vegas,,
5176262,2024,Rob Whaley Jr.,DELETE (phantom),22689,Kent State,48965,Nevada-Las Vegas
5176262,2025,Rob Whaley Jr.,UNRESOLVED (no bbref row),22690,Kent State,,
5176262,2025,Rob Whaley Jr.,UNRESOLVED (no bbref row),53836,Nevada-Las Vegas,,
4917097,2023,Robbie Avila,KEEP (bbref=Indiana State),30792,Indiana State,,
4917097,2023,Robbie Avila,DELETE (phantom),22693,Saint Louis,30792,Indiana State
4917097,2024,Robbie Avila,KEEP (bbref=Indiana State),46324,Indiana State,,
4917097,2024,Robbie Avila,DELETE (phantom),22694,Saint Louis,46324,Indiana State
5105547,2024,Robert Cowherd,UNRESOLVED (no bbref row),22697,Southern,,
5105547,2024,Robert Cowherd,UNRESOLVED (no bbref row),22698,Texas State,,
5105547,2025,Robert Cowherd,KEEP (bbref=Mississippi),52461,Mississippi,,
5105547,2025,Robert Cowherd,DELETE (phantom),22699,Southern,52461,Mississippi
5105547,2025,Robert Cowherd,DELETE (phantom),22700,Texas State,52461,Mississippi
5174612,2024,Robert Davis Jr.,UNRESOLVED (no bbref row),22702,Old Dominion,,
5174612,2024,Robert Davis Jr.,UNRESOLVED (no bbref row),46855,Massachusetts,,
5106286,2023,Robert Jennings II,UNRESOLVED (no bbref row),22707,Oklahoma State,,
5106286,2023,Robert Jennings II,UNRESOLVED (no bbref row),33056,Texas Tech,,
5106286,2024,Robert Jennings II,KEEP (bbref=Texas Tech),48651,Texas Tech,,
5106286,2024,Robert Jennings II,DELETE (phantom),22708,Oklahoma State,48651,Texas Tech
4685802,2022,Robert McCray V,UNRESOLVED (no bbref row),22711,Florida State,,
4685802,2022,Robert McCray V,UNRESOLVED (no bbref row),28865,Wake Forest,,
4685802,2024,Robert McCray V,KEEP (bbref=Jacksonville),46393,Jacksonville,,
4685802,2024,Robert McCray V,DELETE (phantom),22713,Florida State,46393,Jacksonville
4685802,2025,Robert McCray V,KEEP (bbref=Jacksonville),51201,Jacksonville,,
4685802,2025,Robert McCray V,DELETE (phantom),22714,Florida State,51201,Jacksonville
4897515,2022,Robert Vaihola,KEEP (bbref=Fresno State),25970,Fresno State,,
4897515,2022,Robert Vaihola,DELETE (phantom),22723,Minnesota,25970,Fresno State
4897515,2023,Robert Vaihola,UNRESOLVED (no bbref row),22724,Minnesota,,
4897515,2023,Robert Vaihola,UNRESOLVED (no bbref row),32556,San Jose State,,
4897515,2025,Robert Vaihola,KEEP (bbref=San Jose State),53026,San Jose State,,
4897515,2025,Robert Vaihola,DELETE (phantom),22726,Minnesota,53026,San Jose State
5107148,2023,Roddie Anderson III,KEEP (bbref=UC San Diego),33201,UC San Diego,,
5107148,2023,Roddie Anderson III,DELETE (phantom),22733,Xavier,33201,UC San Diego
5107148,2024,Roddie Anderson III,KEEP (bbref=Boise State),45188,Boise State,,
5107148,2024,Roddie Anderson III,DELETE (phantom),22734,Xavier,45188,Boise State
5105836,2023,Roddy Gayle Jr.,KEEP (bbref=Ohio State),31939,Ohio State,,
5105836,2023,Roddy Gayle Jr.,DELETE (phantom),22737,Michigan,31939,Ohio State
5105836,2024,Roddy Gayle Jr.,KEEP (bbref=Ohio State),47599,Ohio State,,
5105836,2024,Roddy Gayle Jr.,DELETE (phantom),22738,Michigan,47599,Ohio State
5177557,2024,Roderick Coffee III,KEEP (bbref=Florida A&M),45934,Florida A&M,,
5177557,2024,Roderick Coffee III,DELETE (phantom),22742,Grambling,45934,Florida A&M
5177557,2025,Roderick Coffee III,KEEP (bbref=Florida A&M),50631,Florida A&M,,
5177557,2025,Roderick Coffee III,DELETE (phantom),22743,Grambling,50631,Florida A&M
5037870,2024,Rodney Brown Jr.,KEEP (bbref=California),45381,California,,
5037870,2024,Rodney Brown Jr.,DELETE (phantom),22745,Loyola Marymount,45381,California
5177611,2024,Rodney Johnson Jr.,UNRESOLVED (no bbref row),48563,Tennessee Tech,,
5177611,2024,Rodney Johnson Jr.,UNRESOLVED (no bbref row),22748,Central Michigan,,
5177611,2025,Rodney Johnson Jr.,KEEP (bbref=Tennessee Tech),53442,Tennessee Tech,,
5177611,2025,Rodney Johnson Jr.,DELETE (phantom),22749,Central Michigan,53442,Tennessee Tech
4684634,2023,Rodney Rice,KEEP (bbref=Virginia Tech),33593,Virginia Tech,,
4684634,2023,Rodney Rice,DELETE (phantom),22751,Southern California,33593,Virginia Tech
4684634,2025,Rodney Rice,KEEP (bbref=Maryland),51670,Maryland,,
4684634,2025,Rodney Rice,DELETE (phantom),22753,Southern California,51670,Maryland
5105904,2023,Rokas Jocius,KEEP (bbref=La Salle),30963,La Salle,,
5105904,2023,Rokas Jocius,DELETE (phantom),22755,Loyola Marymount,30963,La Salle
5105904,2024,Rokas Jocius,KEEP (bbref=La Salle),46524,La Salle,,
5105904,2024,Rokas Jocius,DELETE (phantom),22756,Loyola Marymount,46524,La Salle
5105890,2023,Romad Dean,UNRESOLVED (no bbref row),22764,Tulsa,,
5105890,2023,Romad Dean,UNRESOLVED (no bbref row),30382,Fordham,,
5105890,2024,Romad Dean,KEEP (bbref=Fordham),45990,Fordham,,
5105890,2024,Romad Dean,DELETE (phantom),22765,Tulsa,45990,Fordham
5105890,2025,Romad Dean,KEEP (bbref=Fordham),50718,Fordham,,
5105890,2025,Romad Dean,DELETE (phantom),22766,Tulsa,50718,Fordham
4895782,2024,Ronald Jessamy,KEEP (bbref=Mount St. Mary's),47169,Mount St. Mary's,,
4895782,2024,Ronald Jessamy,DELETE (phantom),22773,Cal State Bakersfield,47169,Mount St. Mary's
4895782,2025,Ronald Jessamy,KEEP (bbref=Tennessee State),53431,Tennessee State,,
4895782,2025,Ronald Jessamy,DELETE (phantom),22774,Cal State Bakersfield,53431,Tennessee State
4703194,2022,Ronell Giles Jr.,UNRESOLVED (no bbref row),27839,Saint Francis (PA),,
4703194,2022,Ronell Giles Jr.,UNRESOLVED (no bbref row),22777,Quinnipiac,,
4703194,2023,Ronell Giles Jr.,UNRESOLVED (no bbref row),22778,Quinnipiac,,
4703194,2023,Ronell Giles Jr.,UNRESOLVED (no bbref row),32413,Saint Francis (PA),,
4703194,2024,Ronell Giles Jr.,UNRESOLVED (no bbref row),47805,Prairie View A&M,,
4703194,2024,Ronell Giles Jr.,UNRESOLVED (no bbref row),22779,Quinnipiac,,
5241435,2025,Ronnie Harrison,KEEP (bbref=Tarleton State),53397,Tarleton State,,
5241435,2025,Ronnie Harrison,DELETE (phantom),22782,East Texas A&M,53397,Tarleton State
5105971,2023,Rory Stewart,UNRESOLVED (no bbref row),22788,Florida Gulf Coast,,
5105971,2023,Rory Stewart,UNRESOLVED (no bbref row),32268,Rhode Island,,
5105971,2024,Rory Stewart,KEEP (bbref=Rhode Island),47918,Rhode Island,,
5105971,2024,Rory Stewart,DELETE (phantom),22789,Florida Gulf Coast,47918,Rhode Island
5105864,2023,Ross Candelino,UNRESOLVED (no bbref row),33787,Wisconsin,,
5105864,2023,Ross Candelino,UNRESOLVED (no bbref row),22792,Lipscomb,,
5106280,2024,Rowan Brumbaugh,KEEP (bbref=Georgetown),46041,Georgetown,,
5106280,2024,Rowan Brumbaugh,DELETE (phantom),22796,Tulane,46041,Georgetown
5177144,2024,Ruben Rodriguez Jr.,KEEP (bbref=Rider),47959,Rider,,
5177144,2024,Ruben Rodriguez Jr.,DELETE (phantom),22809,Western Carolina,47959,Rider
5177144,2025,Ruben Rodriguez Jr.,KEEP (bbref=Rider),52770,Rider,,
5177144,2025,Ruben Rodriguez Jr.,DELETE (phantom),22810,Western Carolina,52770,Rider
5174971,2024,Rueben Chinyelu,KEEP (bbref=Washington State),49258,Washington State,,
5174971,2024,Rueben Chinyelu,DELETE (phantom),22811,Florida,49258,Washington State
5176266,2025,Ryan Archey,UNRESOLVED (no bbref row),50275,Coppin State,,
5176266,2025,Ryan Archey,UNRESOLVED (no bbref row),22826,North Carolina Central,,
4066837,2021,Ryan Betley,UNRESOLVED (no bbref row),98469,Pennsylvania,,
4066837,2021,Ryan Betley,UNRESOLVED (no bbref row),95927,California,,
5107157,2023,Ryan Conwell,KEEP (bbref=South Florida),32690,South Florida,,
5107157,2023,Ryan Conwell,DELETE (phantom),22838,Louisville,32690,South Florida
5107157,2023,Ryan Conwell,DELETE (phantom),22839,Xavier,32690,South Florida
5107157,2024,Ryan Conwell,KEEP (bbref=Indiana State),46325,Indiana State,,
5107157,2024,Ryan Conwell,DELETE (phantom),22840,Louisville,46325,Indiana State
5107157,2024,Ryan Conwell,DELETE (phantom),22841,Xavier,46325,Indiana State
5107157,2025,Ryan Conwell,UNRESOLVED (no bbref row),22842,Louisville,,
5107157,2025,Ryan Conwell,UNRESOLVED (no bbref row),22843,Xavier,,
4898190,2022,Ryan Cornish,UNRESOLVED (no bbref row),22845,Southern California,,
4898190,2022,Ryan Cornish,UNRESOLVED (no bbref row),25593,Dartmouth,,
4898190,2024,Ryan Cornish,KEEP (bbref=Dartmouth),45657,Dartmouth,,
4898190,2024,Ryan Cornish,DELETE (phantom),22847,Southern California,45657,Dartmouth
4898190,2025,Ryan Cornish,KEEP (bbref=Dartmouth),50317,Dartmouth,,
4898190,2025,Ryan Cornish,DELETE (phantom),22848,Southern California,50317,Dartmouth
5108029,2023,Ryan Mabrey,KEEP (bbref=Miami (OH)),31298,Miami (OH),,
5108029,2023,Ryan Mabrey,DELETE (phantom),22871,Maine,31298,Miami (OH)
5108029,2024,Ryan Mabrey,UNRESOLVED (no bbref row),22872,Maine,,
5108029,2024,Ryan Mabrey,UNRESOLVED (no bbref row),46934,Miami (OH),,
5108029,2025,Ryan Mabrey,KEEP (bbref=Quinnipiac),52705,Quinnipiac,,
5108029,2025,Ryan Mabrey,DELETE (phantom),22873,Maine,52705,Quinnipiac
4703009,2022,Ryan Myers,KEEP (bbref=Iona),26369,Iona,,
4703009,2022,Ryan Myers,DELETE (phantom),22878,Western Kentucky,26369,Iona
4703009,2024,Ryan Myers,KEEP (bbref=Western Illinois),49303,Western Illinois,,
4703009,2024,Ryan Myers,DELETE (phantom),22880,Western Kentucky,49303,Western Illinois
5108062,2024,Ryan Prather Jr.,UNRESOLVED (no bbref row),22889,Robert Morris,,
5108062,2024,Ryan Prather Jr.,UNRESOLVED (no bbref row),44878,Akron,,
5174631,2024,Ryan Soulis,KEEP (bbref=Richmond),47950,Richmond,,
5174631,2024,Ryan Soulis,DELETE (phantom),22898,Columbia,47950,Richmond
5174631,2025,Ryan Soulis,KEEP (bbref=Richmond),52759,Richmond,,
5174631,2025,Ryan Soulis,DELETE (phantom),22899,Columbia,52759,Richmond
5242276,2025,Ryan Williams,KEEP (bbref=Northeastern),22904,Northeastern,,
5242276,2025,Ryan Williams,DELETE (phantom),22903,Norfolk State,22904,Northeastern
5105901,2024,Ryan Zan,KEEP (bbref=La Salle),46527,La Salle,,
5105901,2024,Ryan Zan,DELETE (phantom),22906,Fairfield,46527,La Salle
5105901,2025,Ryan Zan,KEEP (bbref=La Salle),51354,La Salle,,
5105901,2025,Ryan Zan,DELETE (phantom),22907,Fairfield,51354,La Salle
4683682,2023,Rylan Griffen,UNRESOLVED (no bbref row),29169,Alabama,,
4683682,2023,Rylan Griffen,UNRESOLVED (no bbref row),22916,Texas A&M,,
4683682,2024,Rylan Griffen,UNRESOLVED (no bbref row),22917,Texas A&M,,
4683682,2024,Rylan Griffen,UNRESOLVED (no bbref row),44901,Alabama,,
4683682,2025,Rylan Griffen,KEEP (bbref=Kansas),51261,Kansas,,
4683682,2025,Rylan Griffen,DELETE (phantom),22918,Texas A&M,51261,Kansas
5113388,2023,Rytis Petraitis,UNRESOLVED (no bbref row),22921,California,,
5113388,2023,Rytis Petraitis,UNRESOLVED (no bbref row),29118,Air Force,,
5113388,2024,Rytis Petraitis,UNRESOLVED (no bbref row),22922,California,,
5113388,2024,Rytis Petraitis,UNRESOLVED (no bbref row),44854,Air Force,,
4433208,2022,Saba Gigiberia,KEEP (bbref=Georgia Tech),26094,Georgia Tech,,
4433208,2022,Saba Gigiberia,DELETE (phantom),22926,San Francisco,26094,Georgia Tech
5107197,2023,Sadiku Ibine Ayo,UNRESOLVED (no bbref row),22932,St. John's (NY),,
5107197,2023,Sadiku Ibine Ayo,UNRESOLVED (no bbref row),30810,Iona,,
4432749,2023,Sadraque NgaNga,KEEP (bbref=Boise State),29472,Boise State,,
4432749,2023,Sadraque NgaNga,DELETE (phantom),22937,San Jose State,29472,Boise State
4432749,2024,Sadraque NgaNga,KEEP (bbref=Seton Hall),48254,Seton Hall,,
4432749,2024,Sadraque NgaNga,DELETE (phantom),22938,San Jose State,48254,Seton Hall
4838724,2023,Sage Tolentino,KEEP (bbref=Cincinnati),29835,Cincinnati,,
4838724,2023,Sage Tolentino,DELETE (phantom),22941,UNC Asheville,29835,Cincinnati
4838724,2024,Sage Tolentino,KEEP (bbref=Cincinnati),45535,Cincinnati,,
4838724,2024,Sage Tolentino,DELETE (phantom),22942,UNC Asheville,45535,Cincinnati
5176661,2024,Saliou Seye,KEEP (bbref=Texas-Rio Grande Valley),34784,Texas-Rio Grande Valley,,
5176661,2024,Saliou Seye,DELETE (phantom),22947,Grambling,34784,Texas-Rio Grande Valley
5176661,2025,Saliou Seye,KEEP (bbref=Alabama A&M),49523,Alabama A&M,,
5176661,2025,Saliou Seye,DELETE (phantom),22948,Grambling,49523,Alabama A&M
4898006,2023,Sam Alamutu,KEEP (bbref=Vermont),33559,Vermont,,
4898006,2023,Sam Alamutu,DELETE (phantom),22950,Wright State,33559,Vermont
4898006,2024,Sam Alamutu,UNRESOLVED (no bbref row),49166,Vermont,,
4898006,2024,Sam Alamutu,UNRESOLVED (no bbref row),22951,Wright State,,
4898006,2025,Sam Alamutu,KEEP (bbref=Vermont),54036,Vermont,,
4898006,2025,Sam Alamutu,DELETE (phantom),22952,Wright State,54036,Vermont
5107375,2023,Sam Alexis,KEEP (bbref=Chattanooga),29806,Chattanooga,,
5107375,2023,Sam Alexis,DELETE (phantom),22954,Indiana,29806,Chattanooga
5107375,2024,Sam Alexis,KEEP (bbref=Chattanooga),45499,Chattanooga,,
5107375,2024,Sam Alexis,DELETE (phantom),22955,Indiana,45499,Chattanooga
5107375,2025,Sam Alexis,UNRESOLVED (no bbref row),50661,Florida,,
5107375,2025,Sam Alexis,UNRESOLVED (no bbref row),22956,Indiana,,
5182413,2024,Sam Brown,KEEP (bbref=Pennsylvania),47743,Pennsylvania,,
5182413,2024,Sam Brown,DELETE (phantom),22958,Davidson,47743,Pennsylvania
5182413,2025,Sam Brown,UNRESOLVED (no bbref row),52548,Pennsylvania,,
5182413,2025,Sam Brown,UNRESOLVED (no bbref row),22959,Davidson,,
5176232,2024,Sam Lewis,KEEP (bbref=Toledo),48663,Toledo,,
5176232,2024,Sam Lewis,DELETE (phantom),22976,Virginia,48663,Toledo
5176232,2025,Sam Lewis,KEEP (bbref=Toledo),53537,Toledo,,
5176232,2025,Sam Lewis,DELETE (phantom),22977,Virginia,53537,Toledo
4702961,2022,Sam Silverstein,KEEP (bbref=Harvard),26177,Harvard,,
4702961,2022,Sam Silverstein,DELETE (phantom),22987,Illinois-Chicago,26177,Harvard
4702961,2023,Sam Silverstein,KEEP (bbref=Harvard),30581,Harvard,,
4702961,2023,Sam Silverstein,DELETE (phantom),22988,Illinois-Chicago,30581,Harvard
4702961,2025,Sam Silverstein,KEEP (bbref=California Baptist),50009,California Baptist,,
4702961,2025,Sam Silverstein,DELETE (phantom),22990,Illinois-Chicago,50009,California Baptist
5247862,2025,Sam Springer,KEEP (bbref=Air Force),49494,Air Force,,
5247862,2025,Sam Springer,DELETE (phantom),22993,Loyola (MD),49494,Air Force
4703531,2022,Sam Towns,UNRESOLVED (no bbref row),22995,Bowling Green,,
4703531,2022,Sam Towns,UNRESOLVED (no bbref row),27390,Ohio,,
4683781,2024,Sam Walters,UNRESOLVED (no bbref row),23000,Southern Methodist,,
4683781,2024,Sam Walters,UNRESOLVED (no bbref row),44904,Alabama,,
5108915,2023,Sami Pissis,KEEP (bbref=Southeastern Louisiana),32352,Southeastern Louisiana,,
5108915,2023,Sami Pissis,DELETE (phantom),23010,Alabama A&M,32352,Southeastern Louisiana
5108915,2025,Sami Pissis,KEEP (bbref=New Hampshire),52049,New Hampshire,,
5108915,2025,Sami Pissis,DELETE (phantom),23012,Alabama A&M,52049,New Hampshire
5061606,2025,Sammie Yeanay,KEEP (bbref=Grand Canyon),50906,Grand Canyon,,
5061606,2025,Sammie Yeanay,DELETE (phantom),23015,California,50906,Grand Canyon
4898377,2022,Samuel Ariyibi,KEEP (bbref=Washington),28884,Washington,,
4898377,2022,Samuel Ariyibi,DELETE (phantom),23021,Utah Tech,28884,Washington
4898377,2024,Samuel Ariyibi,KEEP (bbref=Washington),49249,Washington,,
4898377,2024,Samuel Ariyibi,DELETE (phantom),23023,Utah Tech,49249,Washington
5107896,2023,Samuel Murray,KEEP (bbref=Murray State),31508,Murray State,,
5107896,2023,Samuel Murray,DELETE (phantom),23028,Mississippi Valley State,31508,Murray State
5107896,2024,Samuel Murray,KEEP (bbref=Murray State),47185,Murray State,,
5107896,2024,Samuel Murray,DELETE (phantom),23029,Mississippi Valley State,47185,Murray State
5107896,2025,Samuel Murray,UNRESOLVED (no bbref row),23030,Mississippi Valley State,,
5107896,2025,Samuel Murray,UNRESOLVED (no bbref row),51873,Missouri State,,
4897072,2023,Samuel Onu,KEEP (bbref=Florida Gulf Coast),30338,Florida Gulf Coast,,
4897072,2023,Samuel Onu,DELETE (phantom),23033,Alabama A&M,30338,Florida Gulf Coast
4897072,2025,Samuel Onu,UNRESOLVED (no bbref row),23035,Alabama A&M,,
4897072,2025,Samuel Onu,UNRESOLVED (no bbref row),50897,Grambling,,
5176444,2024,Santiago Trouet,KEEP (bbref=San Diego),48182,San Diego,,
5176444,2024,Santiago Trouet,DELETE (phantom),23041,Arizona State,48182,San Diego
5176444,2025,Santiago Trouet,UNRESOLVED (no bbref row),52992,San Diego,,
5176444,2025,Santiago Trouet,UNRESOLVED (no bbref row),23042,Arizona State,,
5215425,2025,Sash Gavalyugov,KEEP (bbref=Villanova),54050,Villanova,,
5215425,2025,Sash Gavalyugov,DELETE (phantom),23047,Santa Clara,54050,Villanova
5170078,2024,Saša Ciani,KEEP (bbref=Xavier),49440,Xavier,,
5170078,2024,Saša Ciani,DELETE (phantom),23044,Penn State,49440,Xavier
5170078,2025,Saša Ciani,KEEP (bbref=Illinois-Chicago),53735,Illinois-Chicago,,
5170078,2025,Saša Ciani,DELETE (phantom),23045,Penn State,53735,Illinois-Chicago
5243118,2025,Scooter Williams,KEEP (bbref=East Texas A&M),50495,East Texas A&M,,
5243118,2025,Scooter Williams,DELETE (phantom),23053,Louisiana Tech,50495,East Texas A&M
4897482,2023,Scottie Ebube,KEEP (bbref=Southern Illinois),32719,Southern Illinois,,
4897482,2023,Scottie Ebube,DELETE (phantom),23055,NC State,32719,Southern Illinois
4897482,2024,Scottie Ebube,KEEP (bbref=Southern Illinois),48371,Southern Illinois,,
4897482,2024,Scottie Ebube,DELETE (phantom),23056,NC State,48371,Southern Illinois
4897482,2025,Scottie Ebube,UNRESOLVED (no bbref row),23057,NC State,,
4897482,2025,Scottie Ebube,UNRESOLVED (no bbref row),54263,Wyoming,,
4711279,2024,Scotty Middleton,KEEP (bbref=Ohio State),47604,Ohio State,,
4711279,2024,Scotty Middleton,DELETE (phantom),23061,Tulane,47604,Ohio State
4711279,2025,Scotty Middleton,KEEP (bbref=Seton Hall),53063,Seton Hall,,
4711279,2025,Scotty Middleton,DELETE (phantom),23062,Tulane,53063,Seton Hall
4896852,2023,Scotty Washington,UNRESOLVED (no bbref row),23064,High Point,,
4896852,2023,Scotty Washington,UNRESOLVED (no bbref row),29668,California Baptist,,
4896852,2024,Scotty Washington,KEEP (bbref=California Baptist),45363,California Baptist,,
4896852,2024,Scotty Washington,DELETE (phantom),23065,High Point,45363,California Baptist
4896852,2025,Scotty Washington,KEEP (bbref=Cal State Northridge),49989,Cal State Northridge,,
4896852,2025,Scotty Washington,DELETE (phantom),23066,High Point,49989,Cal State Northridge
5115458,2025,Sean Craig,KEEP (bbref=IU Indy),51038,IU Indy,,
5115458,2025,Sean Craig,DELETE (phantom),23077,Toledo,51038,IU Indy
5242135,2025,Sean Elkinton,KEEP (bbref=Louisiana Tech),51515,Louisiana Tech,,
5242135,2025,Sean Elkinton,DELETE (phantom),23082,Louisiana,51515,Louisiana Tech
5175973,2024,Sean Newman Jr.,KEEP (bbref=Louisiana Tech),46680,Louisiana Tech,,
5175973,2024,Sean Newman Jr.,DELETE (phantom),23094,San Diego State,46680,Louisiana Tech
5175973,2025,Sean Newman Jr.,KEEP (bbref=Louisiana Tech),51512,Louisiana Tech,,
5175973,2025,Sean Newman Jr.,DELETE (phantom),23095,San Diego State,51512,Louisiana Tech
5177533,2024,Sean Smith,UNRESOLVED (no bbref row),23098,Middle Tennessee,,
5177533,2024,Sean Smith,UNRESOLVED (no bbref row),44917,Alabama State,,
4869739,2024,Sean Stewart,KEEP (bbref=Duke),45776,Duke,,
4869739,2024,Sean Stewart,DELETE (phantom),23101,Oregon,45776,Duke
4869739,2025,Sean Stewart,KEEP (bbref=Ohio State),52394,Ohio State,,
4869739,2025,Sean Stewart,DELETE (phantom),23102,Oregon,52394,Ohio State
5241913,2025,Sebastian Akins,KEEP (bbref=Denver),50387,Denver,,
5241913,2025,Sebastian Akins,DELETE (phantom),23105,Wake Forest,50387,Denver
5175372,2024,Sebastian Hartmann,UNRESOLVED (no bbref row),45864,Eastern Washington,,
5175372,2024,Sebastian Hartmann,UNRESOLVED (no bbref row),23107,Chattanooga,,
5175372,2025,Sebastian Hartmann,KEEP (bbref=Eastern Washington),50556,Eastern Washington,,
5175372,2025,Sebastian Hartmann,DELETE (phantom),23108,Chattanooga,50556,Eastern Washington
4711270,2024,Sebastian Mack,KEEP (bbref=UCLA),48840,UCLA,,
4711270,2024,Sebastian Mack,DELETE (phantom),23111,Missouri,48840,UCLA
4711270,2025,Sebastian Mack,UNRESOLVED (no bbref row),23112,Missouri,,
4711270,2025,Sebastian Mack,UNRESOLVED (no bbref row),53710,UCLA,,
5239628,2025,Seifeldin Hendawy,KEEP (bbref=Loyola (IL)),51549,Loyola (IL),,
5239628,2025,Seifeldin Hendawy,DELETE (phantom),23123,Winthrop,51549,Loyola (IL)
5105790,2023,Sencire Harris,KEEP (bbref=Illinois),30739,Illinois,,
5105790,2023,Sencire Harris,DELETE (phantom),23127,Cincinnati,30739,Illinois
5105790,2025,Sencire Harris,KEEP (bbref=West Virginia),54124,West Virginia,,
5105790,2025,Sencire Harris,DELETE (phantom),23129,Cincinnati,54124,West Virginia
5243098,2025,Seryee Lewis,UNRESOLVED (no bbref row),23135,Prairie View A&M,,
5243098,2025,Seryee Lewis,UNRESOLVED (no bbref row),54165,Western Michigan,,
5108000,2023,Seth Hubbard,UNRESOLVED (no bbref row),33730,Western Michigan,,
5108000,2023,Seth Hubbard,UNRESOLVED (no bbref row),23138,Milwaukee,,
5108000,2024,Seth Hubbard,KEEP (bbref=Western Michigan),49333,Western Michigan,,
5108000,2024,Seth Hubbard,DELETE (phantom),23139,Milwaukee,49333,Western Michigan
5108000,2025,Seth Hubbard,KEEP (bbref=Toledo),53541,Toledo,,
5108000,2025,Seth Hubbard,DELETE (phantom),23140,Milwaukee,53541,Toledo
5174853,2024,Seth Joba,UNRESOLVED (no bbref row),49170,Vermont,,
5174853,2024,Seth Joba,UNRESOLVED (no bbref row),23142,Idaho,,
5174853,2025,Seth Joba,KEEP (bbref=Vermont),54042,Vermont,,
5174853,2025,Seth Joba,DELETE (phantom),23143,Idaho,54042,Vermont
5240906,2025,Seth Jones,UNRESOLVED (no bbref row),52525,Pacific,,
5240906,2025,Seth Jones,UNRESOLVED (no bbref row),23145,Southeastern Louisiana,,
5177114,2024,Seydou Traore,KEEP (bbref=Manhattan),46766,Manhattan,,
5177114,2024,Seydou Traore,DELETE (phantom),23151,Utah,46766,Manhattan
5177114,2025,Seydou Traore,KEEP (bbref=Iowa),51164,Iowa,,
5177114,2025,Seydou Traore,DELETE (phantom),23152,Utah,51164,Iowa
5176179,2024,Shaedon Simpson,KEEP (bbref=Central Michigan),45452,Central Michigan,,
5176179,2024,Shaedon Simpson,DELETE (phantom),23156,Saint Peter's,45452,Central Michigan
5176179,2025,Shaedon Simpson,KEEP (bbref=Central Michigan),50095,Central Michigan,,
5176179,2025,Shaedon Simpson,DELETE (phantom),23157,Saint Peter's,50095,Central Michigan
5114231,2023,Shah Muhammad,UNRESOLVED (no bbref row),23159,Florida State,,
5114231,2023,Shah Muhammad,UNRESOLVED (no bbref row),32605,Seton Hall,,
5114231,2025,Shah Muhammad,KEEP (bbref=Massachusetts),51690,Massachusetts,,
5114231,2025,Shah Muhammad,DELETE (phantom),23161,Florida State,51690,Massachusetts
5106652,2023,Shammah Scott,UNRESOLVED (no bbref row),33747,Wichita State,,
5106652,2023,Shammah Scott,UNRESOLVED (no bbref row),23166,Akron,,
5107789,2023,Shane Lancaster,KEEP (bbref=Niagara),31647,Niagara,,
5107789,2023,Shane Lancaster,DELETE (phantom),23174,Alcorn State,31647,Niagara
4684156,2023,Shaqir O'Neal,KEEP (bbref=Texas Southern),33031,Texas Southern,,
4684156,2023,Shaqir O'Neal,DELETE (phantom),23182,Sacramento State,33031,Texas Southern
4684156,2024,Shaqir O'Neal,KEEP (bbref=Texas Southern),48629,Texas Southern,,
4684156,2024,Shaqir O'Neal,DELETE (phantom),23183,Sacramento State,48629,Texas Southern
4684156,2025,Shaqir O'Neal,UNRESOLVED (no bbref row),50630,Florida A&M,,
4684156,2025,Shaqir O'Neal,UNRESOLVED (no bbref row),23184,Sacramento State,,
5177115,2024,Shaquil Bender,KEEP (bbref=Manhattan),46765,Manhattan,,
5177115,2024,Shaquil Bender,DELETE (phantom),23186,Long Beach State,46765,Manhattan
5177115,2025,Shaquil Bender,KEEP (bbref=Manhattan),51596,Manhattan,,
5177115,2025,Shaquil Bender,DELETE (phantom),23187,Long Beach State,51596,Manhattan
5105537,2023,Shawn Phillips Jr.,KEEP (bbref=Louisiana State),30953,Louisiana State,,
5105537,2023,Shawn Phillips Jr.,DELETE (phantom),23201,Missouri,30953,Louisiana State
5105537,2024,Shawn Phillips Jr.,KEEP (bbref=Arizona State),44975,Arizona State,,
5105537,2024,Shawn Phillips Jr.,DELETE (phantom),23202,Missouri,44975,Arizona State
5105537,2025,Shawn Phillips Jr.,UNRESOLVED (no bbref row),23203,Missouri,,
5105537,2025,Shawn Phillips Jr.,UNRESOLVED (no bbref row),49616,Arizona State,,
5174632,2024,Shawn Simmons II,KEEP (bbref=Saint Joseph's),48084,Saint Joseph's,,
5174632,2024,Shawn Simmons II,DELETE (phantom),23205,Massachusetts-Lowell,48084,Saint Joseph's
5174632,2025,Shawn Simmons II,UNRESOLVED (no bbref row),23206,Massachusetts-Lowell,,
5174632,2025,Shawn Simmons II,UNRESOLVED (no bbref row),52900,Saint Joseph's,,
66740,2014,Shawn Smith,KEEP (bbref=Marshall),65582,Marshall,,
66740,2014,Shawn Smith,DELETE (phantom),67260,Texas A&M,65582,Marshall
4897531,2023,Shay Johnson Jr.,KEEP (bbref=San Diego State),32519,San Diego State,,
4897531,2023,Shay Johnson Jr.,DELETE (phantom),23208,Long Beach State,32519,San Diego State
4897531,2024,Shay Johnson Jr.,KEEP (bbref=San Diego State),48170,San Diego State,,
4897531,2024,Shay Johnson Jr.,DELETE (phantom),23209,Long Beach State,48170,San Diego State
4897531,2025,Shay Johnson Jr.,UNRESOLVED (no bbref row),23210,Long Beach State,,
4897531,2025,Shay Johnson Jr.,UNRESOLVED (no bbref row),52984,San Diego State,,
4898349,2023,Shemani Fuller,UNRESOLVED (no bbref row),33737,Western Michigan,,
4898349,2023,Shemani Fuller,UNRESOLVED (no bbref row),23216,Rider,,
5176399,2024,Sherman Weatherspoon IV,KEEP (bbref=Valparaiso),49135,Valparaiso,,
5176399,2024,Sherman Weatherspoon IV,DELETE (phantom),23220,Utah Valley,49135,Valparaiso
5054083,2024,Silas Demary Jr.,KEEP (bbref=Georgia),46053,Georgia,,
5054083,2024,Silas Demary Jr.,DELETE (phantom),23235,Connecticut,46053,Georgia
5054083,2025,Silas Demary Jr.,KEEP (bbref=Georgia),50814,Georgia,,
5054083,2025,Silas Demary Jr.,DELETE (phantom),23236,Connecticut,50814,Georgia
4684984,2023,Silas Sunday,UNRESOLVED (no bbref row),23238,Hofstra,,
4684984,2023,Silas Sunday,UNRESOLVED (no bbref row),30813,Iona,,
4683785,2024,Simeon Wilcher,UNRESOLVED (no bbref row),48429,St. John's (NY),,
4683785,2024,Simeon Wilcher,UNRESOLVED (no bbref row),23249,Texas,,
4683785,2025,Simeon Wilcher,UNRESOLVED (no bbref row),23250,Texas,,
4683785,2025,Simeon Wilcher,UNRESOLVED (no bbref row),53271,St. John's (NY),,
5241593,2025,Simon Hildebrandt,UNRESOLVED (no bbref row),23257,Washington State,,
5241593,2025,Simon Hildebrandt,UNRESOLVED (no bbref row),50961,High Point,,
5105984,2023,Sincere Parker,UNRESOLVED (no bbref row),23268,Memphis,,
5105984,2023,Sincere Parker,UNRESOLVED (no bbref row),32446,Saint Louis,,
5105984,2024,Sincere Parker,KEEP (bbref=Saint Louis),48089,Saint Louis,,
5105984,2024,Sincere Parker,DELETE (phantom),23269,Memphis,48089,Saint Louis
5105984,2025,Sincere Parker,KEEP (bbref=McNeese),51697,McNeese,,
5105984,2025,Sincere Parker,DELETE (phantom),23270,Memphis,51697,McNeese
4897258,2022,Sir Issac Herron,UNRESOLVED (no bbref row),27490,Oral Roberts,,
4897258,2022,Sir Issac Herron,UNRESOLVED (no bbref row),23272,Louisiana Tech,,
4897258,2023,Sir Issac Herron,KEEP (bbref=Oral Roberts),32031,Oral Roberts,,
4897258,2023,Sir Issac Herron,DELETE (phantom),23273,Louisiana Tech,32031,Oral Roberts
4897258,2024,Sir Issac Herron,KEEP (bbref=Oral Roberts),47670,Oral Roberts,,
4897258,2024,Sir Issac Herron,DELETE (phantom),23274,Louisiana Tech,47670,Oral Roberts
4703980,2024,Skylar Wicks,KEEP (bbref=Incarnate Word),46295,Incarnate Word,,
4703980,2024,Skylar Wicks,DELETE (phantom),23280,Saint Francis (PA),46295,Incarnate Word
4703980,2025,Skylar Wicks,KEEP (bbref=UTSA),53925,UTSA,,
4703980,2025,Skylar Wicks,DELETE (phantom),23281,Saint Francis (PA),53925,UTSA
5105794,2023,Skyy Clark,KEEP (bbref=Illinois),30736,Illinois,,
5105794,2023,Skyy Clark,DELETE (phantom),23283,UCLA,30736,Illinois
5105794,2024,Skyy Clark,KEEP (bbref=Louisville),46691,Louisville,,
5105794,2024,Skyy Clark,DELETE (phantom),23284,UCLA,46691,Louisville
5114809,2023,Sola Adebisi,KEEP (bbref=Florida State),30366,Florida State,,
5114809,2023,Sola Adebisi,DELETE (phantom),23287,The Citadel,30366,Florida State
5105562,2023,Solomon Washington,KEEP (bbref=Texas A&M),32987,Texas A&M,,
5105562,2023,Solomon Washington,DELETE (phantom),23295,Maryland,32987,Texas A&M
5105562,2024,Solomon Washington,KEEP (bbref=Texas A&M),48594,Texas A&M,,
5105562,2024,Solomon Washington,DELETE (phantom),23296,Maryland,48594,Texas A&M
5105562,2025,Solomon Washington,KEEP (bbref=Texas A&M),53475,Texas A&M,,
5105562,2025,Solomon Washington,DELETE (phantom),23297,Maryland,53475,Texas A&M
5175712,2025,Spencer Elliott,KEEP (bbref=Tulane),53587,Tulane,,
5175712,2025,Spencer Elliott,DELETE (phantom),23308,Charlotte,53587,Tulane
5105765,2023,Spencer Legg,KEEP (bbref=College of Charleston),29768,College of Charleston,,
5105765,2023,Spencer Legg,DELETE (phantom),23313,Louisville,29768,College of Charleston
5105765,2024,Spencer Legg,KEEP (bbref=College of Charleston),45465,College of Charleston,,
5105765,2024,Spencer Legg,DELETE (phantom),23314,Louisville,45465,College of Charleston
5060690,2025,Spencer Mahoney,KEEP (bbref=California),50025,California,,
5060690,2025,Spencer Mahoney,DELETE (phantom),23317,Temple,50025,California
4897107,2022,Stanley Borden,KEEP (bbref=Duke),25698,Duke,,
4897107,2022,Stanley Borden,DELETE (phantom),23320,UTSA,25698,Duke
4897107,2023,Stanley Borden,KEEP (bbref=Duke),30134,Duke,,
4897107,2023,Stanley Borden,DELETE (phantom),23321,UTSA,30134,Duke
4897107,2025,Stanley Borden,UNRESOLVED (no bbref row),23323,UTSA,,
4897107,2025,Stanley Borden,UNRESOLVED (no bbref row),50454,Duke,,
4592579,2022,Steele Venters,KEEP (bbref=Eastern Washington),25795,Eastern Washington,,
4592579,2022,Steele Venters,DELETE (phantom),23327,Gonzaga,25795,Eastern Washington
4592579,2023,Steele Venters,KEEP (bbref=Eastern Washington),30222,Eastern Washington,,
4592579,2023,Steele Venters,DELETE (phantom),23328,Gonzaga,30222,Eastern Washington
5174643,2024,Stef van Bussel,KEEP (bbref=Saint Louis),48100,Saint Louis,,
5174643,2024,Stef van Bussel,DELETE (phantom),23332,Duquesne,48100,Saint Louis
5240380,2025,Stefan Cicic,KEEP (bbref=Tulane),53590,Tulane,,
5240380,2025,Stefan Cicic,DELETE (phantom),23335,Pepperdine,53590,Tulane
5243011,2025,Stefano Faloppa,KEEP (bbref=Tennessee-Martin),53884,Tennessee-Martin,,
5243011,2025,Stefano Faloppa,DELETE (phantom),23340,New Haven,53884,Tennessee-Martin
5106791,2023,Stephaun Walker,UNRESOLVED (no bbref row),23345,Old Dominion,,
5106791,2023,Stephaun Walker,UNRESOLVED (no bbref row),32321,Robert Morris,,
5106791,2024,Stephaun Walker,KEEP (bbref=Robert Morris),47969,Robert Morris,,
5106791,2024,Stephaun Walker,DELETE (phantom),23346,Old Dominion,47969,Robert Morris
5177534,2024,Stephen Byard,KEEP (bbref=Alcorn State),44930,Alcorn State,,
5177534,2024,Stephen Byard,DELETE (phantom),23348,Chicago State,44930,Alcorn State
5177534,2025,Stephen Byard,KEEP (bbref=Rider),52771,Rider,,
5177534,2025,Stephen Byard,DELETE (phantom),23349,Chicago State,52771,Rider
5176335,2024,Stephen Olowoniyi,UNRESOLVED (no bbref row),23354,Oregon State,,
5176335,2024,Stephen Olowoniyi,UNRESOLVED (no bbref row),49120,VMI,,
5108891,2023,Stephon Payne,KEEP (bbref=Incarnate Word),30768,Incarnate Word,,
5108891,2023,Stephon Payne,DELETE (phantom),23360,Seton Hall,30768,Incarnate Word
5108891,2024,Stephon Payne,KEEP (bbref=Jacksonville),46397,Jacksonville,,
5108891,2024,Stephon Payne,DELETE (phantom),23361,Seton Hall,46397,Jacksonville
5108891,2025,Stephon Payne,KEEP (bbref=Jacksonville),51206,Jacksonville,,
5108891,2025,Stephon Payne,DELETE (phantom),23362,Seton Hall,51206,Jacksonville
5175049,2024,Sterling Young,KEEP (bbref=Charlotte),45492,Charlotte,,
5175049,2024,Sterling Young,DELETE (phantom),23364,Indiana State,45492,Charlotte
5175049,2025,Sterling Young,UNRESOLVED (no bbref row),50626,Florida A&M,,
5175049,2025,Sterling Young,UNRESOLVED (no bbref row),23365,Indiana State,,
5105417,2023,Steven Jamerson II,UNRESOLVED (no bbref row),23367,UCLA,,
5105417,2023,Steven Jamerson II,UNRESOLVED (no bbref row),32533,San Diego,,
5105417,2024,Steven Jamerson II,KEEP (bbref=San Diego),48177,San Diego,,
5105417,2024,Steven Jamerson II,DELETE (phantom),23368,UCLA,48177,San Diego
5105417,2025,Steven Jamerson II,KEEP (bbref=San Diego),52990,San Diego,,
5105417,2025,Steven Jamerson II,DELETE (phantom),23369,UCLA,52990,San Diego
5125137,2023,Steven Tipton,KEEP (bbref=Northern Illinois),31843,Northern Illinois,,
5125137,2023,Steven Tipton,DELETE (phantom),23373,Western Illinois,31843,Northern Illinois
5125137,2024,Steven Tipton,KEEP (bbref=Northern Illinois),47501,Northern Illinois,,
5125137,2024,Steven Tipton,DELETE (phantom),23374,Western Illinois,47501,Northern Illinois
5125137,2025,Steven Tipton,KEEP (bbref=Northern Illinois),52295,Northern Illinois,,
5125137,2025,Steven Tipton,DELETE (phantom),23375,Western Illinois,52295,Northern Illinois
5241453,2025,Stoney Hadnot,KEEP (bbref=South Dakota State),53161,South Dakota State,,
5241453,2025,Stoney Hadnot,DELETE (phantom),23379,UT Arlington,53161,South Dakota State
5241336,2025,Styles Phipps,UNRESOLVED (no bbref row),50907,Grand Canyon,,
5241336,2025,Styles Phipps,UNRESOLVED (no bbref row),23382,Pepperdine,,
5177099,2024,Sully Adewale,KEEP (bbref=Iona),46346,Iona,,
5177099,2024,Sully Adewale,DELETE (phantom),23384,Albany (NY),46346,Iona
4433589,2022,TJ Berger,UNRESOLVED (no bbref row),23710,Lafayette,,
4433589,2022,TJ Berger,UNRESOLVED (no bbref row),38732,San Diego,,
5177368,2024,TJ Biel,KEEP (bbref=Southeast Missouri State),48358,Southeast Missouri State,,
5177368,2024,TJ Biel,DELETE (phantom),23714,Maine,48358,Southeast Missouri State
5177368,2025,TJ Biel,KEEP (bbref=Southeast Missouri State),53185,Southeast Missouri State,,
5177368,2025,TJ Biel,DELETE (phantom),23715,Maine,53185,Southeast Missouri State
5241483,2025,TJ Burch,UNRESOLVED (no bbref row),23717,Wright State,,
5241483,2025,TJ Burch,UNRESOLVED (no bbref row),49750,Ball State,,
5105545,2023,TJ Caldwell,KEEP (bbref=Mississippi),31996,Mississippi,,
5105545,2023,TJ Caldwell,DELETE (phantom),23719,Arkansas State,31996,Mississippi
5107076,2024,TJ Johnson,KEEP (bbref=Lipscomb),46609,Lipscomb,,
5107076,2024,TJ Johnson,DELETE (phantom),23734,VMI,46609,Lipscomb
4896370,2022,TJ Long,UNRESOLVED (no bbref row),25835,Fairfield,,
4896370,2022,TJ Long,UNRESOLVED (no bbref row),23737,Vermont,,
4684843,2024,TJ Power,KEEP (bbref=Duke),45777,Duke,,
4684843,2024,TJ Power,DELETE (phantom),23744,Pennsylvania,45777,Duke
4683947,2023,TJ Wainwright,UNRESOLVED (no bbref row),23748,Pacific,,
4683947,2023,TJ Wainwright,UNRESOLVED (no bbref row),32324,Robert Morris,,
4683947,2024,TJ Wainwright,KEEP (bbref=Robert Morris),47968,Robert Morris,,
4683947,2024,TJ Wainwright,DELETE (phantom),23749,Pacific,47968,Robert Morris
4683947,2025,TJ Wainwright,KEEP (bbref=Long Beach State),51456,Long Beach State,,
4683947,2025,TJ Wainwright,DELETE (phantom),23750,Pacific,51456,Long Beach State
5105594,2023,Tae Davis,UNRESOLVED (no bbref row),23396,Oklahoma,,
5105594,2023,Tae Davis,UNRESOLVED (no bbref row),32603,Seton Hall,,
5105594,2024,Tae Davis,KEEP (bbref=Notre Dame),47557,Notre Dame,,
5105594,2024,Tae Davis,DELETE (phantom),23397,Oklahoma,47557,Notre Dame
5105594,2025,Tae Davis,UNRESOLVED (no bbref row),52359,Notre Dame,,
5105594,2025,Tae Davis,UNRESOLVED (no bbref row),23398,Oklahoma,,
5107349,2023,Taeshaud Jackson,KEEP (bbref=VMI),33513,VMI,,
5107349,2023,Taeshaud Jackson,DELETE (phantom),23406,FDU,33513,VMI
5107349,2024,Taeshaud Jackson,UNRESOLVED (no bbref row),23407,FDU,,
5107349,2024,Taeshaud Jackson,UNRESOLVED (no bbref row),49119,VMI,,
5107349,2025,Taeshaud Jackson,KEEP (bbref=Northern Colorado),52282,Northern Colorado,,
5107349,2025,Taeshaud Jackson,DELETE (phantom),23408,FDU,52282,Northern Colorado
5106034,2023,Tafara Gapare,KEEP (bbref=Massachusetts),31249,Massachusetts,,
5106034,2023,Tafara Gapare,DELETE (phantom),23410,Villanova,31249,Massachusetts
5106034,2024,Tafara Gapare,KEEP (bbref=Georgia Tech),46071,Georgia Tech,,
5106034,2024,Tafara Gapare,DELETE (phantom),23411,Villanova,46071,Georgia Tech
5106034,2025,Tafara Gapare,KEEP (bbref=Maryland),51673,Maryland,,
5106034,2025,Tafara Gapare,DELETE (phantom),23412,Villanova,51673,Maryland
4896368,2023,Tahj Staveskie,UNRESOLVED (no bbref row),23416,Incarnate Word,,
4896368,2023,Tahj Staveskie,UNRESOLVED (no bbref row),29701,Canisius,,
4896368,2024,Tahj Staveskie,KEEP (bbref=Canisius),45405,Canisius,,
4896368,2024,Tahj Staveskie,DELETE (phantom),23417,Incarnate Word,45405,Canisius
4896368,2025,Tahj Staveskie,KEEP (bbref=Cleveland State),50185,Cleveland State,,
4896368,2025,Tahj Staveskie,DELETE (phantom),23418,Incarnate Word,50185,Cleveland State
5176753,2024,Tai Hamilton,KEEP (bbref=William & Mary),49369,William & Mary,,
5176753,2024,Tai Hamilton,DELETE (phantom),23421,Winthrop,49369,William & Mary
4703215,2022,Tai'Reon Joseph,UNRESOLVED (no bbref row),23426,Prairie View A&M,,
4703215,2022,Tai'Reon Joseph,UNRESOLVED (no bbref row),27684,Radford,,
4703215,2025,Tai'Reon Joseph,KEEP (bbref=UTSA),53921,UTSA,,
4703215,2025,Tai'Reon Joseph,DELETE (phantom),23429,Prairie View A&M,53921,UTSA
4432364,2022,Taj Thweatt,UNRESOLVED (no bbref row),28928,West Virginia,,
4432364,2022,Taj Thweatt,UNRESOLVED (no bbref row),23442,Coppin State,,
4432364,2024,Taj Thweatt,KEEP (bbref=Temple),48555,Temple,,
4432364,2024,Taj Thweatt,DELETE (phantom),23444,Coppin State,48555,Temple
5107272,2023,Tajavis Miller,KEEP (bbref=North Dakota State),31756,North Dakota State,,
5107272,2023,Tajavis Miller,DELETE (phantom),23450,New Mexico,31756,North Dakota State
5107272,2024,Tajavis Miller,KEEP (bbref=North Dakota State),47415,North Dakota State,,
5107272,2024,Tajavis Miller,DELETE (phantom),23451,New Mexico,47415,North Dakota State
5107272,2025,Tajavis Miller,KEEP (bbref=North Dakota State),52213,North Dakota State,,
5107272,2025,Tajavis Miller,DELETE (phantom),23452,New Mexico,52213,North Dakota State
5239637,2025,Tajuan Simpkins,UNRESOLVED (no bbref row),23455,Seton Hall,,
5239637,2025,Tajuan Simpkins,UNRESOLVED (no bbref row),50569,Elon,,
5174937,2024,Takai Simpkins,UNRESOLVED (no bbref row),23457,Oregon,,
5174937,2024,Takai Simpkins,UNRESOLVED (no bbref row),45866,Elon,,
5174937,2025,Takai Simpkins,KEEP (bbref=Elon),50566,Elon,,
5174937,2025,Takai Simpkins,DELETE (phantom),23458,Oregon,50566,Elon
5240034,2025,Tamaury Releford,KEEP (bbref=West Georgia),54110,West Georgia,,
5240034,2025,Tamaury Releford,DELETE (phantom),23467,Morehead State,54110,West Georgia
5176530,2024,Tan Yildizoglu,KEEP (bbref=Pacific),47723,Pacific,,
5176530,2024,Tan Yildizoglu,DELETE (phantom),23473,VMI,47723,Pacific
5177731,2024,Tanner Cuff,UNRESOLVED (no bbref row),45885,Evansville,,
5177731,2024,Tanner Cuff,UNRESOLVED (no bbref row),23477,Hawaii,,
5177731,2025,Tanner Cuff,UNRESOLVED (no bbref row),23478,Hawaii,,
5177731,2025,Tanner Cuff,UNRESOLVED (no bbref row),50584,Evansville,,
5105463,2024,Tanner Hayhurst,KEEP (bbref=Brigham Young),45108,Brigham Young,,
5105463,2024,Tanner Hayhurst,DELETE (phantom),23480,Southern Utah,45108,Brigham Young
4897974,2022,Tanner Thomas,UNRESOLVED (no bbref row),23488,Loyola Marymount,,
4897974,2022,Tanner Thomas,UNRESOLVED (no bbref row),27830,Sacred Heart,,
4897974,2023,Tanner Thomas,UNRESOLVED (no bbref row),32403,Sacred Heart,,
4897974,2023,Tanner Thomas,UNRESOLVED (no bbref row),23489,Loyola Marymount,,
4897974,2024,Tanner Thomas,KEEP (bbref=Sacred Heart),48049,Sacred Heart,,
4897974,2024,Tanner Thomas,DELETE (phantom),23490,Loyola Marymount,48049,Sacred Heart
4897974,2025,Tanner Thomas,UNRESOLVED (no bbref row),52861,Sacred Heart,,
4897974,2025,Tanner Thomas,UNRESOLVED (no bbref row),23491,Loyola Marymount,,
5105461,2023,Tanner Toolson,UNRESOLVED (no bbref row),23492,Texas Christian,,
5105461,2023,Tanner Toolson,UNRESOLVED (no bbref row),29377,Brigham Young,,
5105461,2024,Tanner Toolson,UNRESOLVED (no bbref row),23493,Texas Christian,,
5105461,2024,Tanner Toolson,UNRESOLVED (no bbref row),49095,Utah Valley,,
5105461,2025,Tanner Toolson,KEEP (bbref=Utah Valley),53964,Utah Valley,,
5105461,2025,Tanner Toolson,DELETE (phantom),23494,Texas Christian,53964,Utah Valley
5243000,2025,Tarence Guinyard,KEEP (bbref=Tennessee-Martin),53874,Tennessee-Martin,,
5243000,2025,Tarence Guinyard,DELETE (phantom),23496,Duquesne,53874,Tennessee-Martin
5175809,2024,Tariq Francis,KEEP (bbref=NJIT),47203,NJIT,,
5175809,2024,Tariq Francis,DELETE (phantom),23500,Rutgers,47203,NJIT
5175809,2025,Tariq Francis,KEEP (bbref=NJIT),51990,NJIT,,
5175809,2025,Tariq Francis,DELETE (phantom),23501,Rutgers,51990,NJIT
4431995,2022,Tariq Ingraham,UNRESOLVED (no bbref row),28871,Wake Forest,,
4431995,2022,Tariq Ingraham,UNRESOLVED (no bbref row),23503,Memphis,,
4431995,2023,Tariq Ingraham,UNRESOLVED (no bbref row),23504,Memphis,,
4431995,2023,Tariq Ingraham,UNRESOLVED (no bbref row),32309,Rider,,
4431995,2024,Tariq Ingraham,KEEP (bbref=Rider),47954,Rider,,
4431995,2024,Tariq Ingraham,DELETE (phantom),23505,Memphis,47954,Rider
4431995,2025,Tariq Ingraham,KEEP (bbref=Rider),52765,Rider,,
4431995,2025,Tariq Ingraham,DELETE (phantom),23506,Memphis,52765,Rider
5174615,2024,Tarique Foster,UNRESOLVED (no bbref row),23508,Albany (NY),,
5174615,2024,Tarique Foster,UNRESOLVED (no bbref row),46857,Massachusetts,,
5174615,2025,Tarique Foster,KEEP (bbref=Massachusetts),51692,Massachusetts,,
5174615,2025,Tarique Foster,DELETE (phantom),23509,Albany (NY),51692,Massachusetts
5105809,2023,Tarris Reed Jr.,KEEP (bbref=Michigan),31331,Michigan,,
5105809,2023,Tarris Reed Jr.,DELETE (phantom),23511,Connecticut,31331,Michigan
5105809,2024,Tarris Reed Jr.,UNRESOLVED (no bbref row),23512,Connecticut,,
5105809,2024,Tarris Reed Jr.,UNRESOLVED (no bbref row),46975,Michigan,,
5178209,2024,Tasman Goodrick,KEEP (bbref=California Baptist),45370,California Baptist,,
5178209,2024,Tasman Goodrick,DELETE (phantom),23515,Siena,45370,California Baptist
4897617,2022,Tasos Cook,KEEP (bbref=Stetson),28214,Stetson,,
4897617,2022,Tasos Cook,DELETE (phantom),23518,Campbell,28214,Stetson
5241363,2025,Tavion Banks,KEEP (bbref=Drake),50419,Drake,,
5241363,2025,Tavion Banks,DELETE (phantom),23535,Iowa,50419,Drake
5177655,2024,Tay Knox,KEEP (bbref=Western Illinois),49310,Western Illinois,,
5177655,2024,Tay Knox,DELETE (phantom),23537,Texas State,49310,Western Illinois
4708219,2022,Tay Mosher,KEEP (bbref=East Carolina),25726,East Carolina,,
4708219,2022,Tay Mosher,DELETE (phantom),23539,East Texas A&M,25726,East Carolina
4708219,2023,Tay Mosher,UNRESOLVED (no bbref row),29563,Bryant,,
4708219,2023,Tay Mosher,UNRESOLVED (no bbref row),23540,East Texas A&M,,
4685658,2025,Taylor Bol Bowen,KEEP (bbref=Florida State),50701,Florida State,,
4685658,2025,Taylor Bol Bowen,DELETE (phantom),23551,Alabama,50701,Florida State
5106706,2023,Tayshawn Comer,KEEP (bbref=Eastern Kentucky),30197,Eastern Kentucky,,
5106706,2023,Tayshawn Comer,DELETE (phantom),23554,Nevada,30197,Eastern Kentucky
5106706,2024,Tayshawn Comer,KEEP (bbref=Eastern Kentucky),45828,Eastern Kentucky,,
5106706,2024,Tayshawn Comer,DELETE (phantom),23555,Nevada,45828,Eastern Kentucky
5106706,2025,Tayshawn Comer,KEEP (bbref=Evansville),50580,Evansville,,
5106706,2025,Tayshawn Comer,DELETE (phantom),23556,Nevada,50580,Evansville
5176737,2024,Tayton Conerway,KEEP (bbref=Troy),48686,Troy,,
5176737,2024,Tayton Conerway,DELETE (phantom),23558,Indiana,48686,Troy
5176737,2025,Tayton Conerway,KEEP (bbref=Troy),53562,Troy,,
5176737,2025,Tayton Conerway,DELETE (phantom),23559,Indiana,53562,Troy
4702042,2022,Te'Jon Sawyer,KEEP (bbref=California Baptist),35731,California Baptist,,
4702042,2022,Te'Jon Sawyer,DELETE (phantom),23561,Montana,35731,California Baptist
5176712,2025,Teddy Washington Jr.,KEEP (bbref=Southeast Missouri State),53180,Southeast Missouri State,,
5176712,2025,Teddy Washington Jr.,DELETE (phantom),23570,Chattanooga,53180,Southeast Missouri State
4700971,2022,Tegra Izay,UNRESOLVED (no bbref row),23573,Texas State,,
4700971,2022,Tegra Izay,UNRESOLVED (no bbref row),37082,La Salle,,
4700971,2022,Tegra Izay,UNRESOLVED (no bbref row),23572,Southern,,
4700971,2024,Tegra Izay,UNRESOLVED (no bbref row),23576,Southern,,
4700971,2024,Tegra Izay,UNRESOLVED (no bbref row),23577,Texas State,,
4700971,2025,Tegra Izay,UNRESOLVED (no bbref row),23578,Southern,,
4700971,2025,Tegra Izay,UNRESOLVED (no bbref row),23579,Texas State,,
5239749,2025,Tekao Carpenter,UNRESOLVED (no bbref row),49719,Austin Peay,,
5239749,2025,Tekao Carpenter,UNRESOLVED (no bbref row),23581,North Carolina Central,,
5176649,2024,Tennessee Rainwater,UNRESOLVED (no bbref row),49074,Utah Tech,,
5176649,2024,Tennessee Rainwater,UNRESOLVED (no bbref row),23582,Le Moyne,,
5176649,2025,Tennessee Rainwater,KEEP (bbref=Utah Tech),53939,Utah Tech,,
5176649,2025,Tennessee Rainwater,DELETE (phantom),23583,Le Moyne,53939,Utah Tech
5106059,2023,Terrance Arceneaux,UNRESOLVED (no bbref row),23586,NC State,,
5106059,2023,Terrance Arceneaux,UNRESOLVED (no bbref row),30671,Houston,,
5106059,2024,Terrance Arceneaux,KEEP (bbref=Houston),46205,Houston,,
5106059,2024,Terrance Arceneaux,DELETE (phantom),23587,NC State,46205,Houston
5106059,2025,Terrance Arceneaux,UNRESOLVED (no bbref row),23588,NC State,,
5106059,2025,Terrance Arceneaux,UNRESOLVED (no bbref row),51015,Houston,,
5175066,2024,Terrance Dixon Jr.,KEEP (bbref=North Texas),47448,North Texas,,
5175066,2024,Terrance Dixon Jr.,DELETE (phantom),23590,Southern,47448,North Texas
5175066,2025,Terrance Dixon Jr.,KEEP (bbref=Lamar),51381,Lamar,,
5175066,2025,Terrance Dixon Jr.,DELETE (phantom),23591,Southern,51381,Lamar
5107248,2023,Terrance Ford Jr.,UNRESOLVED (no bbref row),23593,Tulsa,,
5107248,2023,Terrance Ford Jr.,UNRESOLVED (no bbref row),29288,Arkansas State,,
5107248,2024,Terrance Ford Jr.,KEEP (bbref=Arkansas State),45024,Arkansas State,,
5107248,2024,Terrance Ford Jr.,DELETE (phantom),23594,Tulsa,45024,Arkansas State
5107248,2025,Terrance Ford Jr.,UNRESOLVED (no bbref row),23595,Tulsa,,
5107248,2025,Terrance Ford Jr.,UNRESOLVED (no bbref row),49648,Arkansas State,,
4898280,2022,Terrance Jones,UNRESOLVED (no bbref row),37861,Norfolk State,,
4898280,2022,Terrance Jones,UNRESOLVED (no bbref row),23596,Manhattan,,
4898280,2023,Terrance Jones,KEEP (bbref=Norfolk State),31670,Norfolk State,,
4898280,2023,Terrance Jones,DELETE (phantom),23597,Manhattan,31670,Norfolk State
4898280,2024,Terrance Jones,KEEP (bbref=Norfolk State),47340,Norfolk State,,
4898280,2024,Terrance Jones,DELETE (phantom),23598,Manhattan,47340,Norfolk State
4898280,2025,Terrance Jones,KEEP (bbref=Norfolk State),52136,Norfolk State,,
4898280,2025,Terrance Jones,DELETE (phantom),23599,Manhattan,52136,Norfolk State
4702236,2022,Terrance Williams II,KEEP (bbref=Michigan),26843,Michigan,,
4702236,2022,Terrance Williams II,DELETE (phantom),23601,Southern California,26843,Michigan
4702236,2023,Terrance Williams II,KEEP (bbref=Michigan),31329,Michigan,,
4702236,2023,Terrance Williams II,DELETE (phantom),23602,Southern California,31329,Michigan
4702236,2024,Terrance Williams II,UNRESOLVED (no bbref row),46973,Michigan,,
4702236,2024,Terrance Williams II,UNRESOLVED (no bbref row),23603,Southern California,,
4433146,2022,Terren Frank,KEEP (bbref=Vanderbilt),28801,Vanderbilt,,
4433146,2022,Terren Frank,DELETE (phantom),23608,Campbell,28801,Vanderbilt
4433146,2023,Terren Frank,KEEP (bbref=Idaho),30722,Idaho,,
4433146,2023,Terren Frank,DELETE (phantom),23609,Campbell,30722,Idaho
4433146,2024,Terren Frank,KEEP (bbref=Idaho),46259,Idaho,,
4433146,2024,Terren Frank,DELETE (phantom),23610,Campbell,46259,Idaho
5177233,2024,Terrence Brown,UNRESOLVED (no bbref row),23613,Utah,,
5177233,2024,Terrence Brown,UNRESOLVED (no bbref row),45913,FDU,,
5177233,2025,Terrence Brown,KEEP (bbref=FDU),50612,FDU,,
5177233,2025,Terrence Brown,DELETE (phantom),23614,Utah,50612,FDU
5175976,2024,Terri Miller Jr.,KEEP (bbref=Louisiana Tech),46686,Louisiana Tech,,
5175976,2024,Terri Miller Jr.,DELETE (phantom),23618,Portland State,46686,Louisiana Tech
4897301,2022,Terrion Murdix,UNRESOLVED (no bbref row),23622,Western Kentucky,,
4897301,2022,Terrion Murdix,UNRESOLVED (no bbref row),28321,Texas A&M-Corpus Christi,,
4897301,2023,Terrion Murdix,KEEP (bbref=Texas A&M-Corpus Christi),32995,Texas A&M-Corpus Christi,,
4897301,2023,Terrion Murdix,DELETE (phantom),23623,Western Kentucky,32995,Texas A&M-Corpus Christi
4704078,2023,Themus Fulks,KEEP (bbref=Louisiana),31071,Louisiana,,
4704078,2023,Themus Fulks,DELETE (phantom),23635,UCF,31071,Louisiana
4704078,2024,Themus Fulks,KEEP (bbref=Louisiana),46670,Louisiana,,
4704078,2024,Themus Fulks,DELETE (phantom),23636,UCF,46670,Louisiana
4704078,2025,Themus Fulks,KEEP (bbref=Milwaukee),51800,Milwaukee,,
4704078,2025,Themus Fulks,DELETE (phantom),23637,UCF,51800,Milwaukee
4897957,2022,Theo Seng,UNRESOLVED (no bbref row),23641,Troy,,
4897957,2022,Theo Seng,UNRESOLVED (no bbref row),27825,Sacramento State,,
5106647,2023,Thierno Sylla,KEEP (bbref=UCF),33237,UCF,,
5106647,2023,Thierno Sylla,DELETE (phantom),23648,Memphis,33237,UCF
5106647,2024,Thierno Sylla,KEEP (bbref=UCF),48828,UCF,,
5106647,2024,Thierno Sylla,DELETE (phantom),23649,Memphis,48828,UCF
5106647,2025,Thierno Sylla,KEEP (bbref=Stephen F. Austin),53317,Stephen F. Austin,,
5106647,2025,Thierno Sylla,DELETE (phantom),23650,Memphis,53317,Stephen F. Austin
5175014,2024,Thomas Ndong,KEEP (bbref=Oregon State),47708,Oregon State,,
5175014,2024,Thomas Ndong,DELETE (phantom),23665,California Baptist,47708,Oregon State
5175014,2025,Thomas Ndong,UNRESOLVED (no bbref row),52516,Oregon State,,
5175014,2025,Thomas Ndong,UNRESOLVED (no bbref row),23666,California Baptist,,
5107805,2023,Thomas Tut,UNRESOLVED (no bbref row),23671,Jacksonville State,,
5107805,2023,Thomas Tut,UNRESOLVED (no bbref row),32473,Saint Peter's,,
5107805,2025,Thomas Tut,KEEP (bbref=Southeastern Louisiana),52814,Southeastern Louisiana,,
5107805,2025,Thomas Tut,DELETE (phantom),23673,Jacksonville State,52814,Southeastern Louisiana
5175392,2024,Tichyque Musaka,KEEP (bbref=Northern Arizona),47472,Northern Arizona,,
5175392,2024,Tichyque Musaka,DELETE (phantom),23676,Stephen F. Austin,47472,Northern Arizona
5177606,2025,Tidjiane Dioumassi,KEEP (bbref=Southern),53205,Southern,,
5177606,2025,Tidjiane Dioumassi,DELETE (phantom),23680,Western Carolina,53205,Southern
5239760,2025,Tim Moore Jr.,KEEP (bbref=NJIT),51991,NJIT,,
5239760,2025,Tim Moore Jr.,DELETE (phantom),23688,San Diego,51991,NJIT
62037,2013,Tim Williams,UNRESOLVED (no bbref row),62205,Saint Mary's,,
62037,2013,Tim Williams,UNRESOLVED (no bbref row),62237,Samford,,
5175660,2025,Titas Sargiunas,UNRESOLVED (no bbref row),50969,High Point,,
5175660,2025,Titas Sargiunas,UNRESOLVED (no bbref row),23703,Lipscomb,,
5105555,2023,Tobe Awaka,KEEP (bbref=Tennessee),32973,Tennessee,,
5105555,2023,Tobe Awaka,DELETE (phantom),23753,Arizona,32973,Tennessee
5105555,2024,Tobe Awaka,KEEP (bbref=Tennessee),48581,Tennessee,,
5105555,2024,Tobe Awaka,DELETE (phantom),23754,Arizona,48581,Tennessee
5106040,2023,Tobi Lawal,KEEP (bbref=Virginia Commonwealth),33504,Virginia Commonwealth,,
5106040,2023,Tobi Lawal,DELETE (phantom),23757,Virginia Tech,33504,Virginia Commonwealth
5106040,2024,Tobi Lawal,UNRESOLVED (no bbref row),23758,Virginia Tech,,
5106040,2024,Tobi Lawal,UNRESOLVED (no bbref row),49108,Virginia Commonwealth,,
5108777,2024,Toby Nnadozie,UNRESOLVED (no bbref row),46829,Maryland,,
5108777,2024,Toby Nnadozie,UNRESOLVED (no bbref row),23767,Jacksonville State,,
5108777,2025,Toby Nnadozie,KEEP (bbref=Coppin State),50270,Coppin State,,
5108777,2025,Toby Nnadozie,DELETE (phantom),23768,Jacksonville State,50270,Coppin State
5177298,2024,Todd Brogna,KEEP (bbref=Stonehill),48497,Stonehill,,
5177298,2024,Todd Brogna,DELETE (phantom),23775,Merrimack,48497,Stonehill
5177298,2025,Todd Brogna,KEEP (bbref=Stonehill),53339,Stonehill,,
5177298,2025,Todd Brogna,DELETE (phantom),23776,Merrimack,53339,Stonehill
5240972,2025,Todd Jones Jr.,KEEP (bbref=Portland),52597,Portland,,
5240972,2025,Todd Jones Jr.,DELETE (phantom),23778,Louisiana,52597,Portland
5176372,2024,Tom Beattie,KEEP (bbref=Hawaii),46166,Hawaii,,
5176372,2024,Tom Beattie,DELETE (phantom),23780,UC San Diego,46166,Hawaii
5176372,2025,Tom Beattie,UNRESOLVED (no bbref row),23781,UC San Diego,,
5176372,2025,Tom Beattie,UNRESOLVED (no bbref row),50944,Hawaii,,
4896557,2023,Tom House,KEEP (bbref=Florida State),30365,Florida State,,
4896557,2023,Tom House,DELETE (phantom),23783,Furman,30365,Florida State
5176134,2025,Tommy Humphries Jr.,UNRESOLVED (no bbref row),23801,William & Mary,,
5176134,2025,Tommy Humphries Jr.,UNRESOLVED (no bbref row),50749,Furman,,
4702226,2023,Toneari Lane,UNRESOLVED (no bbref row),33769,Winthrop,,
4702226,2023,Toneari Lane,UNRESOLVED (no bbref row),23805,San Diego,,
4702226,2025,Toneari Lane,UNRESOLVED (no bbref row),23807,San Diego,,
4702226,2025,Toneari Lane,UNRESOLVED (no bbref row),50842,Georgia State,,
5241001,2025,Tony Duckett,UNRESOLVED (no bbref row),23809,Saint Mary's,,
5241001,2025,Tony Duckett,UNRESOLVED (no bbref row),52989,San Diego,,
4702522,2023,Trae Broadnax,KEEP (bbref=South Carolina Upstate),32649,South Carolina Upstate,,
4702522,2023,Trae Broadnax,DELETE (phantom),23833,Rice,32649,South Carolina Upstate
4702522,2024,Trae Broadnax,UNRESOLVED (no bbref row),48301,South Carolina Upstate,,
4702522,2024,Trae Broadnax,UNRESOLVED (no bbref row),23834,Rice,,
4897337,2022,Trae English,KEEP (bbref=McNeese),26763,McNeese,,
4897337,2022,Trae English,DELETE (phantom),23837,Nicholls State,26763,McNeese
4897337,2023,Trae English,KEEP (bbref=McNeese),31257,McNeese,,
4897337,2023,Trae English,DELETE (phantom),23838,Nicholls State,31257,McNeese
5176783,2024,Traivar Jackson,KEEP (bbref=Tarleton State),48537,Tarleton State,,
5176783,2024,Traivar Jackson,DELETE (phantom),23842,Northern Arizona,48537,Tarleton State
5176783,2025,Traivar Jackson,UNRESOLVED (no bbref row),50909,Grand Canyon,,
5176783,2025,Traivar Jackson,UNRESOLVED (no bbref row),23843,Northern Arizona,,
4432243,2022,Tramon Mark,KEEP (bbref=Houston),36763,Houston,,
4432243,2022,Tramon Mark,DELETE (phantom),23845,Texas,36763,Houston
4432243,2024,Tramon Mark,UNRESOLVED (no bbref row),45000,Arkansas,,
4432243,2024,Tramon Mark,UNRESOLVED (no bbref row),23847,Texas,,
5177687,2025,Travis Gray,KEEP (bbref=Florida International),50689,Florida International,,
5177687,2025,Travis Gray,DELETE (phantom),23852,Wagner,50689,Florida International
4873100,2025,Travis Perry,KEEP (bbref=Kentucky),51324,Kentucky,,
4873100,2025,Travis Perry,DELETE (phantom),23856,Mississippi,51324,Kentucky
4684734,2023,Travis Roberts,UNRESOLVED (no bbref row),30866,Jacksonville State,,
4684734,2023,Travis Roberts,UNRESOLVED (no bbref row),23859,Alcorn State,,
4684734,2024,Travis Roberts,KEEP (bbref=Jacksonville State),46416,Jacksonville State,,
4684734,2024,Travis Roberts,DELETE (phantom),23860,Alcorn State,46416,Jacksonville State
4684734,2025,Travis Roberts,KEEP (bbref=Marist),51617,Marist,,
4684734,2025,Travis Roberts,DELETE (phantom),23861,Alcorn State,51617,Marist
4684289,2023,Tre Carroll,KEEP (bbref=Florida Atlantic),30308,Florida Atlantic,,
4684289,2023,Tre Carroll,DELETE (phantom),23870,Xavier,30308,Florida Atlantic
4684289,2024,Tre Carroll,KEEP (bbref=Florida Atlantic),45947,Florida Atlantic,,
4684289,2024,Tre Carroll,DELETE (phantom),23871,Xavier,45947,Florida Atlantic
4684289,2025,Tre Carroll,UNRESOLVED (no bbref row),50643,Florida Atlantic,,
4684289,2025,Tre Carroll,UNRESOLVED (no bbref row),23872,Xavier,,
5107176,2023,Tre Dinkins,UNRESOLVED (no bbref row),29706,Canisius,,
5107176,2023,Tre Dinkins,UNRESOLVED (no bbref row),23874,George Washington,,
5107176,2024,Tre Dinkins,KEEP (bbref=Canisius),45402,Canisius,,
5107176,2024,Tre Dinkins,DELETE (phantom),23875,George Washington,45402,Canisius
5107176,2025,Tre Dinkins,KEEP (bbref=Duquesne),50455,Duquesne,,
5107176,2025,Tre Dinkins,DELETE (phantom),23876,George Washington,50455,Duquesne
4837356,2023,Tre Donaldson,KEEP (bbref=Auburn),29344,Auburn,,
4837356,2023,Tre Donaldson,DELETE (phantom),23878,Miami (FL),29344,Auburn
4837356,2024,Tre Donaldson,UNRESOLVED (no bbref row),45070,Auburn,,
4837356,2024,Tre Donaldson,UNRESOLVED (no bbref row),23879,Miami (FL),,
5105816,2024,Tre Holloman,UNRESOLVED (no bbref row),23887,NC State,,
5105816,2024,Tre Holloman,UNRESOLVED (no bbref row),46961,Michigan State,,
5105643,2023,Tre White,KEEP (bbref=Southern California),33378,Southern California,,
5105643,2023,Tre White,DELETE (phantom),23894,Kansas,33378,Southern California
5105643,2024,Tre White,KEEP (bbref=Louisville),46694,Louisville,,
5105643,2024,Tre White,DELETE (phantom),23895,Kansas,46694,Louisville
5105643,2025,Tre White,KEEP (bbref=Illinois),51081,Illinois,,
5105643,2025,Tre White,DELETE (phantom),23896,Kansas,51081,Illinois
5176758,2024,Tre'Von Spillers,UNRESOLVED (no bbref row),44958,Appalachian State,,
5176758,2024,Tre'Von Spillers,UNRESOLVED (no bbref row),23906,Wake Forest,,
4712656,2022,Tre-Vaughn Minott,UNRESOLVED (no bbref row),23898,Portland State,,
4712656,2022,Tre-Vaughn Minott,UNRESOLVED (no bbref row),27999,South Carolina,,
4701187,2022,Trent Hudgens,KEEP (bbref=Northern Colorado),38011,Northern Colorado,,
4701187,2022,Trent Hudgens,DELETE (phantom),23920,South Dakota,38011,Northern Colorado
5176325,2024,Trent Johnson,KEEP (bbref=Idaho State),46248,Idaho State,,
5176325,2024,Trent Johnson,DELETE (phantom),23927,Houston Christian,46248,Idaho State
5176166,2024,Trent Middleton Jr.,UNRESOLVED (no bbref row),23930,North Carolina A&T,,
5176166,2024,Trent Middleton Jr.,UNRESOLVED (no bbref row),45113,Ball State,,
5176166,2025,Trent Middleton Jr.,KEEP (bbref=Delaware),50363,Delaware,,
5176166,2025,Trent Middleton Jr.,DELETE (phantom),23931,North Carolina A&T,50363,Delaware
5175675,2024,Trenton Walters,KEEP (bbref=Radford),47899,Radford,,
5175675,2024,Trenton Walters,DELETE (phantom),23945,Niagara,47899,Radford
5106590,2023,Trevon Blassingame,KEEP (bbref=FDU),30279,FDU,,
5106590,2023,Trevon Blassingame,DELETE (phantom),23952,Idaho,30279,FDU
4698719,2022,Trevon Brazile,KEEP (bbref=Missouri),26927,Missouri,,
4698719,2022,Trevon Brazile,DELETE (phantom),23956,Arkansas,26927,Missouri
4703411,2024,Trey Fort,UNRESOLVED (no bbref row),23989,Michigan State,,
4703411,2024,Trey Fort,UNRESOLVED (no bbref row),47036,Mississippi State,,
4703411,2025,Trey Fort,UNRESOLVED (no bbref row),23990,Michigan State,,
4703411,2025,Trey Fort,UNRESOLVED (no bbref row),52957,Samford,,
4711258,2024,Trey Green,KEEP (bbref=Xavier),23993,Xavier,,
4711258,2024,Trey Green,DELETE (phantom),23992,Saint Louis,23993,Xavier
4711258,2025,Trey Green,UNRESOLVED (no bbref row),23994,Saint Louis,,
4711258,2025,Trey Green,UNRESOLVED (no bbref row),23995,Xavier,,
4703893,2024,Trey Hall,UNRESOLVED (no bbref row),49079,Utah Tech,,
4703893,2024,Trey Hall,UNRESOLVED (no bbref row),23997,Maryland,,
5105966,2024,Trey Lewis,KEEP (bbref=Loyola (IL)),46717,Loyola (IL),,
5105966,2024,Trey Lewis,DELETE (phantom),24007,Western Michigan,46717,Loyola (IL)
5105966,2025,Trey Lewis,KEEP (bbref=Purdue Fort Wayne),52693,Purdue Fort Wayne,,
5105966,2025,Trey Lewis,DELETE (phantom),24008,Western Michigan,52693,Purdue Fort Wayne
5108892,2023,Trey Miller,KEEP (bbref=Incarnate Word),30763,Incarnate Word,,
5108892,2023,Trey Miller,DELETE (phantom),24011,Alabama State,30763,Incarnate Word
5108892,2024,Trey Miller,KEEP (bbref=Southern Illinois),48377,Southern Illinois,,
5108892,2024,Trey Miller,DELETE (phantom),24012,Alabama State,48377,Southern Illinois
5108892,2025,Trey Miller,KEEP (bbref=Texas-Rio Grande Valley),53890,Texas-Rio Grande Valley,,
5108892,2025,Trey Miller,DELETE (phantom),24013,Alabama State,53890,Texas-Rio Grande Valley
4708220,2022,Trey Moss,UNRESOLVED (no bbref row),28065,South Florida,,
4708220,2022,Trey Moss,UNRESOLVED (no bbref row),24015,George Washington,,
4708220,2023,Trey Moss,KEEP (bbref=South Florida),32694,South Florida,,
4708220,2023,Trey Moss,DELETE (phantom),24016,George Washington,32694,South Florida
4708220,2024,Trey Moss,KEEP (bbref=William & Mary),49359,William & Mary,,
4708220,2024,Trey Moss,DELETE (phantom),24017,George Washington,49359,William & Mary
5238170,2025,Trey Parker,KEEP (bbref=NC State),51982,NC State,,
5238170,2025,Trey Parker,DELETE (phantom),24020,Seton Hall,51982,NC State
4713885,2022,Trey Patterson,UNRESOLVED (no bbref row),39780,Villanova,,
4713885,2022,Trey Patterson,UNRESOLVED (no bbref row),24022,Rice,,
4713885,2023,Trey Patterson,KEEP (bbref=Villanova),33573,Villanova,,
4713885,2023,Trey Patterson,DELETE (phantom),24023,Rice,33573,Villanova
4897489,2022,Trey Woodyard,KEEP (bbref=Valparaiso),28786,Valparaiso,,
4897489,2022,Trey Woodyard,DELETE (phantom),24041,Vermont,28786,Valparaiso
4897489,2023,Trey Woodyard,KEEP (bbref=New Hampshire),31592,New Hampshire,,
4897489,2023,Trey Woodyard,DELETE (phantom),24042,Vermont,31592,New Hampshire
4897489,2024,Trey Woodyard,KEEP (bbref=New Hampshire),47253,New Hampshire,,
4897489,2024,Trey Woodyard,DELETE (phantom),24043,Vermont,47253,New Hampshire
4897489,2025,Trey Woodyard,KEEP (bbref=New Hampshire),52054,New Hampshire,,
4897489,2025,Trey Woodyard,DELETE (phantom),24044,Vermont,52054,New Hampshire
5107287,2023,Treysen Eaglestaff,KEEP (bbref=North Dakota),31744,North Dakota,,
5107287,2023,Treysen Eaglestaff,DELETE (phantom),24046,West Virginia,31744,North Dakota
5107287,2024,Treysen Eaglestaff,KEEP (bbref=North Dakota),47401,North Dakota,,
5107287,2024,Treysen Eaglestaff,DELETE (phantom),24047,West Virginia,47401,North Dakota
5107287,2025,Treysen Eaglestaff,KEEP (bbref=North Dakota),52197,North Dakota,,
5107287,2025,Treysen Eaglestaff,DELETE (phantom),24048,West Virginia,52197,North Dakota
4845379,2024,Tristan Gross,KEEP (bbref=Stetson),48481,Stetson,,
4845379,2024,Tristan Gross,DELETE (phantom),24054,Mercer,48481,Stetson
4845379,2025,Tristan Gross,KEEP (bbref=Stetson),53328,Stetson,,
4845379,2025,Tristan Gross,DELETE (phantom),24055,Mercer,53328,Stetson
5108778,2024,Troy Hupstead,UNRESOLVED (no bbref row),46822,Maryland,,
5108778,2024,Troy Hupstead,UNRESOLVED (no bbref row),24074,Texas Southern,,
5108778,2025,Troy Hupstead,UNRESOLVED (no bbref row),53870,UT Arlington,,
5108778,2025,Troy Hupstead,UNRESOLVED (no bbref row),24075,Texas Southern,,
4845368,2024,Tru Washington,KEEP (bbref=New Mexico),47268,New Mexico,,
4845368,2024,Tru Washington,DELETE (phantom),24078,Miami (FL),47268,New Mexico
4845368,2025,Tru Washington,KEEP (bbref=New Mexico),52066,New Mexico,,
4845368,2025,Tru Washington,DELETE (phantom),24079,Miami (FL),52066,New Mexico
4703804,2024,Truth Harris,KEEP (bbref=Radford),47897,Radford,,
4703804,2024,Truth Harris,DELETE (phantom),24083,La Salle,47897,Radford
4703804,2025,Truth Harris,KEEP (bbref=Radford),52713,Radford,,
4703804,2025,Truth Harris,DELETE (phantom),24084,La Salle,52713,Radford
5174642,2025,Tsvet Sotirov,KEEP (bbref=Northern Illinois),52292,Northern Illinois,,
5174642,2025,Tsvet Sotirov,DELETE (phantom),24087,Georgia Southern,52292,Northern Illinois
5175860,2024,Tucker Anderson,KEEP (bbref=Central Arkansas),45415,Central Arkansas,,
5175860,2024,Tucker Anderson,DELETE (phantom),24092,Utah State,45415,Central Arkansas
4837238,2022,Tucker DeVries,UNRESOLVED (no bbref row),36167,Drake,,
4837238,2022,Tucker DeVries,UNRESOLVED (no bbref row),24095,Indiana,,
4837238,2023,Tucker DeVries,KEEP (bbref=Drake),30093,Drake,,
4837238,2023,Tucker DeVries,DELETE (phantom),24096,Indiana,30093,Drake
4837238,2025,Tucker DeVries,KEEP (bbref=West Virginia),54119,West Virginia,,
4837238,2025,Tucker DeVries,DELETE (phantom),24098,Indiana,54119,West Virginia
5174608,2024,Tunde Vahlberg Fasasi,KEEP (bbref=La Salle),46526,La Salle,,
5174608,2024,Tunde Vahlberg Fasasi,DELETE (phantom),24101,William & Mary,46526,La Salle
5174608,2025,Tunde Vahlberg Fasasi,KEEP (bbref=La Salle),51350,La Salle,,
5174608,2025,Tunde Vahlberg Fasasi,DELETE (phantom),24102,William & Mary,51350,La Salle
4896453,2022,Tuongthach Gatkek,UNRESOLVED (no bbref row),25894,Florida,,
4896453,2022,Tuongthach Gatkek,UNRESOLVED (no bbref row),24104,Little Rock,,
4896453,2023,Tuongthach Gatkek,KEEP (bbref=Texas State),33041,Texas State,,
4896453,2023,Tuongthach Gatkek,DELETE (phantom),24105,Little Rock,33041,Texas State
4683748,2022,Ty Harper,KEEP (bbref=Louisiana),26610,Louisiana,,
4683748,2022,Ty Harper,DELETE (phantom),24122,Oral Roberts,26610,Louisiana
4683748,2023,Ty Harper,KEEP (bbref=Eastern Washington),30230,Eastern Washington,,
4683748,2023,Ty Harper,DELETE (phantom),24123,Oral Roberts,30230,Eastern Washington
4683748,2025,Ty Harper,KEEP (bbref=Youngstown State),54302,Youngstown State,,
4683748,2025,Ty Harper,DELETE (phantom),24125,Oral Roberts,54302,Youngstown State
4845369,2024,Ty-Laur Johnson,KEEP (bbref=Louisville),46696,Louisville,,
4845369,2024,Ty-Laur Johnson,DELETE (phantom),24138,San Diego,46696,Louisville
4845369,2025,Ty-Laur Johnson,KEEP (bbref=Wake Forest),54060,Wake Forest,,
4845369,2025,Ty-Laur Johnson,DELETE (phantom),24139,San Diego,54060,Wake Forest
5108120,2023,Tyeree Bryan,UNRESOLVED (no bbref row),29773,Charleston Southern,,
5108120,2023,Tyeree Bryan,UNRESOLVED (no bbref row),24148,Texas Tech,,
5108120,2024,Tyeree Bryan,KEEP (bbref=Santa Clara),48220,Santa Clara,,
5108120,2024,Tyeree Bryan,DELETE (phantom),24149,Texas Tech,48220,Santa Clara
5108120,2025,Tyeree Bryan,KEEP (bbref=Santa Clara),53036,Santa Clara,,
5108120,2025,Tyeree Bryan,DELETE (phantom),24150,Texas Tech,53036,Santa Clara
5178210,2024,Tylen Riley,KEEP (bbref=California Baptist),45367,California Baptist,,
5178210,2024,Tylen Riley,DELETE (phantom),24153,Tulsa,45367,California Baptist
5178210,2025,Tylen Riley,KEEP (bbref=California Baptist),50006,California Baptist,,
5178210,2025,Tylen Riley,DELETE (phantom),24154,Tulsa,50006,California Baptist
5109034,2023,Tyler Andrews,KEEP (bbref=Kansas City),30892,Kansas City,,
5109034,2023,Tyler Andrews,DELETE (phantom),24156,Bethune-Cookman,30892,Kansas City
5109034,2024,Tyler Andrews,KEEP (bbref=Kansas City),46427,Kansas City,,
5109034,2024,Tyler Andrews,DELETE (phantom),24157,Bethune-Cookman,46427,Kansas City
5109034,2025,Tyler Andrews,UNRESOLVED (no bbref row),50531,Eastern Kentucky,,
5109034,2025,Tyler Andrews,UNRESOLVED (no bbref row),24158,Bethune-Cookman,,
5105626,2023,Tyler Bilodeau,KEEP (bbref=Oregon State),32050,Oregon State,,
5105626,2023,Tyler Bilodeau,DELETE (phantom),24165,UCLA,32050,Oregon State
5105626,2024,Tyler Bilodeau,KEEP (bbref=Oregon State),47699,Oregon State,,
5105626,2024,Tyler Bilodeau,DELETE (phantom),24166,UCLA,47699,Oregon State
56403,2012,Tyler Brown,KEEP (bbref=Hawaii),55693,Hawaii,,
56403,2012,Tyler Brown,DELETE (phantom),55828,Illinois State,55693,Hawaii
4431930,2022,Tyler Cochran,KEEP (bbref=Ball State),25078,Ball State,,
4431930,2022,Tyler Cochran,DELETE (phantom),24172,Rhode Island,25078,Ball State
4431930,2023,Tyler Cochran,UNRESOLVED (no bbref row),33079,Toledo,,
4431930,2023,Tyler Cochran,UNRESOLVED (no bbref row),24173,Rhode Island,,
4431930,2024,Tyler Cochran,KEEP (bbref=Toledo),48659,Toledo,,
4431930,2024,Tyler Cochran,DELETE (phantom),24174,Rhode Island,48659,Toledo
4593721,2024,Tyler Harris,KEEP (bbref=Richmond),47944,Richmond,,
4593721,2024,Tyler Harris,DELETE (phantom),24185,Vanderbilt,47944,Richmond
5176497,2025,Tyler Harris,KEEP (bbref=Washington),54069,Washington,,
5176497,2025,Tyler Harris,DELETE (phantom),24186,Vanderbilt,54069,Washington
4838703,2024,Tyler Hendricks,KEEP (bbref=UCF),48830,UCF,,
4838703,2024,Tyler Hendricks,DELETE (phantom),24188,Utah Valley,48830,UCF
5107353,2023,Tyler Houser,KEEP (bbref=VMI),33510,VMI,,
5107353,2023,Tyler Houser,DELETE (phantom),24191,Delaware,33510,VMI
5106313,2024,Tyler Isaak,KEEP (bbref=California Baptist),45372,California Baptist,,
5106313,2024,Tyler Isaak,DELETE (phantom),24195,Montana,45372,California Baptist
5105650,2023,Tyler Linhardt,UNRESOLVED (no bbref row),33639,Washington,,
5105650,2023,Tyler Linhardt,UNRESOLVED (no bbref row),24206,Idaho,,
4683944,2023,Tyler Lundblade,KEEP (bbref=Texas Christian),32903,Texas Christian,,
4683944,2023,Tyler Lundblade,DELETE (phantom),24209,Belmont,32903,Texas Christian
5178892,2024,Tyler Mack,UNRESOLVED (no bbref row),46828,Maryland,,
5178892,2024,Tyler Mack,UNRESOLVED (no bbref row),24213,Alabama State,,
5176299,2024,Tyler Mrus,UNRESOLVED (no bbref row),46256,Idaho,,
5176299,2024,Tyler Mrus,UNRESOLVED (no bbref row),24220,Brigham Young,,
5176299,2025,Tyler Mrus,KEEP (bbref=Idaho),51065,Idaho,,
5176299,2025,Tyler Mrus,DELETE (phantom),24221,Brigham Young,51065,Idaho
4838721,2023,Tyler Nickel,KEEP (bbref=North Carolina),31731,North Carolina,,
4838721,2023,Tyler Nickel,DELETE (phantom),24223,Vanderbilt,31731,North Carolina
4838721,2024,Tyler Nickel,UNRESOLVED (no bbref row),24224,Vanderbilt,,
4838721,2024,Tyler Nickel,UNRESOLVED (no bbref row),49200,Virginia Tech,,
5182412,2024,Tyler Perkins,KEEP (bbref=Pennsylvania),47742,Pennsylvania,,
5182412,2024,Tyler Perkins,DELETE (phantom),24229,Villanova,47742,Pennsylvania
4684146,2022,Tyler Powell,UNRESOLVED (no bbref row),24232,Eastern Washington,,
4684146,2022,Tyler Powell,UNRESOLVED (no bbref row),27955,Seton Hall,,
4684146,2023,Tyler Powell,KEEP (bbref=Nevada),31579,Nevada,,
4684146,2023,Tyler Powell,DELETE (phantom),24233,Eastern Washington,31579,Nevada
4707808,2025,Tyler Schmidt,KEEP (bbref=Valparaiso),54004,Valparaiso,,
4707808,2025,Tyler Schmidt,DELETE (phantom),24244,Towson,54004,Valparaiso
4897175,2022,Tyler Shirley,UNRESOLVED (no bbref row),27981,South Alabama,,
4897175,2022,Tyler Shirley,UNRESOLVED (no bbref row),24246,Florida A&M,,
4897175,2023,Tyler Shirley,UNRESOLVED (no bbref row),32632,South Alabama,,
4897175,2023,Tyler Shirley,UNRESOLVED (no bbref row),24247,Florida A&M,,
4683939,2022,Tyler Simon,KEEP (bbref=Harvard),26183,Harvard,,
4683939,2022,Tyler Simon,DELETE (phantom),24251,Incarnate Word,26183,Harvard
4683939,2023,Tyler Simon,KEEP (bbref=Harvard),30586,Harvard,,
4683939,2023,Tyler Simon,DELETE (phantom),24252,Incarnate Word,30586,Harvard
4683939,2024,Tyler Simon,KEEP (bbref=Harvard),46152,Harvard,,
4683939,2024,Tyler Simon,DELETE (phantom),24253,Incarnate Word,46152,Harvard
4700527,2022,Tyon Grant-Foster,KEEP (bbref=DePaul),25639,DePaul,,
4700527,2022,Tyon Grant-Foster,DELETE (phantom),24267,Gonzaga,25639,DePaul
4700527,2024,Tyon Grant-Foster,KEEP (bbref=Grand Canyon),46104,Grand Canyon,,
4700527,2024,Tyon Grant-Foster,DELETE (phantom),24269,Gonzaga,46104,Grand Canyon
4700527,2025,Tyon Grant-Foster,KEEP (bbref=Grand Canyon),50898,Grand Canyon,,
4700527,2025,Tyon Grant-Foster,DELETE (phantom),24270,Gonzaga,50898,Grand Canyon
5239660,2025,Tyonne Farrell,KEEP (bbref=Rhode Island),52731,Rhode Island,,
5239660,2025,Tyonne Farrell,DELETE (phantom),24272,Morehead State,52731,Rhode Island
5176331,2024,Tyran Cook,UNRESOLVED (no bbref row),49117,VMI,,
5176331,2024,Tyran Cook,UNRESOLVED (no bbref row),24274,Western Illinois,,
5176331,2025,Tyran Cook,KEEP (bbref=Indiana State),51141,Indiana State,,
5176331,2025,Tyran Cook,DELETE (phantom),24275,Western Illinois,51141,Indiana State
5240285,2025,Tyran Mason,UNRESOLVED (no bbref row),52241,North Texas,,
5240285,2025,Tyran Mason,UNRESOLVED (no bbref row),24277,UT Arlington,,
5176747,2024,Tyreese Watson,KEEP (bbref=Louisiana-Monroe),48880,Louisiana-Monroe,,
5176747,2024,Tyreese Watson,DELETE (phantom),24279,UTEP,48880,Louisiana-Monroe
5176747,2025,Tyreese Watson,KEEP (bbref=Louisiana-Monroe),53745,Louisiana-Monroe,,
5176747,2025,Tyreese Watson,DELETE (phantom),24280,UTEP,53745,Louisiana-Monroe
4684733,2023,Tyrell Ward,KEEP (bbref=Louisiana State),30947,Louisiana State,,
4684733,2023,Tyrell Ward,DELETE (phantom),24282,Virginia Commonwealth,30947,Louisiana State
4684733,2024,Tyrell Ward,KEEP (bbref=Louisiana State),46509,Louisiana State,,
4684733,2024,Tyrell Ward,DELETE (phantom),24283,Virginia Commonwealth,46509,Louisiana State
5107226,2025,Tyren Moore,KEEP (bbref=UAB),53613,UAB,,
5107226,2025,Tyren Moore,DELETE (phantom),24288,Georgia Southern,53613,UAB
5106841,2023,Tyrone Marshall Jr.,KEEP (bbref=Western Kentucky),33719,Western Kentucky,,
5106841,2023,Tyrone Marshall Jr.,DELETE (phantom),24294,George Washington,33719,Western Kentucky
5106841,2024,Tyrone Marshall Jr.,KEEP (bbref=Western Kentucky),49322,Western Kentucky,,
5106841,2024,Tyrone Marshall Jr.,DELETE (phantom),24295,George Washington,49322,Western Kentucky
5106841,2025,Tyrone Marshall Jr.,UNRESOLVED (no bbref row),54148,Western Kentucky,,
5106841,2025,Tyrone Marshall Jr.,UNRESOLVED (no bbref row),24296,George Washington,,
5175726,2024,Tyshawn Archie,KEEP (bbref=Tulsa),48717,Tulsa,,
5175726,2024,Tyshawn Archie,DELETE (phantom),24300,McNeese,48717,Tulsa
5175726,2025,Tyshawn Archie,KEEP (bbref=Tulsa),53594,Tulsa,,
5175726,2025,Tyshawn Archie,DELETE (phantom),24301,McNeese,53594,Tulsa
5174621,2024,Tyson Brown,KEEP (bbref=Rhode Island),47912,Rhode Island,,
5174621,2024,Tyson Brown,DELETE (phantom),24303,Radford,47912,Rhode Island
5174621,2025,Tyson Brown,UNRESOLVED (no bbref row),50830,Georgia Southern,,
5174621,2025,Tyson Brown,UNRESOLVED (no bbref row),24304,Radford,,
5243026,2025,Tyson Dunn,KEEP (bbref=Buffalo),49924,Buffalo,,
5243026,2025,Tyson Dunn,DELETE (phantom),24310,UC San Diego,49924,Buffalo
5177532,2024,Ubong Okon,UNRESOLVED (no bbref row),24311,Robert Morris,,
5177532,2024,Ubong Okon,UNRESOLVED (no bbref row),44921,Alabama State,,
5177532,2025,Ubong Okon,KEEP (bbref=Alabama State),49559,Alabama State,,
5177532,2025,Ubong Okon,DELETE (phantom),24312,Robert Morris,49559,Alabama State
5108048,2024,Ubong-Abasi Etim,KEEP (bbref=Central Arkansas),45422,Central Arkansas,,
5108048,2024,Ubong-Abasi Etim,DELETE (phantom),24315,Southeastern Louisiana,45422,Central Arkansas
5108048,2025,Ubong-Abasi Etim,KEEP (bbref=Central Arkansas),50068,Central Arkansas,,
5108048,2025,Ubong-Abasi Etim,DELETE (phantom),24316,Southeastern Louisiana,50068,Central Arkansas
5108721,2023,Ugnius Jarusevicius,UNRESOLVED (no bbref row),24319,Central Michigan,,
5108721,2023,Ugnius Jarusevicius,UNRESOLVED (no bbref row),24320,Nebraska,,
5108721,2023,Ugnius Jarusevicius,UNRESOLVED (no bbref row),29628,Cal State Bakersfield,,
5108721,2024,Ugnius Jarusevicius,KEEP (bbref=Cal State Bakersfield),45330,Cal State Bakersfield,,
5108721,2024,Ugnius Jarusevicius,DELETE (phantom),24321,Central Michigan,45330,Cal State Bakersfield
5108721,2024,Ugnius Jarusevicius,DELETE (phantom),24322,Nebraska,45330,Cal State Bakersfield
5108721,2025,Ugnius Jarusevicius,KEEP (bbref=Central Michigan),24323,Central Michigan,,
5108721,2025,Ugnius Jarusevicius,DELETE (phantom),24324,Nebraska,24323,Central Michigan
5037878,2023,Ugonna Onyenso,KEEP (bbref=Kentucky),30934,Kentucky,,
5037878,2023,Ugonna Onyenso,DELETE (phantom),24326,Virginia,30934,Kentucky
5037878,2024,Ugonna Onyenso,KEEP (bbref=Kentucky),46499,Kentucky,,
5037878,2024,Ugonna Onyenso,DELETE (phantom),24327,Virginia,46499,Kentucky
5037878,2025,Ugonna Onyenso,KEEP (bbref=Kansas State),51281,Kansas State,,
5037878,2025,Ugonna Onyenso,DELETE (phantom),24328,Virginia,51281,Kansas State
5106053,2023,Valentino Pinedo,KEEP (bbref=East Carolina),30162,East Carolina,,
5106053,2023,Valentino Pinedo,DELETE (phantom),24336,UNC Greensboro,30162,East Carolina
5106053,2024,Valentino Pinedo,KEEP (bbref=East Carolina),45795,East Carolina,,
5106053,2024,Valentino Pinedo,DELETE (phantom),24337,UNC Greensboro,45795,East Carolina
5106053,2025,Valentino Pinedo,KEEP (bbref=Saint Francis (PA)),52875,Saint Francis (PA),,
5106053,2025,Valentino Pinedo,DELETE (phantom),24338,UNC Greensboro,52875,Saint Francis (PA)
5176569,2024,Vasean Allette,KEEP (bbref=Old Dominion),47640,Old Dominion,,
5176569,2024,Vasean Allette,DELETE (phantom),24342,UTSA,47640,Old Dominion
5176569,2025,Vasean Allette,KEEP (bbref=Texas Christian),53380,Texas Christian,,
5176569,2025,Vasean Allette,DELETE (phantom),24343,UTSA,53380,Texas Christian
4897888,2022,Veljko Ilic,KEEP (bbref=Loyola (MD)),26660,Loyola (MD),,
4897888,2022,Veljko Ilic,DELETE (phantom),24347,Sam Houston,26660,Loyola (MD)
4897888,2023,Veljko Ilic,KEEP (bbref=Loyola (MD)),31130,Loyola (MD),,
4897888,2023,Veljko Ilic,DELETE (phantom),24348,Sam Houston,31130,Loyola (MD)
4897888,2025,Veljko Ilic,KEEP (bbref=Loyola (MD)),51557,Loyola (MD),,
4897888,2025,Veljko Ilic,DELETE (phantom),24350,Sam Houston,51557,Loyola (MD)
4684799,2023,Ven-Allen Lubin,KEEP (bbref=Notre Dame),31903,Notre Dame,,
4684799,2023,Ven-Allen Lubin,DELETE (phantom),24352,NC State,31903,Notre Dame
4684799,2024,Ven-Allen Lubin,UNRESOLVED (no bbref row),49144,Vanderbilt,,
4684799,2024,Ven-Allen Lubin,UNRESOLVED (no bbref row),24353,NC State,,
4684799,2025,Ven-Allen Lubin,KEEP (bbref=North Carolina),52187,North Carolina,,
4684799,2025,Ven-Allen Lubin,DELETE (phantom),24354,NC State,52187,North Carolina
5107172,2023,Vernon Collins,KEEP (bbref=Princeton),32195,Princeton,,
5107172,2023,Vernon Collins,DELETE (phantom),24359,Western Carolina,32195,Princeton
5107172,2024,Vernon Collins,KEEP (bbref=Princeton),47828,Princeton,,
5107172,2024,Vernon Collins,DELETE (phantom),24360,Western Carolina,47828,Princeton
5242117,2025,Vianney Salatchoum,UNRESOLVED (no bbref row),50683,Florida International,,
5242117,2025,Vianney Salatchoum,UNRESOLVED (no bbref row),24363,Texas Christian,,
5175375,2024,Vice Zanki,UNRESOLVED (no bbref row),45865,Eastern Washington,,
5175375,2024,Vice Zanki,UNRESOLVED (no bbref row),24365,Niagara,,
5175375,2025,Vice Zanki,KEEP (bbref=Eastern Washington),50558,Eastern Washington,,
5175375,2025,Vice Zanki,DELETE (phantom),24366,Niagara,50558,Eastern Washington
5108105,2023,Victor Panov,KEEP (bbref=Cal State Fullerton),29643,Cal State Fullerton,,
5108105,2023,Victor Panov,DELETE (phantom),24368,Drexel,29643,Cal State Fullerton
5176529,2024,Villiam Garcia Adsten,KEEP (bbref=Pacific),47724,Pacific,,
5176529,2024,Villiam Garcia Adsten,DELETE (phantom),24384,Drexel,47724,Pacific
5105641,2023,Vince Iwuchukwu,KEEP (bbref=Southern California),33380,Southern California,,
5105641,2023,Vince Iwuchukwu,DELETE (phantom),24389,Georgetown,33380,Southern California
5105641,2024,Vince Iwuchukwu,KEEP (bbref=Southern California),48978,Southern California,,
5105641,2024,Vince Iwuchukwu,DELETE (phantom),24390,Georgetown,48978,Southern California
5105641,2025,Vince Iwuchukwu,UNRESOLVED (no bbref row),53273,St. John's (NY),,
5105641,2025,Vince Iwuchukwu,UNRESOLVED (no bbref row),24391,Georgetown,,
5106755,2023,Vincent Brady II,UNRESOLVED (no bbref row),30692,IU Indy,,
5106755,2023,Vincent Brady II,UNRESOLVED (no bbref row),24393,High Point,,
5106755,2024,Vincent Brady II,KEEP (bbref=IU Indy),46229,IU Indy,,
5106755,2024,Vincent Brady II,DELETE (phantom),24394,High Point,46229,IU Indy
5106755,2025,Vincent Brady II,KEEP (bbref=Missouri State),51861,Missouri State,,
5106755,2025,Vincent Brady II,DELETE (phantom),24395,High Point,51861,Missouri State
5176494,2025,Vincent Delano,KEEP (bbref=Portland),52592,Portland,,
5176494,2025,Vincent Delano,DELETE (phantom),24397,Northern Colorado,52592,Portland
5107219,2023,Vinny Sigona,KEEP (bbref=Louisiana),31077,Louisiana,,
5107219,2023,Vinny Sigona,DELETE (phantom),24403,East Texas A&M,31077,Louisiana
5107154,2024,Vlad Salaridze,KEEP (bbref=UC Riverside),48785,UC Riverside,,
5107154,2024,Vlad Salaridze,DELETE (phantom),24409,Youngstown State,48785,UC Riverside
5107154,2025,Vlad Salaridze,KEEP (bbref=Tennessee-Martin),53876,Tennessee-Martin,,
5107154,2025,Vlad Salaridze,DELETE (phantom),24410,Youngstown State,53876,Tennessee-Martin
5175024,2024,Vladimir Pavlovic,KEEP (bbref=California),45384,California,,
5175024,2024,Vladimir Pavlovic,DELETE (phantom),24413,Mercyhurst,45384,California
5175024,2025,Vladimir Pavlovic,UNRESOLVED (no bbref row),24414,Mercyhurst,,
5175024,2025,Vladimir Pavlovic,UNRESOLVED (no bbref row),50028,California,,
4702764,2022,Vukasin Masic,KEEP (bbref=Maine),37284,Maine,,
4702764,2022,Vukasin Masic,DELETE (phantom),24418,San Francisco,37284,Maine
4702764,2024,Vukasin Masic,KEEP (bbref=Portland),47769,Portland,,
4702764,2024,Vukasin Masic,DELETE (phantom),24420,San Francisco,47769,Portland
4702764,2025,Vukasin Masic,KEEP (bbref=Portland),52589,Portland,,
4702764,2025,Vukasin Masic,DELETE (phantom),24421,San Francisco,52589,Portland
5238208,2025,Vyctorius Miller,KEEP (bbref=Louisiana State),51332,Louisiana State,,
5238208,2025,Vyctorius Miller,DELETE (phantom),24424,Oklahoma State,51332,Louisiana State
5174671,2025,Waka Mbatch,KEEP (bbref=Florida State),50709,Florida State,,
5174671,2025,Waka Mbatch,DELETE (phantom),24428,Montana State,50709,Florida State
5110002,2023,Walter Peggs Jr.,KEEP (bbref=Tennessee Tech),32957,Tennessee Tech,,
5110002,2023,Walter Peggs Jr.,DELETE (phantom),24439,Morgan State,32957,Tennessee Tech
4897008,2022,Wes Peterson Jr.,UNRESOLVED (no bbref row),25659,Delaware,,
4897008,2022,Wes Peterson Jr.,UNRESOLVED (no bbref row),24449,Binghamton,,
4897008,2023,Wes Peterson Jr.,KEEP (bbref=Delaware),30053,Delaware,,
4897008,2023,Wes Peterson Jr.,DELETE (phantom),24450,Binghamton,30053,Delaware
4897008,2024,Wes Peterson Jr.,KEEP (bbref=Delaware),45722,Delaware,,
4897008,2024,Wes Peterson Jr.,DELETE (phantom),24451,Binghamton,45722,Delaware
4869737,2025,Wesley Yates III,KEEP (bbref=Southern California),53845,Southern California,,
4869737,2025,Wesley Yates III,DELETE (phantom),24457,Washington,53845,Southern California
5105646,2023,Wilguens Jr. Exacte,UNRESOLVED (no bbref row),24466,Drake,,
5105646,2023,Wilguens Jr. Exacte,UNRESOLVED (no bbref row),33486,Utah,,
5105646,2025,Wilguens Jr. Exacte,KEEP (bbref=Bowling Green),49860,Bowling Green,,
5105646,2025,Wilguens Jr. Exacte,DELETE (phantom),24468,Drake,49860,Bowling Green
4433600,2022,Wilhelm Breidenbach,KEEP (bbref=Nebraska),27043,Nebraska,,
4433600,2022,Wilhelm Breidenbach,DELETE (phantom),24470,Grand Canyon,27043,Nebraska
4433600,2023,Wilhelm Breidenbach,KEEP (bbref=Nebraska),31565,Nebraska,,
4433600,2023,Wilhelm Breidenbach,DELETE (phantom),24471,Grand Canyon,31565,Nebraska
4433600,2024,Wilhelm Breidenbach,KEEP (bbref=Washington),49244,Washington,,
4433600,2024,Wilhelm Breidenbach,DELETE (phantom),24472,Grand Canyon,49244,Washington
4433600,2025,Wilhelm Breidenbach,KEEP (bbref=Washington),54075,Washington,,
4433600,2025,Wilhelm Breidenbach,DELETE (phantom),24473,Grand Canyon,54075,Washington
5105857,2024,Will Berg,KEEP (bbref=Purdue),47855,Purdue,,
5105857,2024,Will Berg,DELETE (phantom),24482,Wichita State,47855,Purdue
5105857,2025,Will Berg,KEEP (bbref=Purdue),52681,Purdue,,
5105857,2025,Will Berg,DELETE (phantom),24483,Wichita State,52681,Purdue
5248172,2025,Will Cooper,KEEP (bbref=Air Force),49492,Air Force,,
5248172,2025,Will Cooper,DELETE (phantom),24485,Nebraska,49492,Air Force
4701841,2022,Will Jeffress,UNRESOLVED (no bbref row),24497,Louisiana Tech,,
4701841,2022,Will Jeffress,UNRESOLVED (no bbref row),27541,Pittsburgh,,
4701841,2024,Will Jeffress,KEEP (bbref=Pittsburgh),47765,Pittsburgh,,
4701841,2024,Will Jeffress,DELETE (phantom),24499,Louisiana Tech,47765,Pittsburgh
5105481,2023,Will Johnston,UNRESOLVED (no bbref row),24502,Richmond,,
5105481,2023,Will Johnston,UNRESOLVED (no bbref row),33414,Texas-Rio Grande Valley,,
5105481,2024,Will Johnston,KEEP (bbref=Loyola Marymount),46739,Loyola Marymount,,
5105481,2024,Will Johnston,DELETE (phantom),24503,Richmond,46739,Loyola Marymount
5105481,2025,Will Johnston,KEEP (bbref=Loyola Marymount),51570,Loyola Marymount,,
5105481,2025,Will Johnston,DELETE (phantom),24504,Richmond,51570,Loyola Marymount
5174953,2025,Will Kuykendall,UNRESOLVED (no bbref row),49642,Arizona,,
5174953,2025,Will Kuykendall,UNRESOLVED (no bbref row),24507,Baylor,,
4433275,2023,Will McClendon,KEEP (bbref=UCLA),33251,UCLA,,
4433275,2023,Will McClendon,DELETE (phantom),24515,North Texas,33251,UCLA
4433275,2024,Will McClendon,KEEP (bbref=UCLA),48843,UCLA,,
4433275,2024,Will McClendon,DELETE (phantom),24516,North Texas,48843,UCLA
4433275,2025,Will McClendon,KEEP (bbref=San Jose State),53022,San Jose State,,
4433275,2025,Will McClendon,DELETE (phantom),24517,North Texas,53022,San Jose State
5105887,2023,Will Richardson,KEEP (bbref=Fordham),30377,Fordham,,
5105887,2023,Will Richardson,DELETE (phantom),24521,Albany (NY),30377,Fordham
5105887,2024,Will Richardson,KEEP (bbref=Fordham),45984,Fordham,,
5105887,2024,Will Richardson,DELETE (phantom),24522,Albany (NY),45984,Fordham
5105887,2025,Will Richardson,UNRESOLVED (no bbref row),50720,Fordham,,
5105887,2025,Will Richardson,UNRESOLVED (no bbref row),24523,Albany (NY),,
4684838,2023,Will Shaver,KEEP (bbref=North Carolina),31736,North Carolina,,
4684838,2023,Will Shaver,DELETE (phantom),24524,Samford,31736,North Carolina
4684838,2024,Will Shaver,KEEP (bbref=UAB),48736,UAB,,
4684838,2024,Will Shaver,DELETE (phantom),24525,Samford,48736,UAB
4684838,2025,Will Shaver,KEEP (bbref=UAB),53617,UAB,,
4684838,2025,Will Shaver,DELETE (phantom),24526,Samford,53617,UAB
5105675,2023,William Batchelder,KEEP (bbref=Holy Cross),30636,Holy Cross,,
5105675,2023,William Batchelder,DELETE (phantom),24540,Stonehill,30636,Holy Cross
5176255,2024,William Humer,KEEP (bbref=San Jose State),48209,San Jose State,,
5176255,2024,William Humer,DELETE (phantom),24547,Northern Colorado,48209,San Jose State
5107258,2023,William Kyle III,KEEP (bbref=South Dakota State),32677,South Dakota State,,
5107258,2023,William Kyle III,DELETE (phantom),24554,Syracuse,32677,South Dakota State
5107258,2024,William Kyle III,KEEP (bbref=South Dakota State),48328,South Dakota State,,
5107258,2024,William Kyle III,DELETE (phantom),24555,Syracuse,48328,South Dakota State
5107258,2025,William Kyle III,KEEP (bbref=UCLA),53717,UCLA,,
5107258,2025,William Kyle III,DELETE (phantom),24556,Syracuse,53717,UCLA
5177047,2025,William Whorton,KEEP (bbref=South Dakota State),53165,South Dakota State,,
5177047,2025,William Whorton,DELETE (phantom),24559,Memphis,53165,South Dakota State
5179092,2024,Wilson Dubinsky,UNRESOLVED (no bbref row),24563,Marshall,,
5179092,2024,Wilson Dubinsky,UNRESOLVED (no bbref row),48288,South Carolina State,,
5179092,2025,Wilson Dubinsky,KEEP (bbref=South Carolina State),53119,South Carolina State,,
5179092,2025,Wilson Dubinsky,DELETE (phantom),24564,Marshall,53119,South Carolina State
5107169,2023,Xaivian Lee,KEEP (bbref=Princeton),32190,Princeton,,
5107169,2023,Xaivian Lee,DELETE (phantom),24582,Florida,32190,Princeton
5107169,2024,Xaivian Lee,UNRESOLVED (no bbref row),24583,Florida,,
5107169,2024,Xaivian Lee,UNRESOLVED (no bbref row),47820,Princeton,,
5107169,2025,Xaivian Lee,UNRESOLVED (no bbref row),52638,Princeton,,
5107169,2025,Xaivian Lee,UNRESOLVED (no bbref row),24584,Florida,,
5108022,2023,Xavier Amos,KEEP (bbref=Northern Illinois),31837,Northern Illinois,,
5108022,2023,Xavier Amos,DELETE (phantom),24591,Loyola (IL),31837,Northern Illinois
5108022,2024,Xavier Amos,KEEP (bbref=Northern Illinois),47489,Northern Illinois,,
5108022,2024,Xavier Amos,DELETE (phantom),24592,Loyola (IL),47489,Northern Illinois
5108022,2025,Xavier Amos,UNRESOLVED (no bbref row),54221,Wisconsin,,
5108022,2025,Xavier Amos,UNRESOLVED (no bbref row),24593,Loyola (IL),,
4711304,2024,Xavier Booker,UNRESOLVED (no bbref row),46962,Michigan State,,
4711304,2024,Xavier Booker,UNRESOLVED (no bbref row),24595,UCLA,,
5107222,2023,Xavier Brown,KEEP (bbref=James Madison),30882,James Madison,,
5107222,2023,Xavier Brown,DELETE (phantom),24598,South Florida,30882,James Madison
5107222,2025,Xavier Brown,KEEP (bbref=James Madison),51231,James Madison,,
5107222,2025,Xavier Brown,DELETE (phantom),24600,South Florida,51231,James Madison
4702218,2022,Xavier Lipscomb,UNRESOLVED (no bbref row),24607,Mount St. Mary's,,
4702218,2022,Xavier Lipscomb,UNRESOLVED (no bbref row),27686,Radford,,
5181768,2024,Xinyi Li,KEEP (bbref=Manhattan),46775,Manhattan,,
5181768,2024,Xinyi Li,DELETE (phantom),24618,Long Island University,46775,Manhattan
4896367,2022,Xzavier Long,KEEP (bbref=Canisius),35775,Canisius,,
4896367,2022,Xzavier Long,DELETE (phantom),24621,Hampton,35775,Canisius
4896367,2023,Xzavier Long,UNRESOLVED (no bbref row),29705,Canisius,,
4896367,2023,Xzavier Long,UNRESOLVED (no bbref row),24622,Hampton,,
5174633,2024,Xzayvier Brown,KEEP (bbref=Saint Joseph's),48075,Saint Joseph's,,
5174633,2024,Xzayvier Brown,DELETE (phantom),24627,Oklahoma,48075,Saint Joseph's
5174633,2025,Xzayvier Brown,UNRESOLVED (no bbref row),24628,Oklahoma,,
5174633,2025,Xzayvier Brown,UNRESOLVED (no bbref row),52892,Saint Joseph's,,
5176771,2024,Yaak Yaak,KEEP (bbref=New Mexico State),34339,New Mexico State,,
5176771,2024,Yaak Yaak,DELETE (phantom),24631,Oregon State,34339,New Mexico State
4702598,2023,Yacine Toumi,UNRESOLVED (no bbref row),24634,Hawaii,,
4702598,2023,Yacine Toumi,UNRESOLVED (no bbref row),30249,Evansville,,
4702598,2024,Yacine Toumi,UNRESOLVED (no bbref row),45881,Evansville,,
4702598,2024,Yacine Toumi,UNRESOLVED (no bbref row),24635,Hawaii,,
4702598,2025,Yacine Toumi,KEEP (bbref=Seton Hall),53065,Seton Hall,,
4702598,2025,Yacine Toumi,DELETE (phantom),24636,Hawaii,53065,Seton Hall
4700880,2023,Yame Butler,KEEP (bbref=Drexel),30110,Drexel,,
4700880,2023,Yame Butler,DELETE (phantom),24639,Butler,30110,Drexel
4700880,2024,Yame Butler,KEEP (bbref=Drexel),45762,Drexel,,
4700880,2024,Yame Butler,DELETE (phantom),24640,Butler,45762,Drexel
4700880,2025,Yame Butler,KEEP (bbref=Drexel),50428,Drexel,,
4700880,2025,Yame Butler,DELETE (phantom),24641,Butler,50428,Drexel
5175745,2025,Yanis Bamba,UNRESOLVED (no bbref row),54183,Wichita State,,
5175745,2025,Yanis Bamba,UNRESOLVED (no bbref row),24646,Maine,,
5105988,2023,Yann Farell,KEEP (bbref=St. Bonaventure),32774,St. Bonaventure,,
5105988,2023,Yann Farell,DELETE (phantom),24649,Sacred Heart,32774,St. Bonaventure
5105988,2024,Yann Farell,UNRESOLVED (no bbref row),24650,Sacred Heart,,
5105988,2024,Yann Farell,UNRESOLVED (no bbref row),48411,St. Bonaventure,,
5105988,2025,Yann Farell,KEEP (bbref=East Carolina),50472,East Carolina,,
5105988,2025,Yann Farell,DELETE (phantom),24651,Sacred Heart,50472,East Carolina
5241493,2025,Yaphet Moundi,KEEP (bbref=Iona),51145,Iona,,
5241493,2025,Yaphet Moundi,DELETE (phantom),24653,San Jose State,51145,Iona
4898248,2022,Yassine Gharram,UNRESOLVED (no bbref row),29102,Yale,,
4898248,2022,Yassine Gharram,UNRESOLVED (no bbref row),24657,Pepperdine,,
4898248,2023,Yassine Gharram,UNRESOLVED (no bbref row),33851,Yale,,
4898248,2023,Yassine Gharram,UNRESOLVED (no bbref row),24658,Pepperdine,,
4898248,2024,Yassine Gharram,KEEP (bbref=Yale),49453,Yale,,
4898248,2024,Yassine Gharram,DELETE (phantom),24659,Pepperdine,49453,Yale
4898248,2025,Yassine Gharram,UNRESOLVED (no bbref row),24660,Pepperdine,,
4898248,2025,Yassine Gharram,UNRESOLVED (no bbref row),54291,Yale,,
5175737,2024,Yaxel Lendeborg,KEEP (bbref=UAB),48725,UAB,,
5175737,2024,Yaxel Lendeborg,DELETE (phantom),24661,Michigan,48725,UAB
5175737,2025,Yaxel Lendeborg,KEEP (bbref=UAB),53606,UAB,,
5175737,2025,Yaxel Lendeborg,DELETE (phantom),24662,Michigan,53606,UAB
4684461,2022,Yaya Keita,KEEP (bbref=Missouri),26931,Missouri,,
4684461,2022,Yaya Keita,DELETE (phantom),24664,Albany (NY),26931,Missouri
4684461,2023,Yaya Keita,KEEP (bbref=Oklahoma),31960,Oklahoma,,
4684461,2023,Yaya Keita,DELETE (phantom),24665,Albany (NY),31960,Oklahoma
4684461,2024,Yaya Keita,KEEP (bbref=Oklahoma),47623,Oklahoma,,
4684461,2024,Yaya Keita,DELETE (phantom),24666,Albany (NY),47623,Oklahoma
4869741,2023,Yohan Traore,KEEP (bbref=Auburn),29347,Auburn,,
4869741,2023,Yohan Traore,DELETE (phantom),24669,Butler,29347,Auburn
4869741,2024,Yohan Traore,KEEP (bbref=UC Santa Barbara),48806,UC Santa Barbara,,
4869741,2024,Yohan Traore,DELETE (phantom),24670,Butler,48806,UC Santa Barbara
4869741,2025,Yohan Traore,UNRESOLVED (no bbref row),52840,Southern Methodist,,
4869741,2025,Yohan Traore,UNRESOLVED (no bbref row),24671,Butler,,
5262456,2025,Yonatan Levy,KEEP (bbref=Green Bay),50915,Green Bay,,
5262456,2025,Yonatan Levy,DELETE (phantom),24674,Pepperdine,50915,Green Bay
5107178,2023,Youri Fritz,UNRESOLVED (no bbref row),24676,Northeastern,,
5107178,2023,Youri Fritz,UNRESOLVED (no bbref row),29710,Canisius,,
5107178,2024,Youri Fritz,KEEP (bbref=Canisius),45410,Canisius,,
5107178,2024,Youri Fritz,DELETE (phantom),24677,Northeastern,45410,Canisius
5102797,2024,Youssouf Singare,KEEP (bbref=Connecticut),48864,Connecticut,,
5102797,2024,Youssouf Singare,DELETE (phantom),24680,High Point,48864,Connecticut
5102797,2025,Youssouf Singare,KEEP (bbref=Connecticut),53731,Connecticut,,
5102797,2025,Youssouf Singare,DELETE (phantom),24681,High Point,53731,Connecticut
5108086,2024,Yuto Yamanouchi-Williams,UNRESOLVED (no bbref row),47772,Portland,,
5108086,2024,Yuto Yamanouchi-Williams,UNRESOLVED (no bbref row),24685,Oral Roberts,,
4898370,2023,Zaakir Williamson,KEEP (bbref=Buffalo),29593,Buffalo,,
4898370,2023,Zaakir Williamson,DELETE (phantom),24691,Saint Peter's,29593,Buffalo
4898370,2024,Zaakir Williamson,KEEP (bbref=Buffalo),45306,Buffalo,,
4898370,2024,Zaakir Williamson,DELETE (phantom),24692,Saint Peter's,45306,Buffalo
5179285,2024,Zach Bell,KEEP (bbref=Jacksonville),46399,Jacksonville,,
5179285,2024,Zach Bell,DELETE (phantom),24697,Southern Utah,46399,Jacksonville
5179285,2025,Zach Bell,KEEP (bbref=Jacksonville),51203,Jacksonville,,
5179285,2025,Zach Bell,DELETE (phantom),24698,Southern Utah,51203,Jacksonville
4683146,2022,Zach Clemence,KEEP (bbref=Kansas),26469,Kansas,,
4683146,2022,Zach Clemence,DELETE (phantom),24706,Texas A&M,26469,Kansas
4683146,2025,Zach Clemence,KEEP (bbref=Kansas),51267,Kansas,,
4683146,2025,Zach Clemence,DELETE (phantom),24709,Texas A&M,51267,Kansas
5105548,2025,Zach Davis,KEEP (bbref=South Carolina),53105,South Carolina,,
5105548,2025,Zach Davis,DELETE (phantom),24717,Memphis,53105,South Carolina
4896363,2023,Zach Keller,KEEP (bbref=Wake Forest),33623,Wake Forest,,
4896363,2023,Zach Keller,DELETE (phantom),24724,Utah State,33623,Wake Forest
4896363,2024,Zach Keller,UNRESOLVED (no bbref row),49230,Wake Forest,,
4896363,2024,Zach Keller,UNRESOLVED (no bbref row),24725,Utah State,,
4896363,2025,Zach Keller,UNRESOLVED (no bbref row),24726,Utah State,,
4896363,2025,Zach Keller,UNRESOLVED (no bbref row),53957,Utah,,
5176194,2025,Zach Lamey,KEEP (bbref=Lipscomb),51441,Lipscomb,,
5176194,2025,Zach Lamey,DELETE (phantom),24731,Samford,51441,Lipscomb
5177696,2025,Zack Davidson,KEEP (bbref=Montana),51916,Montana,,
5177696,2025,Zack Davidson,DELETE (phantom),24741,Northern Arizona,51916,Montana
5106750,2023,Zae Blake,KEEP (bbref=Green Bay),30553,Green Bay,,
5106750,2023,Zae Blake,DELETE (phantom),24744,Texas-Rio Grande Valley,30553,Green Bay
5106750,2023,Zae Blake,DELETE (phantom),24745,Wagner,30553,Green Bay
5106750,2025,Zae Blake,UNRESOLVED (no bbref row),24748,Texas-Rio Grande Valley,,
5106750,2025,Zae Blake,UNRESOLVED (no bbref row),24749,Wagner,,
4897951,2022,Zaire Williams,UNRESOLVED (no bbref row),24753,Mercer,,
4897951,2022,Zaire Williams,UNRESOLVED (no bbref row),24754,Wagner,,
4897951,2023,Zaire Williams,KEEP (bbref=Wagner),24756,Wagner,,
4897951,2023,Zaire Williams,DELETE (phantom),24755,Mercer,24756,Wagner
4897951,2024,Zaire Williams,UNRESOLVED (no bbref row),24757,Mercer,,
4897951,2024,Zaire Williams,UNRESOLVED (no bbref row),24758,Wagner,,
4897951,2025,Zaire Williams,KEEP (bbref=Wagner),24760,Wagner,,
4897951,2025,Zaire Williams,DELETE (phantom),24759,Mercer,24760,Wagner
5174601,2024,Zamoku Weluche-Ume,KEEP (bbref=George Washington),46033,George Washington,,
5174601,2024,Zamoku Weluche-Ume,DELETE (phantom),24763,North Carolina A&T,46033,George Washington
5174601,2025,Zamoku Weluche-Ume,UNRESOLVED (no bbref row),50798,George Washington,,
5174601,2025,Zamoku Weluche-Ume,UNRESOLVED (no bbref row),24764,North Carolina A&T,,
4897412,2023,Zander Yates,KEEP (bbref=Creighton),29976,Creighton,,
4897412,2023,Zander Yates,DELETE (phantom),24766,Liberty,29976,Creighton
4703526,2023,Zarique Nutter,KEEP (bbref=Northern Illinois),31831,Northern Illinois,,
4703526,2023,Zarique Nutter,DELETE (phantom),24775,Fordham,31831,Northern Illinois
4703526,2024,Zarique Nutter,KEEP (bbref=Northern Illinois),47488,Northern Illinois,,
4703526,2024,Zarique Nutter,DELETE (phantom),24776,Fordham,47488,Northern Illinois
4703526,2025,Zarique Nutter,UNRESOLVED (no bbref row),24777,Fordham,,
4703526,2025,Zarique Nutter,UNRESOLVED (no bbref row),50841,Georgia State,,
5242602,2025,Zawdie Jackson,KEEP (bbref=New Mexico State),52078,New Mexico State,,
5242602,2025,Zawdie Jackson,DELETE (phantom),24781,Florida International,52078,New Mexico State
4897548,2022,Zee Hamoda,KEEP (bbref=Utah State),28696,Utah State,,
4897548,2022,Zee Hamoda,DELETE (phantom),24788,Nicholls State,28696,Utah State
4897548,2023,Zee Hamoda,KEEP (bbref=Utah State),33460,Utah State,,
4897548,2023,Zee Hamoda,DELETE (phantom),24789,Nicholls State,33460,Utah State
4897548,2024,Zee Hamoda,KEEP (bbref=Sacramento State),48036,Sacramento State,,
4897548,2024,Zee Hamoda,DELETE (phantom),24790,Nicholls State,48036,Sacramento State
5107381,2023,Zeke Cook,UNRESOLVED (no bbref row),30838,Jackson State,,
5107381,2023,Zeke Cook,UNRESOLVED (no bbref row),24791,Louisiana,,
5107381,2024,Zeke Cook,KEEP (bbref=Jackson State),46382,Jackson State,,
5107381,2024,Zeke Cook,DELETE (phantom),24792,Louisiana,46382,Jackson State
4433577,2024,Zion Bethea,KEEP (bbref=Delaware),45720,Delaware,,
4433577,2024,Zion Bethea,DELETE (phantom),24803,Delaware State,45720,Delaware
4433577,2025,Zion Bethea,KEEP (bbref=Pepperdine),52565,Pepperdine,,
4433577,2025,Zion Bethea,DELETE (phantom),24804,Delaware State,52565,Pepperdine
5105581,2023,Zion Cruz,KEEP (bbref=DePaul),30036,DePaul,,
5105581,2023,Zion Cruz,DELETE (phantom),24806,Rider,30036,DePaul
4898334,2022,Zion Russell,UNRESOLVED (no bbref row),24813,Saint Francis (PA),,
4898334,2022,Zion Russell,UNRESOLVED (no bbref row),38026,Northern Illinois,,
4898334,2023,Zion Russell,KEEP (bbref=Northern Illinois),31836,Northern Illinois,,
4898334,2023,Zion Russell,DELETE (phantom),24814,Saint Francis (PA),31836,Northern Illinois
4898334,2024,Zion Russell,KEEP (bbref=Northern Illinois),47496,Northern Illinois,,
4898334,2024,Zion Russell,DELETE (phantom),24815,Saint Francis (PA),47496,Northern Illinois
4898334,2025,Zion Russell,KEEP (bbref=Niagara),52108,Niagara,,
4898334,2025,Zion Russell,DELETE (phantom),24816,Saint Francis (PA),52108,Niagara
5175067,2024,Zion Stanford,KEEP (bbref=Temple),48552,Temple,,
5175067,2024,Zion Stanford,DELETE (phantom),24820,Villanova,48552,Temple
5175067,2025,Zion Stanford,KEEP (bbref=Temple),53411,Temple,,
5175067,2025,Zion Stanford,DELETE (phantom),24821,Villanova,53411,Temple
5174665,2024,Zvonimir Ivisic,KEEP (bbref=Kentucky),46497,Kentucky,,
5174665,2024,Zvonimir Ivisic,DELETE (phantom),24834,Illinois,46497,Kentucky
