id,season_year,team,name,position,height,yr,ppg,rpg,apg,mpg,fgm,fga,fg_pct,tpm,tpa,tp_pct,ftm,fta,ft_pct,oreb,dreb,stl,blk,tovs,gp,tdc_grade
29117,2023,Air Force Falcons,J. Heidbreder,G,,,15.1,3.3,1.7,32.5,5.2,10.8,48.8,2.3,5.9,39.9,2.2,2.6,86.7,0.4,2.9,0.6,0.0,1.7,32.0,
29118,2023,Air Force Falcons,R. Petraitis,F,,,10.4,6.2,2.7,26.6,3.2,6.5,48.3,0.5,1.6,32.7,3.5,5.0,70.2,1.7,4.5,0.9,0.7,1.6,32.0,
29119,2023,Air Force Falcons,B. Becker,F,,,7.4,3.4,1.0,21.1,2.8,6.7,41.8,1.2,3.5,33.7,0.6,0.9,60.0,0.7,2.7,0.4,0.9,0.6,27.0,
29121,2023,Air Force Falcons,C. Vander Zwaag,G,,,7.2,2.2,1.5,21.2,2.5,5.2,48.5,1.3,3.2,41.6,0.9,1.0,90.6,0.6,1.7,0.6,0.3,0.7,32.0,
29122,2023,Air Force Falcons,E. Taylor,G,,,7.1,3.3,3.1,29.9,2.5,6.3,40.0,1.4,3.6,38.4,0.7,1.2,61.1,0.4,2.9,0.9,0.2,1.9,31.0,
29123,2023,Air Force Falcons,C. Green,F,,,6.5,2.8,1.5,19.3,2.5,4.8,51.8,0.3,1.0,29.2,1.3,2.1,62.0,0.6,2.1,0.7,1.4,1.5,24.0,
29124,2023,Air Force Falcons,J. Mills,G,,,4.7,2.1,2.6,23.2,1.8,4.1,43.5,0.5,1.5,30.2,0.7,1.0,65.5,0.7,1.4,0.4,0.1,1.1,28.0,
29126,2023,Air Force Falcons,N. Jackson,F,,,3.0,3.5,0.8,14.7,1.0,2.3,44.0,0.0,0.3,0.0,1.0,1.7,57.9,0.5,2.9,0.4,0.7,1.1,11.0,
29127,2023,Air Force Falcons,L. Moerman,C,,,3.0,4.5,1.8,20.0,1.2,3.5,35.7,0.5,1.8,28.6,0.0,0.0,0.0,1.0,3.5,0.5,1.5,0.3,4.0,
29128,2023,Air Force Falcons,C. Beasley,G,,,0.8,0.8,0.1,2.3,0.3,0.3,100.0,0.0,0.0,0.0,0.1,0.2,50.0,0.3,0.4,0.0,0.0,0.1,9.0,
29129,2023,Air Force Falcons,J. Murphy,G,,,0.2,0.1,0.2,3.3,0.1,1.1,10.0,0.0,0.8,0.0,0.0,0.0,0.0,0.0,0.1,0.1,0.0,0.3,9.0,
29130,2023,Air Force Falcons,B. Brown,G,,,0.1,0.1,0.1,2.4,0.0,0.3,0.0,0.0,0.3,0.0,0.1,0.6,25.0,0.0,0.1,0.4,0.1,0.1,7.0,
29132,2023,Air Force Falcons,K. Boylan,F,,,0.0,0.0,0.0,1.3,0.0,0.2,0.0,0.0,0.0,0.0,0.0,0.0,0.0,0.0,0.0,0.0,0.0,0.0,6.0,
29135,2023,Akron Zips,X. Castaneda,G,,,21.7,4.3,2.9,33.7,5.7,13.7,41.5,3.5,9.1,39.0,6.8,7.9,86.2,0.8,3.5,1.0,0.1,2.2,31.0,
29136,2023,Akron Zips,E. Freeman,F,,,16.8,11.2,1.9,31.0,6.7,10.8,61.6,0.0,0.1,33.3,3.5,5.6,61.6,3.2,8.0,0.6,1.2,2.1,33.0,
29138,2023,Akron Zips,S. Hunter,F,,,8.2,2.7,0.5,21.0,2.9,7.1,41.5,1.5,4.7,32.9,0.8,1.1,69.4,0.8,1.8,0.2,0.1,0.5,33.0,
29139,2023,Akron Zips,G. Tribble,G,,,6.3,2.8,2.3,28.7,2.3,5.8,39.7,0.0,0.4,8.3,1.7,2.2,75.7,0.9,1.9,0.8,0.3,1.3,32.0,
29142,2023,Akron Zips,G. Clarke,G,,,2.3,2.2,1.2,14.8,0.9,3.1,28.4,0.2,1.3,12.9,0.4,0.5,69.2,1.1,1.0,0.4,0.1,1.1,24.0,
29143,2023,Akron Zips,A. Lyles,F,,,2.0,0.9,0.1,4.5,0.7,1.4,51.3,0.0,0.0,0.0,0.6,1.0,60.7,0.6,0.3,0.3,0.3,0.3,28.0,
29147,2023,Alabama A&M Bulldogs,G. Hicks,G,,,12.8,4.0,1.7,31.9,4.6,10.6,43.9,2.0,5.0,40.3,1.5,2.3,66.7,0.8,3.2,1.6,0.1,1.4,31.0,
29151,2023,Alabama A&M Bulldogs,O. Peek,G,,,6.1,1.4,0.7,11.3,2.5,5.5,45.5,0.4,1.5,27.0,0.7,1.0,66.7,0.5,0.9,0.5,0.1,0.8,24.0,
29153,2023,Alabama A&M Bulldogs,L. Downey,G,,,5.8,1.8,0.6,16.2,1.9,4.3,44.1,1.2,2.8,41.8,0.8,1.3,62.8,0.7,1.1,0.4,0.1,1.2,33.0,
29154,2023,Alabama A&M Bulldogs,E. Williams,C,,,3.6,2.4,1.0,11.9,1.4,2.8,48.4,0.0,0.0,0.0,0.8,1.2,67.5,0.6,1.8,0.1,0.5,1.3,32.0,
29155,2023,Alabama A&M Bulldogs,A. Harvell,F,,,3.5,2.0,0.5,11.5,1.2,3.0,38.9,0.5,1.0,50.0,0.7,0.8,80.0,0.7,1.3,0.4,0.3,0.9,24.0,
29156,2023,Alabama A&M Bulldogs,J. Randall,G,,,3.1,1.0,0.2,6.0,1.1,2.5,45.6,0.1,0.5,18.2,0.7,1.1,68.0,0.4,0.6,0.1,0.0,0.3,23.0,
29158,2023,Alabama A&M Bulldogs,B. Powell,G,,,2.1,3.0,0.4,15.0,0.8,2.5,30.3,0.1,0.5,26.7,0.4,0.9,46.2,1.0,2.0,0.4,0.1,0.9,30.0,
29159,2023,Alabama A&M Bulldogs,W. Tavares,C,,,1.6,1.4,0.4,6.2,0.6,1.5,41.2,0.1,0.4,33.3,0.2,0.3,62.5,0.6,0.8,0.1,0.3,0.4,23.0,
29160,2023,Alabama A&M Bulldogs,E. Lee,G,,,1.4,1.4,0.5,9.1,0.5,1.5,34.0,0.0,0.3,0.0,0.4,1.0,34.4,0.5,0.9,0.5,0.1,0.4,31.0,
29161,2023,Alabama A&M Bulldogs,C. Blackwell,G,,,0.0,0.0,0.0,0.0,0.0,0.5,0.0,0.0,0.0,0.0,0.0,0.0,0.0,0.0,0.0,0.0,0.0,0.0,2.0,
29162,2023,Alabama A&M Bulldogs,D. Osborne,F,,,0.0,0.0,0.0,2.0,0.0,0.0,0.0,0.0,0.0,0.0,0.0,0.0,0.0,0.0,0.0,0.0,0.0,0.0,1.0,
29164,2023,Alabama Crimson Tide,M. Sears,G,,,12.5,3.5,2.6,29.8,3.7,9.1,40.6,1.9,5.4,34.5,3.3,3.9,84.7,0.7,2.8,1.2,0.1,1.9,37.0,
29167,2023,Alabama Crimson Tide,C. Bediako,C,,,6.4,6.0,0.6,20.8,2.9,4.4,65.9,0.0,0.2,0.0,0.6,1.7,35.5,2.7,3.3,0.6,1.8,0.8,37.0,
29169,2023,Alabama Crimson Tide,R. Griffen,G,,,5.9,2.6,0.7,15.8,1.9,5.3,36.5,1.1,3.7,30.1,0.9,1.2,73.3,0.8,1.8,0.6,0.2,0.8,37.0,
29171,2023,Alabama Crimson Tide,N. Gurley,F,,,4.9,3.1,0.6,15.4,1.8,3.9,47.3,0.7,2.1,31.5,0.6,0.8,76.9,0.9,2.2,0.3,0.5,0.9,34.0,
29172,2023,Alabama Crimson Tide,N. Pringle,F,,,3.5,3.1,0.2,8.1,1.4,1.6,84.7,0.0,0.0,0.0,0.7,1.5,47.3,1.0,2.1,0.2,0.4,0.5,36.0,
29175,2023,Alabama Crimson Tide,D. Heard,G,,,1.2,0.3,0.0,1.7,0.4,0.8,50.0,0.2,0.3,75.0,0.2,0.2,100.0,0.2,0.2,0.0,0.0,0.2,13.0,
29176,2023,Alabama Crimson Tide,A. Cottrell,G,,,0.6,0.1,0.0,1.6,0.2,0.5,42.9,0.1,0.4,33.3,0.0,0.0,0.0,0.0,0.1,0.1,0.0,0.1,14.0,
29177,2023,Alabama Crimson Tide,M. Scharnowski,F,,,0.0,0.7,0.0,1.7,0.0,0.0,0.0,0.0,0.0,0.0,0.0,0.0,0.0,0.3,0.3,0.0,0.0,0.0,3.0,
29178,2023,Alabama State Hornets,I. Range,G,,,14.0,3.7,1.2,35.3,5.3,12.5,42.0,2.3,5.4,42.7,1.1,1.4,78.8,0.7,3.1,1.3,0.3,2.5,23.0,
29179,2023,Alabama State Hornets,T. Madlock,G,,,11.2,6.1,2.9,33.1,3.9,10.9,35.9,0.8,3.0,26.9,2.6,3.7,70.4,1.5,4.5,1.4,0.4,1.7,31.0,
29181,2023,Alabama State Hornets,J. O'Neal,F,,,8.1,7.1,0.6,27.4,3.0,5.9,50.6,0.0,0.2,0.0,2.2,3.4,65.9,3.2,3.9,0.6,1.4,1.2,27.0,
29184,2023,Alabama State Hornets,E. Coleman,F,,,4.6,3.1,0.5,19.0,1.6,5.0,31.5,0.7,2.8,26.2,0.7,1.1,62.5,0.8,2.3,0.3,0.1,1.0,29.0,
29185,2023,Alabama State Hornets,A. Knox,G,,,4.1,1.2,1.0,18.1,1.5,5.7,27.0,0.4,2.2,17.9,0.6,0.7,88.9,0.5,0.8,0.5,0.3,1.2,13.0,
29189,2023,Alabama State Hornets,K. Parker,G,,,1.7,1.7,0.3,11.6,0.5,2.8,18.0,0.3,1.6,17.2,0.4,0.6,72.7,0.6,1.1,0.4,0.3,0.8,18.0,
29190,2023,Alabama State Hornets,D. Reed,F,,,1.6,1.6,0.2,7.8,0.7,1.8,39.1,0.0,0.0,0.0,0.2,0.5,50.0,0.5,1.2,0.0,0.2,0.2,13.0,
29192,2023,Alcorn State Braves,D. Brewton,G,,,12.0,3.7,1.7,25.7,4.2,10.5,40.3,0.6,2.5,25.4,3.0,3.6,81.6,1.1,2.6,1.1,0.0,1.9,27.0,
29193,2023,Alcorn State Braves,J. Kendall,F,,,11.1,6.7,0.5,21.9,4.4,8.9,49.0,0.0,0.1,0.0,2.4,3.6,66.3,3.4,3.3,0.8,0.4,1.4,29.0,
29194,2023,Alcorn State Braves,B. Joshua,G,,,11.0,3.9,4.2,32.1,3.9,10.3,37.7,0.7,3.0,23.9,2.5,3.5,71.8,0.6,3.3,1.7,0.1,2.9,31.0,
29195,2023,Alcorn State Braves,K. Montgomery,F,,,10.5,4.5,0.7,22.8,2.9,8.3,34.6,1.4,4.7,29.9,3.3,4.1,81.9,1.2,3.3,0.7,0.4,1.3,23.0,
29196,2023,Alcorn State Braves,D. Thorn,G,,,9.0,3.2,1.0,27.0,3.0,7.5,40.6,1.6,4.5,35.6,1.3,1.5,84.8,0.7,2.5,1.1,0.1,1.1,30.0,
29197,2023,Alcorn State Braves,D. McQuarter,F,,,6.9,4.1,0.7,25.1,2.7,5.8,46.4,0.0,0.3,12.5,1.5,2.3,63.2,1.6,2.4,0.5,0.6,1.1,29.0,
29198,2023,Alcorn State Braves,O. Walker,G,,,5.8,2.6,0.6,22.1,2.1,5.7,35.8,1.3,3.6,36.2,0.4,0.8,46.7,1.1,1.5,1.3,0.3,0.7,19.0,
29200,2023,Alcorn State Braves,L. Marshall,F,,,2.8,2.9,0.1,13.0,0.9,1.6,54.5,0.0,0.0,0.0,1.1,1.8,63.3,1.1,1.8,0.3,0.7,0.3,28.0,
29201,2023,Alcorn State Braves,D. Carter,G,,,2.5,0.5,0.3,8.3,0.8,2.5,34.0,0.3,1.2,26.1,0.5,0.6,81.8,0.1,0.5,0.3,0.0,0.7,19.0,
29204,2023,Alcorn State Braves,M. Pajeaud,G,,,1.1,1.2,0.4,9.7,0.4,0.9,50.0,0.0,0.1,50.0,0.2,0.3,60.0,0.6,0.7,0.4,0.1,0.6,29.0,
29205,2023,Alcorn State Braves,W. Anderson Jr.,SF,,,1.0,0.7,0.1,8.5,0.3,1.9,17.4,0.2,1.2,21.4,0.1,0.2,50.0,0.0,0.7,0.3,0.2,0.4,12.0,
29206,2023,Alcorn State Braves,C. Butler,G,,,0.6,0.4,0.0,5.4,0.2,0.6,33.3,0.2,0.4,50.0,0.0,0.0,0.0,0.0,0.4,0.1,0.0,0.2,10.0,
29208,2023,American University Eagles,M. Rogers,F,,,14.1,6.3,1.8,27.1,5.7,9.3,61.3,0.6,1.5,40.8,2.1,3.1,68.7,1.8,4.5,0.9,0.8,2.1,32.0,
29209,2023,American University Eagles,J. O'Neil,F,,,11.3,6.6,1.4,32.0,4.1,9.1,44.7,2.0,5.1,39.2,1.2,1.9,61.4,1.2,5.4,0.9,1.7,1.8,30.0,
29210,2023,American University Eagles,E. Stephens,G,,,9.8,2.1,4.0,34.1,3.8,8.2,46.0,0.6,2.2,29.0,1.7,2.2,75.7,0.3,1.8,1.9,0.1,3.2,32.0,
29211,2023,American University Eagles,C. Smalls,G,,,8.6,2.1,1.4,25.2,3.0,7.0,42.2,0.7,1.7,37.5,2.0,2.5,80.7,0.7,1.5,0.7,0.1,1.7,23.0,
29212,2023,American University Eagles,G. Sprouse,G,,,7.8,2.4,2.4,30.1,2.7,6.6,40.6,1.5,4.6,33.1,0.9,1.1,84.4,0.5,1.9,1.2,0.1,1.5,30.0,
29213,2023,American University Eagles,J. Knotek,G,,,5.9,3.0,0.7,18.8,2.3,4.6,48.8,0.6,2.0,30.2,0.8,1.1,75.9,0.7,2.3,0.7,0.3,1.0,27.0,
29214,2023,American University Eagles,J. Ballisager Webb,C,,,5.0,2.6,0.8,13.3,2.2,3.5,61.5,0.0,0.1,0.0,0.7,1.4,50.0,1.0,1.6,0.3,0.5,1.3,31.0,
29215,2023,American University Eagles,L. Donadio,G,,,3.6,2.2,0.7,15.4,1.3,3.2,42.1,0.4,1.4,29.3,0.6,0.7,81.0,0.6,1.6,0.6,0.1,0.6,30.0,
29216,2023,American University Eagles,C. Nelson,F,,,2.7,1.1,0.3,10.3,0.7,1.5,44.8,0.5,1.2,40.9,0.8,1.1,76.2,0.2,0.9,0.3,0.3,0.2,19.0,
29217,2023,American University Eagles,L. Ball,G,,,2.4,2.2,1.2,16.4,1.0,2.5,38.4,0.2,0.7,25.0,0.3,0.7,47.4,0.6,1.6,0.8,0.3,0.7,29.0,
29218,2023,American University Eagles,C. Gleaton,G,,,1.0,0.3,0.0,3.2,0.3,0.5,50.0,0.1,0.1,100.0,0.4,0.5,66.7,0.0,0.3,0.0,0.0,0.2,11.0,
29219,2023,American University Eagles,M. Delaney,F,,,0.3,0.3,0.0,1.3,0.1,0.6,25.0,0.0,0.0,0.0,0.0,0.0,0.0,0.1,0.1,0.0,0.0,0.1,7.0,
29221,2023,App State Mountaineers,D. Gregory,F,,,12.5,4.0,4.3,31.7,4.7,11.0,42.4,0.3,1.0,25.8,2.9,3.8,76.9,0.8,3.2,1.6,0.3,2.6,31.0,
29222,2023,App State Mountaineers,T. Harcum,G,,,11.2,2.7,1.4,28.3,3.6,9.3,38.5,1.9,5.4,35.8,2.0,2.4,83.3,0.3,2.4,0.8,0.1,1.1,32.0,
29224,2023,App State Mountaineers,C. Huntley,F,,,9.2,5.8,0.6,27.2,3.2,6.8,46.5,1.3,3.9,33.3,1.5,2.1,73.1,1.8,4.0,0.6,0.7,0.6,32.0,
29225,2023,App State Mountaineers,C. Mantis,F,,,6.6,2.0,0.7,16.8,2.3,5.6,41.6,1.3,3.7,36.4,0.7,0.9,75.0,0.2,1.8,0.6,0.3,0.6,32.0,
29226,2023,App State Mountaineers,J. Abson,F,,,6.2,5.9,1.2,22.4,2.7,4.4,60.6,0.0,0.1,50.0,0.8,2.1,38.8,1.9,4.0,0.2,2.2,0.9,32.0,
29230,2023,App State Mountaineers,A. Muse,G,,,3.5,1.5,0.8,5.5,1.2,3.0,41.7,0.5,1.8,28.6,0.5,0.5,100.0,0.8,0.8,0.3,0.0,0.5,4.0,
29231,2023,App State Mountaineers,B. Greene,G,,,3.0,0.5,0.0,4.5,1.0,3.5,28.6,0.0,2.0,0.0,1.0,1.0,100.0,0.5,0.0,0.0,0.5,0.0,2.0,
29237,2023,Arizona State Sun Devils,M. Bagley,F,,,12.5,4.0,1.5,28.5,3.5,11.0,31.8,1.5,4.5,33.3,4.0,6.5,61.5,1.0,3.0,0.0,0.5,2.5,2.0,
29238,2023,Arizona State Sun Devils,D. Horne,G,,,12.5,3.4,2.4,29.6,4.2,11.4,36.9,2.1,5.8,35.5,2.0,2.5,81.6,0.4,3.0,1.1,0.1,1.4,35.0,
29240,2023,Arizona State Sun Devils,F. Collins,G,,,9.7,4.1,4.3,27.9,3.3,8.3,40.1,0.7,2.1,33.8,2.3,3.6,62.2,0.7,3.5,1.3,0.2,2.1,35.0,
29242,2023,Arizona State Sun Devils,J. Neal,G,,,4.9,2.8,1.5,16.2,1.8,4.3,41.7,0.6,2.1,29.2,0.7,1.1,62.9,0.4,2.4,0.7,0.2,1.0,31.0,
29243,2023,Arizona State Sun Devils,A. Nunez,G,,,4.5,1.1,0.9,16.3,1.6,3.8,41.5,0.7,1.9,37.7,0.6,0.8,81.8,0.3,0.9,0.7,0.0,1.2,28.0,
29244,2023,Arizona State Sun Devils,L. Muhammad,G,,,3.7,1.0,0.4,9.9,1.4,3.7,37.1,0.3,1.3,21.3,0.7,0.8,85.7,0.2,0.8,0.3,0.0,0.4,36.0,
29245,2023,Arizona State Sun Devils,A. Gaffney,F,,,3.2,2.9,0.6,16.8,1.2,3.3,35.3,0.4,1.7,23.3,0.5,0.8,60.7,0.8,2.2,0.4,0.6,0.8,36.0,
29247,2023,Arizona State Sun Devils,E. Boakye,F,,,0.7,0.7,0.1,3.3,0.3,0.5,50.0,0.0,0.0,0.0,0.2,0.5,33.3,0.3,0.4,0.1,0.2,0.2,19.0,
29248,2023,Arizona State Sun Devils,C. Ronzone,G,,,0.5,0.0,0.0,0.5,0.0,0.0,0.0,0.0,0.0,0.0,0.5,1.0,50.0,0.0,0.0,0.0,0.0,0.0,2.0,
29249,2023,Arizona State Sun Devils,B. Hurley,G,,,0.5,0.3,0.0,1.3,0.2,1.0,16.7,0.2,0.3,50.0,0.0,0.2,0.0,0.3,0.0,0.0,0.0,0.2,6.0,
29250,2023,Arizona State Sun Devils,M. Burno,G,,,0.1,0.3,0.1,1.6,0.0,0.0,0.0,0.0,0.0,0.0,0.1,0.3,50.0,0.1,0.1,0.0,0.0,0.4,7.0,
29251,2023,Arizona State Sun Devils,J. Olmsted,F,,,0.1,0.3,0.0,1.7,0.0,0.0,0.0,0.0,0.0,0.0,0.1,0.2,50.0,0.0,0.3,0.0,0.1,0.0,10.0,
29252,2023,Arizona State Sun Devils,A. Ronzone,G,,,0.0,0.0,0.0,1.0,0.0,0.0,0.0,0.0,0.0,0.0,0.0,0.0,0.0,0.0,0.0,0.0,0.0,1.0,1.0,
29254,2023,Arizona Wildcats,A. Tubelis,F,,,19.8,9.1,2.0,30.2,7.8,13.7,57.0,0.3,0.9,31.3,3.9,5.1,76.4,2.7,6.5,1.1,0.7,2.4,35.0,
29255,2023,Arizona Wildcats,O. Ballo,C,,,14.2,8.6,1.6,27.6,5.4,8.3,64.7,0.0,0.0,0.0,3.4,6.0,56.5,2.3,6.3,0.7,1.3,1.9,35.0,
29257,2023,Arizona Wildcats,P. Larsson,G,,,9.9,4.3,3.1,27.4,2.9,6.2,47.2,0.9,2.5,35.6,3.2,3.8,83.5,0.9,3.4,0.8,0.2,1.7,35.0,
29258,2023,Arizona Wildcats,K. Kriisa,G,,,9.9,2.4,5.1,31.1,3.1,8.4,37.2,2.4,6.5,36.6,1.3,1.7,76.7,0.3,2.0,0.6,0.0,2.6,35.0,
29260,2023,Arizona Wildcats,K. Boswell,G,,,4.6,1.6,1.6,15.2,1.7,3.7,45.0,0.9,2.2,39.0,0.4,0.5,78.9,0.1,1.4,0.7,0.0,0.8,35.0,
29261,2023,Arizona Wildcats,A. Bal,G,,,2.5,1.0,0.5,8.2,0.8,2.0,39.2,0.5,1.3,35.3,0.5,0.7,70.6,0.2,0.8,0.3,0.0,0.5,26.0,
29262,2023,Arizona Wildcats,H. Veesaar,C,,,2.4,1.5,0.5,7.1,0.9,1.4,61.9,0.1,0.4,27.3,0.5,0.7,71.4,0.5,1.0,0.1,0.4,0.4,29.0,
29266,2023,Arizona Wildcats,W. Menaugh,F,,,1.3,0.7,0.0,1.7,0.7,0.7,100.0,0.0,0.0,0.0,0.0,0.0,0.0,0.0,0.7,0.0,0.3,0.0,3.0,
29267,2023,Arizona Wildcats,F. Borovicanin,F,,,1.3,0.9,0.4,3.9,0.5,0.9,53.8,0.1,0.3,50.0,0.1,0.2,66.7,0.2,0.6,0.1,0.0,0.4,14.0,
29268,2023,Arizona Wildcats,J. Mains,F,,,0.8,0.8,0.1,2.0,0.4,0.8,50.0,0.0,0.0,0.0,0.0,0.0,0.0,0.2,0.5,0.1,0.0,0.3,8.0,
29269,2023,Arizona Wildcats,G. Weitman,G,,,0.3,0.3,0.0,2.0,0.2,0.3,50.0,0.0,0.0,0.0,0.0,0.0,0.0,0.2,0.2,0.0,0.0,0.2,6.0,
29270,2023,Arizona Wildcats,T. Tubelis,F,,,0.0,0.2,0.0,1.6,0.0,0.6,0.0,0.0,0.6,0.0,0.0,0.0,0.0,0.0,0.2,0.0,0.0,0.0,5.0,
29275,2023,Arkansas Razorbacks,T. Brazile,F,,,11.8,6.0,1.0,27.1,4.1,8.6,48.1,1.2,3.2,37.9,2.3,3.4,67.7,1.0,5.0,1.0,1.2,2.2,9.0,
29279,2023,Arkansas Razorbacks,J. Graham,F,,,5.2,2.3,0.5,9.4,2.4,3.6,65.5,0.0,0.1,0.0,0.4,1.1,37.1,0.7,1.5,0.4,0.5,1.1,31.0,
29280,2023,Arkansas Razorbacks,J. Pinion,G,,,2.4,0.6,0.1,5.7,0.8,1.8,44.7,0.5,1.3,38.2,0.3,0.3,100.0,0.2,0.5,0.2,0.0,0.0,26.0,
29283,2023,Arkansas Razorbacks,C. Arbogast,G,,,0.3,0.1,0.0,1.3,0.1,0.4,25.0,0.1,0.4,25.0,0.0,0.0,0.0,0.0,0.1,0.0,0.0,0.0,9.0,
29284,2023,Arkansas Razorbacks,L. Blake,F,,,0.3,0.4,0.0,1.3,0.1,0.4,25.0,0.0,0.0,0.0,0.1,0.3,33.3,0.1,0.3,0.0,0.0,0.1,9.0,
29286,2023,Arkansas State Red Wolves,C. Fields,G,,,11.4,3.3,4.6,31.7,3.7,8.4,44.4,0.4,1.5,26.0,3.5,5.1,69.5,0.5,2.8,1.0,0.1,2.5,33.0,
29290,2023,Arkansas State Red Wolves,A. Felts,G,,,8.1,2.6,2.2,30.6,2.7,7.0,38.4,1.8,4.6,38.8,0.9,1.2,78.9,0.5,2.1,1.0,0.1,0.6,33.0,
29291,2023,Arkansas State Red Wolves,M. Farrington,G,,,7.1,1.6,1.0,22.5,2.3,6.9,33.1,2.1,5.4,38.0,0.5,0.6,72.7,0.5,1.1,0.5,0.1,1.3,17.0,
29292,2023,Arkansas State Red Wolves,J. Lual,G,,,4.9,3.0,0.8,18.2,1.9,4.6,41.5,0.3,1.0,29.0,0.8,1.1,75.0,1.1,1.9,0.6,0.6,0.8,32.0,
29293,2023,Arkansas State Red Wolves,I. Nelson,F,,,4.6,5.0,0.2,17.5,1.9,3.6,52.5,0.0,0.0,0.0,0.8,1.7,49.1,1.8,3.2,0.5,1.3,0.9,33.0,
29294,2023,Arkansas State Red Wolves,C. London,G,,,4.0,1.8,0.6,16.0,1.4,4.8,29.2,0.6,1.2,50.0,0.6,0.8,75.0,0.8,1.0,0.8,0.2,0.8,5.0,
29296,2023,Arkansas State Red Wolves,N. Tingling,G,,,0.7,0.6,0.2,3.7,0.2,0.6,40.0,0.0,0.2,0.0,0.2,0.2,100.0,0.1,0.4,0.1,0.0,0.4,9.0,
29300,2023,Arkansas-Pine Bluff Golden Lions,S. Doss Jr.,G,,,17.7,4.6,2.2,36.5,5.5,13.3,41.4,1.0,2.9,33.0,5.7,7.0,82.4,1.5,3.1,1.5,0.6,2.6,31.0,
29301,2023,Arkansas-Pine Bluff Golden Lions,K. Milton,G,,,13.2,4.1,4.2,30.8,4.2,11.4,36.8,1.1,3.4,31.4,3.8,5.0,75.5,0.6,3.5,1.4,0.2,2.8,31.0,
29303,2023,Arkansas-Pine Bluff Golden Lions,T. Ware,G,,,4.8,2.1,2.8,22.0,1.7,3.8,44.3,0.6,1.2,51.4,0.8,1.2,64.7,0.4,1.6,1.4,0.0,2.6,28.0,
29304,2023,Arkansas-Pine Bluff Golden Lions,I. Plet,F,,,4.6,5.1,0.2,20.1,1.9,3.6,52.8,0.0,0.1,0.0,0.8,1.8,45.5,2.5,2.5,0.6,0.2,0.9,30.0,
29306,2023,Arkansas-Pine Bluff Golden Lions,C. Stokes,F,,,4.2,1.8,0.1,6.6,1.8,3.1,57.1,0.2,1.0,22.2,0.4,0.7,66.7,0.3,1.4,0.4,0.2,0.9,9.0,
29308,2023,Arkansas-Pine Bluff Golden Lions,R. Lewis,F,,,3.3,2.4,0.2,13.1,1.3,3.1,42.5,0.3,1.5,20.5,0.4,0.6,68.8,0.5,1.9,0.2,0.4,0.9,26.0,
29309,2023,Arkansas-Pine Bluff Golden Lions,Z. Reinhart,G,,,3.1,1.0,0.7,13.8,1.0,3.1,32.6,1.0,2.8,34.6,0.1,0.1,100.0,0.1,1.0,0.3,0.1,0.7,29.0,
29315,2023,Army Black Knights,J. Rucker,G,,,16.6,4.1,3.6,32.8,6.2,13.6,45.5,1.5,5.0,30.1,2.7,3.3,83.3,0.4,3.7,0.8,0.1,2.8,33.0,
29318,2023,Army Black Knights,C. Mann,F,,,10.0,4.1,1.3,23.7,4.0,8.2,49.0,0.6,2.0,28.1,1.3,2.1,64.2,0.8,3.3,0.7,0.3,1.8,32.0,
29319,2023,Army Black Knights,C. Peterson,F,,,7.9,5.2,2.0,22.5,3.2,5.5,58.8,0.0,0.1,0.0,1.4,3.1,45.1,2.2,3.0,0.6,0.4,1.2,33.0,
29320,2023,Army Black Knights,A. Johnson,F,,,3.4,4.2,0.3,12.8,1.5,2.6,58.3,0.0,0.0,0.0,0.3,1.2,29.7,1.5,2.7,0.2,0.6,0.4,32.0,
29321,2023,Army Black Knights,T. Small,G,,,3.4,1.9,0.7,15.3,1.2,3.5,33.7,0.8,2.2,34.3,0.3,0.5,60.0,0.4,1.5,0.7,0.0,0.7,30.0,
29322,2023,Army Black Knights,J. Cross,G,,,3.1,1.9,1.0,17.5,1.1,2.2,48.6,0.5,1.2,41.0,0.4,0.6,73.7,0.5,1.5,0.3,0.2,0.7,33.0,
29323,2023,Army Black Knights,B. St. Clair,G,,,3.0,2.0,0.5,5.5,1.0,2.5,40.0,1.0,2.5,40.0,0.0,0.0,0.0,0.5,1.5,0.5,0.0,0.0,2.0,
29324,2023,Army Black Knights,J. Everson,F,,,2.0,1.3,0.0,3.7,1.0,1.3,75.0,0.0,0.0,0.0,0.0,0.7,0.0,1.0,0.3,0.0,0.0,1.0,3.0,
29326,2023,Army Black Knights,M. Dove,F,,,1.9,1.9,0.1,5.9,0.8,1.1,75.9,0.0,0.0,0.0,0.3,0.5,61.5,0.6,1.3,0.1,0.3,0.3,27.0,
29327,2023,Army Black Knights,I. Caldwell,G,,,1.8,1.2,0.7,10.8,0.7,1.5,46.7,0.2,0.4,38.5,0.3,0.4,72.7,0.4,0.9,0.4,0.1,0.4,30.0,
29328,2023,Army Black Knights,L. Benson,G,,,1.5,0.0,0.0,4.5,0.5,1.0,50.0,0.5,1.0,50.0,0.0,0.0,0.0,0.0,0.0,0.0,0.0,0.5,2.0,
29329,2023,Army Black Knights,J. Ellis,G,,,1.4,0.4,0.9,5.9,0.6,1.0,56.3,0.2,0.4,66.7,0.1,0.1,100.0,0.0,0.4,0.3,0.0,0.8,16.0,
29330,2023,Army Black Knights,N. Naess,F,,,1.3,1.1,0.3,7.4,0.5,1.3,35.3,0.2,0.6,25.0,0.2,0.4,60.0,0.4,0.7,0.3,0.1,0.3,13.0,
29331,2023,Army Black Knights,B. Barker,G,,,0.9,0.9,0.8,7.6,0.2,1.2,16.7,0.0,0.6,0.0,0.5,0.6,83.3,0.1,0.8,0.2,0.1,0.5,10.0,
29332,2023,Army Black Knights,A. Allenspach,F,,,0.4,1.0,0.1,5.2,0.2,0.6,40.0,0.0,0.0,0.0,0.0,0.0,0.0,0.4,0.6,0.0,0.0,0.4,9.0,
29333,2023,Army Black Knights,B. Jensen,F,,,0.0,0.0,0.0,1.0,0.0,0.0,0.0,0.0,0.0,0.0,0.0,0.0,0.0,0.0,0.0,0.0,0.0,0.0,1.0,
29334,2023,Army Black Knights,G. Lamb,F,,,0.0,0.0,0.0,0.0,0.0,0.0,0.0,0.0,0.0,0.0,0.0,0.0,0.0,0.0,0.0,0.0,0.0,0.0,1.0,
29335,2023,Army Black Knights,J. Dougherty,F,,,0.0,0.0,0.0,0.0,0.0,0.0,0.0,0.0,0.0,0.0,0.0,0.0,0.0,0.0,0.0,0.0,0.0,0.0,1.0,
29336,2023,Auburn Tigers,J. Broome,F,,,14.2,8.4,1.3,26.5,5.9,11.2,52.7,0.3,0.9,29.0,2.1,3.8,56.0,2.9,5.5,0.9,2.4,1.7,33.0,
29339,2023,Auburn Tigers,A. Flanigan,G,,,10.1,5.0,1.5,26.9,3.4,7.8,44.2,1.1,3.2,33.3,2.1,2.8,75.8,0.9,4.1,0.8,0.2,1.8,34.0,
29341,2023,Auburn Tigers,D. Cardwell,C,,,3.7,3.8,1.1,13.4,1.8,2.3,74.7,0.0,0.0,0.0,0.2,0.7,31.8,1.7,2.1,0.3,1.3,0.6,32.0,
29344,2023,Auburn Tigers,T. Donaldson,G,,,2.5,1.4,1.2,10.6,0.9,2.3,38.4,0.4,1.0,40.6,0.3,0.6,55.0,0.1,1.3,0.7,0.0,0.6,32.0,
29346,2023,Auburn Tigers,L. Berman,G,,,2.2,1.2,0.1,9.4,0.8,2.0,40.8,0.4,1.2,35.5,0.1,0.2,60.0,0.5,0.7,0.3,0.0,0.3,25.0,
29348,2023,Auburn Tigers,B. Akingbola,C,,,0.3,0.5,0.0,3.8,0.0,1.2,0.0,0.0,0.2,0.0,0.2,0.5,50.0,0.5,0.0,0.3,0.3,0.0,4.0,
29350,2023,Auburn Tigers,C. Leopard,G,,,0.0,0.2,0.0,0.8,0.0,0.3,0.0,0.0,0.2,0.0,0.0,0.0,0.0,0.2,0.0,0.0,0.0,0.0,6.0,
29351,2023,Auburn Tigers,C. Sobera,G,,,0.0,0.0,0.0,0.7,0.0,0.0,0.0,0.0,0.0,0.0,0.0,0.0,0.0,0.0,0.0,0.0,0.0,0.0,3.0,
29353,2023,Austin Peay Governors,E. Hutchins-Everett,C,,,11.5,5.5,0.9,25.6,4.4,9.1,48.0,0.6,2.0,32.3,2.1,3.1,69.5,1.5,3.9,0.5,0.6,1.8,31.0,
29355,2023,Austin Peay Governors,C. Copeland,G,,,9.6,3.3,1.7,27.4,3.7,9.9,37.5,1.2,4.1,30.7,0.9,1.1,78.1,0.6,2.7,1.1,0.3,1.2,28.0,
29356,2023,Austin Peay Governors,C. Paez,G,,,7.8,2.0,3.6,25.7,2.4,6.2,39.2,1.2,3.5,34.6,1.7,2.1,83.9,0.5,1.5,0.9,0.0,1.6,30.0,
29357,2023,Austin Peay Governors,C. Stone-Carrawell,F,,,7.7,1.7,2.0,22.5,2.7,6.4,41.7,0.9,2.7,34.1,1.4,1.7,80.8,0.5,1.2,0.9,0.2,1.5,15.0,
29359,2023,Austin Peay Governors,J. Ware,F,,,5.1,4.1,0.6,20.3,1.9,3.9,49.1,0.4,1.1,35.5,0.9,1.6,56.8,1.2,2.9,0.5,0.5,0.5,28.0,
29361,2023,Austin Peay Governors,D. Calderon,G,,,3.8,1.3,0.8,16.1,1.3,3.4,39.3,0.7,2.2,33.3,0.4,0.4,87.5,0.3,1.0,0.4,0.2,0.4,18.0,
29367,2023,Austin Peay Governors,C. Bates,G,,,0.6,0.7,0.0,2.2,0.2,1.1,18.2,0.2,0.9,22.2,0.0,0.1,0.0,0.2,0.5,0.1,0.0,0.1,10.0,
29368,2023,BYU Cougars,F. Traore,C,,,12.9,7.8,1.5,24.8,5.0,8.2,60.7,0.0,0.0,100.0,2.8,3.8,75.8,2.8,5.1,0.7,0.7,2.2,33.0,
29371,2023,BYU Cougars,G. George,F,,,10.4,5.8,1.2,26.4,3.7,8.6,43.2,1.1,3.6,32.0,1.8,2.7,67.4,1.9,4.0,1.1,0.6,1.6,34.0,
29373,2023,BYU Cougars,D. Hall,G,,,7.3,1.9,3.2,20.7,2.5,6.0,41.2,1.1,2.9,36.7,1.3,2.1,62.9,0.4,1.5,0.7,0.1,1.6,34.0,
29374,2023,BYU Cougars,R. Saunders,G,,,5.5,2.4,0.8,15.9,2.0,4.4,45.3,0.8,2.3,33.3,0.8,1.1,68.4,0.7,1.7,0.6,0.3,0.7,34.0,
29375,2023,BYU Cougars,N. Waterman,F,,,4.6,2.8,0.8,17.0,1.6,4.3,36.6,0.9,2.8,32.3,0.6,1.1,54.3,0.5,2.3,0.5,0.4,1.1,33.0,
29376,2023,BYU Cougars,A. Atiki,F,,,3.8,3.6,0.5,14.5,1.4,2.7,51.1,0.0,0.1,0.0,1.1,1.5,68.6,1.5,2.1,0.4,1.1,1.2,33.0,
29378,2023,BYU Cougars,T. Stewart,G,,,1.5,1.2,1.0,10.2,0.6,2.4,25.0,0.1,1.3,11.8,0.2,0.4,50.0,0.4,0.8,0.8,0.2,0.5,27.0,
29380,2023,BYU Cougars,J. McGregor,G,,,1.0,0.0,0.0,1.2,0.3,0.7,50.0,0.3,0.5,66.7,0.0,0.0,0.0,0.0,0.0,0.0,0.0,0.0,6.0,
29383,2023,Ball State Cardinals,J. Sellers,G,,,13.5,3.7,0.8,29.9,4.6,9.5,49.0,1.7,3.9,45.0,2.5,3.3,75.7,1.1,2.6,0.7,0.5,1.6,31.0,
29384,2023,Ball State Cardinals,P. Sparks,C,,,13.3,8.7,1.9,29.2,4.7,8.1,58.8,0.1,0.2,40.0,3.7,7.1,52.5,3.2,5.5,0.5,0.9,2.0,31.0,
29385,2023,Ball State Cardinals,D. Jacobs,G,,,12.2,3.7,3.3,32.0,4.1,7.2,56.9,1.1,2.5,44.4,2.8,3.4,83.3,0.6,3.1,1.3,1.1,1.8,32.0,
29386,2023,Ball State Cardinals,M. Pearson Jr.,F,,,7.7,5.5,0.5,25.2,2.7,5.4,49.7,0.5,1.4,32.6,1.9,2.6,72.8,1.6,3.9,0.5,0.4,1.2,31.0,
29387,2023,Ball State Cardinals,B. Jihad,F,,,7.1,3.6,0.5,16.6,2.4,5.1,47.6,0.4,1.3,27.9,1.8,2.5,72.5,1.2,2.4,0.4,0.4,1.2,32.0,
29388,2023,Ball State Cardinals,J. Windham,G,,,5.9,1.4,0.8,15.4,2.0,4.9,39.9,1.1,2.8,39.8,0.8,1.2,71.4,0.5,0.9,0.4,0.0,0.6,30.0,
29389,2023,Ball State Cardinals,M. Bell,G,,,4.0,1.0,1.0,13.0,2.0,3.0,66.7,0.0,1.0,0.0,0.0,0.0,0.0,0.0,1.0,1.0,1.0,2.0,1.0,
29390,2023,Ball State Cardinals,L. Bumbalough,G,,,2.8,1.2,1.4,17.1,0.9,2.9,31.9,0.6,2.0,27.7,0.4,0.6,65.0,0.1,1.0,0.3,0.1,0.7,32.0,
29392,2023,Ball State Cardinals,B. Hendriks,C,,,0.8,0.8,0.2,3.2,0.3,0.8,36.4,0.0,0.0,0.0,0.2,0.5,50.0,0.5,0.3,0.0,0.1,0.2,13.0,
29394,2023,Ball State Cardinals,J. Futa,G,,,0.0,0.4,0.2,2.2,0.0,0.4,0.0,0.0,0.2,0.0,0.0,0.0,0.0,0.2,0.2,0.0,0.0,0.0,5.0,
29395,2023,Baylor Bears,A. Flagler,G,,,15.6,2.4,4.6,33.7,5.2,12.3,42.6,2.5,6.2,40.0,2.6,3.3,79.0,0.3,2.1,1.2,0.1,1.7,32.0,
29397,2023,Baylor Bears,L. Cryer,G,,,15.0,2.1,2.0,32.3,5.3,11.6,45.3,2.6,6.2,41.5,1.9,2.1,89.4,0.2,1.8,0.5,0.0,1.6,31.0,
29398,2023,Baylor Bears,J. Bridges,F,,,10.3,5.6,1.0,27.3,3.7,7.3,50.6,1.1,3.3,32.4,1.9,2.4,77.8,2.4,3.3,0.9,1.0,1.1,34.0,
29399,2023,Baylor Bears,L. Love,G,,,6.3,2.2,0.8,16.6,2.1,4.9,43.2,0.8,2.2,36.4,1.3,1.8,69.1,0.9,1.3,0.4,0.1,0.7,30.0,
29400,2023,Baylor Bears,J. Tchamwa Tchatchoua,F,,,5.1,4.8,0.5,18.6,1.8,3.8,47.8,0.5,1.2,42.9,0.9,1.1,84.6,1.3,3.4,0.3,0.3,1.0,12.0,
29401,2023,Baylor Bears,F. Thamba,F,,,5.0,4.6,0.6,21.3,1.4,2.5,57.6,0.0,0.0,0.0,2.1,3.3,64.3,1.6,3.0,0.4,0.4,1.4,34.0,
29402,2023,Baylor Bears,D. Bonner,G,,,4.7,1.2,2.7,19.3,1.4,3.2,44.1,0.6,1.5,37.2,1.3,1.8,74.5,0.2,1.0,1.4,0.1,1.2,29.0,
29403,2023,Baylor Bears,J. Ojianwuna,F,,,4.2,3.5,0.2,13.2,1.6,2.7,59.0,0.0,0.0,0.0,1.0,1.5,65.9,1.6,1.9,0.4,0.4,0.7,29.0,
29404,2023,Baylor Bears,C. Lohner,F,,,3.2,3.5,0.3,12.3,1.2,2.2,54.7,0.1,0.5,25.0,0.7,1.1,63.9,1.1,2.4,0.6,0.0,0.9,34.0,
29405,2023,Baylor Bears,Z. Loveday,C,,,0.9,0.5,0.0,3.0,0.5,0.8,60.0,0.0,0.1,0.0,0.0,0.2,0.0,0.2,0.4,0.1,0.1,0.2,13.0,
29407,2023,Baylor Bears,A. Sacks,F,,,0.0,0.0,0.0,1.0,0.0,1.0,0.0,0.0,1.0,0.0,0.0,0.0,0.0,0.0,0.0,0.0,0.0,0.0,1.0,
29409,2023,Bellarmine Knights,G. Tipton,G,,,12.7,3.5,2.0,30.8,4.7,9.9,47.6,1.5,3.8,39.4,1.8,2.0,89.2,0.6,2.9,0.6,0.4,1.9,33.0,
29411,2023,Bellarmine Knights,P. Suder,G,,,9.9,4.3,2.6,28.1,3.8,8.5,45.0,0.6,2.1,27.3,1.8,2.2,78.9,1.2,3.1,1.1,0.2,1.9,32.0,
29412,2023,Bellarmine Knights,B. Wieland,G,,,9.4,3.9,1.8,28.8,3.2,6.4,51.0,0.5,2.4,21.1,2.4,3.0,79.2,0.5,3.4,0.5,0.0,0.9,8.0,
29414,2023,Bellarmine Knights,A. Pfriem,G,,,7.2,3.3,2.8,29.2,2.5,5.6,44.6,0.8,3.2,24.0,1.5,1.7,87.3,0.4,2.9,0.7,0.2,1.6,33.0,
29415,2023,Bellarmine Knights,C. Hopf,F,,,6.2,3.3,0.5,22.5,2.3,5.1,45.7,1.1,2.9,38.7,0.4,1.0,39.4,1.0,2.3,0.6,0.2,0.8,32.0,
29417,2023,Bellarmine Knights,L. Hacker,G,,,3.7,0.7,0.8,9.3,1.1,2.5,42.4,0.8,1.9,44.9,0.7,0.7,94.7,0.0,0.7,0.4,0.0,0.4,26.0,
29418,2023,Bellarmine Knights,L. Hatton,C,,,3.5,2.3,0.6,12.8,1.4,2.5,58.0,0.0,0.1,50.0,0.6,1.2,53.8,0.7,1.7,0.2,0.3,0.7,33.0,
29419,2023,Bellarmine Knights,S. DeVault,F,,,2.6,0.8,0.2,5.5,0.9,2.1,40.0,0.6,1.4,40.0,0.3,0.4,66.7,0.1,0.7,0.0,0.0,0.2,21.0,
29421,2023,Bellarmine Knights,E. Roberts,F,,,0.7,0.9,0.1,3.7,0.1,0.4,33.3,0.0,0.0,0.0,0.4,0.6,75.0,0.6,0.3,0.0,0.0,0.1,7.0,
29422,2023,Bellarmine Knights,Z. Jennings,G,,,0.0,1.0,0.0,5.7,0.0,0.0,0.0,0.0,0.0,0.0,0.0,0.0,0.0,0.3,0.7,0.0,0.0,0.3,3.0,
29423,2023,Bellarmine Knights,N. Thelen,F,,,0.0,0.3,0.0,5.3,0.0,0.0,0.0,0.0,0.0,0.0,0.0,0.8,0.0,0.0,0.2,0.0,0.3,0.5,4.0,
29424,2023,Belmont Bruins,B. Sheppard,G,,,18.8,5.2,2.9,34.3,6.8,14.2,47.5,2.5,6.0,41.5,2.8,4.2,68.4,0.6,4.6,1.4,0.2,2.2,32.0,
29427,2023,Belmont Bruins,J. Gillespie,G,,,9.6,2.1,3.3,22.2,3.7,8.1,45.4,0.7,2.4,29.5,1.5,2.1,71.2,0.2,1.8,1.5,0.3,1.8,32.0,
29428,2023,Belmont Bruins,K. Davidson,G,,,8.2,2.3,4.4,27.2,3.2,7.5,41.8,1.0,2.8,35.1,0.8,1.0,88.0,0.4,1.9,0.8,0.0,2.0,26.0,
29429,2023,Belmont Bruins,E. Brauns,F,,,7.0,5.3,1.2,21.2,2.8,4.9,58.3,0.0,0.2,0.0,1.4,2.0,68.9,1.9,3.4,0.5,1.4,0.8,31.0,
29430,2023,Belmont Bruins,E. Bellinger,G,,,3.8,1.1,0.3,7.2,1.3,2.6,50.0,0.6,1.4,40.5,0.6,0.7,80.0,0.1,1.0,0.2,0.1,0.3,29.0,
29431,2023,Belmont Bruins,I. Walker,G,,,2.1,1.6,0.3,9.0,0.8,1.9,41.4,0.4,1.0,34.4,0.2,0.3,75.0,0.4,1.2,0.4,0.0,0.2,31.0,
29432,2023,Belmont Bruins,M. Shanks,F,,,2.1,1.6,0.8,10.2,0.8,2.0,40.3,0.1,0.6,11.1,0.4,0.6,63.2,0.5,1.1,0.3,0.2,0.6,31.0,
29433,2023,Belmont Bruins,F. Jakubicek,F,,,1.8,1.8,0.6,10.3,0.8,1.5,54.3,0.0,0.1,0.0,0.2,0.3,57.1,0.6,1.2,0.2,0.5,0.6,23.0,
29434,2023,Belmont Bruins,D. Sabin,F,,,1.4,1.6,0.4,8.1,0.5,1.0,48.3,0.1,0.2,40.0,0.4,0.6,63.2,0.7,0.9,0.1,0.1,0.5,30.0,
29435,2023,Belmont Bruins,K. Vanderjagt,G,,,1.1,0.3,0.1,5.0,0.4,1.0,42.9,0.0,0.1,0.0,0.2,0.4,60.0,0.0,0.3,0.3,0.0,0.3,14.0,
29436,2023,Belmont Bruins,A. Braccia,G,,,0.5,0.4,0.0,2.1,0.1,0.8,16.7,0.0,0.6,0.0,0.2,0.5,50.0,0.0,0.4,0.1,0.0,0.1,8.0,
29437,2023,Belmont Bruins,J. Dykstra,G,,,0.4,0.6,0.1,2.4,0.1,0.8,14.3,0.1,0.6,20.0,0.1,0.2,50.0,0.1,0.4,0.0,0.0,0.4,9.0,
29438,2023,Bethune-Cookman Wildcats,Z. Harmon,G,,,13.7,2.0,2.8,28.9,4.4,11.2,39.7,1.7,4.9,33.8,3.2,3.9,82.3,0.2,1.7,1.0,0.2,3.0,32.0,
29439,2023,Bethune-Cookman Wildcats,M. Garrett,G,,,13.5,5.4,2.8,32.1,4.6,11.4,40.1,1.0,2.6,39.0,3.3,4.9,67.7,1.5,3.9,1.3,0.0,2.4,32.0,
29440,2023,Bethune-Cookman Wildcats,D. Dyson,G,,,11.4,1.7,0.8,22.4,3.9,10.1,39.0,1.5,4.2,36.6,1.9,2.9,67.3,0.6,1.1,0.6,0.2,1.1,17.0,
29441,2023,Bethune-Cookman Wildcats,K. Davis,G,,,11.2,6.3,1.2,29.7,4.1,9.6,43.1,1.0,2.9,35.1,1.9,2.8,68.5,1.5,4.8,1.1,0.5,1.7,32.0,
29442,2023,Bethune-Cookman Wildcats,J. French,G,,,9.8,1.8,0.5,26.5,3.4,8.8,38.7,2.0,4.9,40.5,1.0,1.1,94.1,0.5,1.3,0.3,0.0,0.8,32.0,
29443,2023,Bethune-Cookman Wildcats,D. Robertson,C,,,6.3,4.3,0.3,22.7,2.7,4.3,62.1,0.1,0.1,100.0,0.8,1.3,65.4,1.5,2.8,0.5,0.8,0.7,20.0,
29445,2023,Bethune-Cookman Wildcats,E. Hulsewe,C,,,4.0,2.7,0.3,11.8,1.6,3.0,53.3,0.0,0.0,0.0,0.8,1.5,52.2,0.9,1.8,0.1,0.5,1.3,15.0,
29446,2023,Bethune-Cookman Wildcats,D. McEntire,G,,,2.8,3.4,1.6,20.6,1.1,3.4,33.3,0.2,0.8,25.9,0.3,1.1,26.5,1.0,2.4,2.0,0.4,1.2,32.0,
29448,2023,Bethune-Cookman Wildcats,J. Henderson Jr.,C,,,1.4,3.2,1.1,16.8,0.7,1.3,51.9,0.0,0.1,0.0,0.1,0.2,50.0,0.9,2.4,0.4,1.0,0.5,21.0,
29449,2023,Bethune-Cookman Wildcats,S. Womack,G,,,0.1,0.5,0.0,2.3,0.0,0.6,0.0,0.0,0.0,0.0,0.1,0.2,50.0,0.2,0.2,0.1,0.0,0.5,8.0,
29450,2023,Bethune-Cookman Wildcats,J. Mathews,G,,,0.0,0.3,0.0,3.3,0.0,1.0,0.0,0.0,0.0,0.0,0.0,0.0,0.0,0.0,0.3,0.0,0.0,0.0,3.0,
29452,2023,Bethune-Cookman Wildcats,T. Barbary,G,,,0.0,0.0,0.0,1.5,0.0,0.0,0.0,0.0,0.0,0.0,0.0,0.0,0.0,0.0,0.0,0.0,0.0,0.0,2.0,
29454,2023,Binghamton Bearcats,A. Harried,G,,,11.8,6.3,2.0,32.9,4.4,10.5,42.0,0.6,2.1,26.9,2.5,3.7,67.4,1.4,4.9,1.0,0.8,1.4,25.0,
29456,2023,Binghamton Bearcats,D. Petcash,G,,,9.8,4.2,1.4,31.8,3.5,7.1,49.8,1.4,3.5,40.6,1.3,1.6,85.1,0.8,3.4,0.7,0.2,1.6,30.0,
29457,2023,Binghamton Bearcats,C. Hinckson,G,,,6.9,4.0,1.2,24.8,2.5,5.6,44.3,0.9,2.5,33.8,1.1,1.5,71.4,1.2,2.9,0.7,0.4,1.8,28.0,
29458,2023,Binghamton Bearcats,T. Balogun,F,,,6.6,2.8,0.3,14.6,2.1,3.7,58.0,0.0,0.0,0.0,2.4,3.5,68.7,0.6,2.2,0.2,0.5,1.1,24.0,
29460,2023,Binghamton Bearcats,O. Akuwovo,F,,,4.0,4.1,0.3,13.0,1.6,2.8,60.0,0.0,0.0,0.0,0.7,1.7,41.2,1.8,2.3,0.3,0.3,0.5,20.0,
29463,2023,Binghamton Bearcats,A. Athuai,C,,,2.3,0.8,0.0,3.5,0.8,1.5,50.0,0.2,0.8,33.3,0.5,0.5,100.0,0.2,0.5,0.0,0.0,0.3,4.0,
29465,2023,Boise State Broncos,T. Degenhart,F,,,14.1,5.3,1.8,34.2,5.6,10.5,53.7,1.1,3.4,32.8,1.8,2.6,67.8,1.9,3.4,0.5,0.4,1.3,34.0,
29466,2023,Boise State Broncos,M. Rice,G,,,14.0,4.6,1.8,34.4,4.9,11.4,43.4,2.2,5.3,40.9,1.9,2.2,88.0,0.5,4.1,1.0,0.1,1.6,34.0,
29467,2023,Boise State Broncos,M. Shaver Jr.,G,,,13.4,6.2,3.8,32.6,4.3,11.4,37.7,1.0,3.7,27.1,3.8,5.1,74.8,0.6,5.6,1.6,0.3,2.2,29.0,
29468,2023,Boise State Broncos,C. Agbo,G,,,11.5,4.8,0.8,29.6,3.6,9.2,39.7,1.9,4.8,40.2,2.3,2.8,81.3,1.0,3.9,0.7,0.1,1.6,34.0,
29469,2023,Boise State Broncos,N. Smith,F,,,10.2,5.6,1.3,28.4,3.8,7.2,52.5,0.7,1.9,38.5,2.0,2.9,67.7,2.0,3.7,0.6,1.0,1.6,34.0,
29470,2023,Boise State Broncos,L. Milner,C,,,3.2,2.7,0.4,13.4,1.3,2.2,60.6,0.0,0.0,0.0,0.5,1.1,51.4,1.1,1.6,0.2,0.7,0.8,33.0,
29471,2023,Boise State Broncos,J. Whiting,G,,,3.1,1.7,1.3,15.8,1.3,3.1,41.6,0.4,1.3,32.6,0.2,0.2,62.5,0.3,1.4,0.3,0.1,0.8,33.0,
29473,2023,Boise State Broncos,P. Kuzmanovic,G,,,1.9,0.5,0.4,8.0,0.7,1.7,37.5,0.3,0.9,38.1,0.3,0.4,66.7,0.0,0.4,0.1,0.0,0.6,23.0,
29474,2023,Boise State Broncos,M. Sylla,C,,,1.8,1.2,0.0,5.7,0.6,1.2,52.4,0.0,0.0,0.0,0.6,0.8,73.3,0.3,0.8,0.0,0.3,0.3,18.0,
29475,2023,Boise State Broncos,K. Young,G,,,1.4,1.7,0.3,8.2,0.5,1.2,42.4,0.2,0.7,30.0,0.1,0.2,66.7,0.3,1.4,0.1,0.2,0.2,27.0,
29477,2023,Boise State Broncos,S. Winter,G,,,0.0,0.0,0.3,2.3,0.0,0.0,0.0,0.0,0.0,0.0,0.0,0.0,0.0,0.0,0.0,0.0,0.0,0.0,3.0,
29478,2023,Boston College Eagles,Q. Post,C,,,15.1,5.6,1.5,25.7,5.8,10.7,53.9,1.2,2.8,42.6,2.3,2.6,86.0,1.5,4.2,0.2,0.9,2.1,19.0,
29479,2023,Boston College Eagles,M. Ashton-Langford,G,,,12.4,3.4,2.7,30.5,4.5,10.7,41.7,1.1,3.4,31.4,2.3,2.6,88.9,0.7,2.7,1.5,0.7,2.2,31.0,
29480,2023,Boston College Eagles,J. Zackery,G,,,10.7,3.2,2.7,33.2,3.7,8.9,41.6,0.9,2.9,32.3,2.4,3.1,76.7,0.8,2.3,1.5,0.2,2.0,33.0,
29483,2023,Boston College Eagles,P. Aligbe,F,,,6.1,4.4,0.6,21.2,2.3,6.2,37.1,0.5,1.8,27.1,1.1,1.7,63.0,1.1,3.3,0.4,0.1,1.3,27.0,
29484,2023,Boston College Eagles,D. McGlockton,F,,,6.1,3.9,0.9,17.5,2.2,4.1,55.2,0.2,0.4,50.0,1.4,1.8,78.0,1.5,2.4,0.5,0.7,0.9,33.0,
29485,2023,Boston College Eagles,M. Madsen,G,,,5.8,2.6,0.8,21.2,2.0,5.8,34.9,1.2,4.0,30.3,0.5,0.7,75.0,0.2,2.4,0.5,0.2,0.7,33.0,
29487,2023,Boston College Eagles,J. Noel,G,,,3.0,0.0,0.0,1.0,1.0,1.0,100.0,1.0,1.0,100.0,0.0,0.0,0.0,0.0,0.0,0.0,0.0,0.0,1.0,
29488,2023,Boston College Eagles,C. Kelley III,G,,,2.9,0.9,1.2,14.7,1.1,3.2,34.7,0.5,1.9,28.6,0.2,0.4,50.0,0.1,0.8,0.4,0.2,0.9,30.0,
29490,2023,Boston College Eagles,A. Mighty,C,,,0.7,0.9,0.2,3.9,0.2,0.6,30.0,0.0,0.0,0.0,0.3,1.1,29.4,0.4,0.6,0.1,0.2,0.1,16.0,
29491,2023,Boston College Eagles,A. Kenny,F,,,0.5,0.3,0.3,1.8,0.0,0.0,0.0,0.0,0.0,0.0,0.5,0.5,100.0,0.0,0.2,0.0,0.0,0.0,4.0,
29492,2023,Boston College Eagles,A. Atiyeh,G,,,0.0,0.5,0.0,1.0,0.0,0.5,0.0,0.0,0.0,0.0,0.0,0.0,0.0,0.0,0.5,0.0,0.0,0.0,2.0,
29493,2023,Boston University Terriers,W. Whyte,G,,,14.8,6.2,1.0,31.2,5.2,12.3,42.6,1.5,4.7,32.7,2.8,3.4,81.9,1.6,4.5,0.8,0.5,1.7,31.0,
29495,2023,Boston University Terriers,E. Brittain-Watts,G,,,8.6,1.5,2.0,24.2,2.9,7.3,40.1,1.3,3.5,37.3,1.4,1.6,93.3,0.3,1.2,0.8,0.0,1.4,29.0,
29496,2023,Boston University Terriers,F. Tynen,G,,,7.1,4.7,1.3,26.8,2.3,5.7,40.1,0.6,1.8,35.7,1.9,2.4,79.5,1.0,3.8,0.7,0.2,1.8,32.0,
29497,2023,Boston University Terriers,N. Zink,F,,,5.6,4.6,0.6,19.1,2.0,4.4,45.1,0.0,0.0,0.0,1.6,2.3,72.1,1.6,2.9,0.5,0.1,1.1,30.0,
29498,2023,Boston University Terriers,D. Tate,G,,,5.3,2.3,0.9,14.6,2.0,4.9,39.8,0.9,2.5,36.2,0.5,0.9,57.1,0.3,2.0,0.3,0.0,1.0,23.0,
29499,2023,Boston University Terriers,A. Morales,F,,,5.1,2.9,1.3,15.6,1.7,4.7,35.2,0.7,2.6,26.8,1.1,1.4,81.1,0.9,2.0,0.6,0.4,0.6,27.0,
29500,2023,Boston University Terriers,M. Brewster,G,,,4.7,2.4,1.6,17.8,1.8,4.2,41.9,0.5,1.4,34.1,0.6,1.1,58.8,0.3,2.1,0.9,0.2,1.2,32.0,
29501,2023,Boston University Terriers,M. Chimezie,F,,,3.6,3.8,0.4,14.6,1.5,3.2,47.9,0.0,0.0,0.0,0.6,1.1,51.5,1.6,2.2,0.4,0.2,0.9,30.0,
29502,2023,Boston University Terriers,O. Landrum,F,,,3.4,3.0,0.2,10.2,1.4,2.8,52.2,0.0,0.0,0.0,0.5,0.6,75.0,1.2,1.8,0.3,0.7,0.3,25.0,
29504,2023,Boston University Terriers,B. Roy,G,,,0.9,0.5,0.3,5.4,0.2,0.8,30.0,0.1,0.3,25.0,0.4,0.6,62.5,0.1,0.4,0.1,0.0,0.2,13.0,
29505,2023,Boston University Terriers,N. Nobili,F,,,0.6,1.8,0.4,5.9,0.2,1.3,18.8,0.1,0.8,11.1,0.0,0.0,0.0,0.6,1.2,0.2,0.3,0.6,12.0,
29506,2023,Boston University Terriers,T. Uzoegbu,F,,,0.3,0.7,0.0,2.0,0.0,0.7,0.0,0.0,0.7,0.0,0.3,0.7,50.0,0.7,0.0,0.0,0.7,0.0,3.0,
29507,2023,Boston University Terriers,J. Tab,G,,,0.0,0.0,0.0,1.0,0.0,0.0,0.0,0.0,0.0,0.0,0.0,0.0,0.0,0.0,0.0,0.0,0.0,0.0,1.0,
29508,2023,Boston University Terriers,M. Quinn,G,,,0.0,0.0,0.0,3.0,0.0,2.0,0.0,0.0,1.0,0.0,0.0,0.0,0.0,0.0,0.0,0.0,0.0,0.0,2.0,
29510,2023,Bowling Green Falcons,S. Curtis,G,,,12.9,3.5,4.1,28.0,3.7,9.3,40.0,1.4,4.4,31.8,4.0,4.6,87.9,0.5,3.0,0.8,0.2,2.6,29.0,
29511,2023,Bowling Green Falcons,K. Metheny,G,,,10.7,2.9,2.6,31.8,3.8,9.6,39.8,2.4,6.2,38.2,0.7,0.9,83.3,0.3,2.5,1.2,0.0,1.3,28.0,
29512,2023,Bowling Green Falcons,R. Agee,F,,,9.9,5.7,0.7,18.2,3.7,7.1,52.8,0.2,0.8,24.0,2.3,4.0,57.1,1.4,4.2,0.6,1.1,1.8,30.0,
29514,2023,Bowling Green Falcons,S. Towns,F,,,6.1,4.4,0.5,18.8,2.4,4.3,55.7,0.1,0.4,20.0,1.3,2.0,65.5,1.3,3.1,0.2,0.7,0.7,27.0,
29515,2023,Bowling Green Falcons,B. Mills,G,,,5.1,3.0,0.8,23.7,1.8,4.2,43.3,0.7,2.0,33.3,0.7,1.0,73.3,0.8,2.2,0.7,0.1,0.7,30.0,
29517,2023,Bowling Green Falcons,I. Elsasser,G,,,3.4,1.6,0.5,13.4,1.2,2.6,46.8,0.7,1.5,44.4,0.4,0.6,64.7,0.4,1.2,0.5,0.1,0.4,30.0,
29518,2023,Bowling Green Falcons,G. O'Neal,F,,,3.1,1.7,0.1,8.0,1.1,2.2,50.0,0.0,0.0,0.0,0.9,1.3,64.9,0.8,0.9,0.1,0.2,0.6,28.0,
29519,2023,Bowling Green Falcons,J. Watson,G,,,1.9,0.8,0.1,4.4,0.6,1.4,45.5,0.2,0.9,28.6,0.4,0.5,75.0,0.1,0.6,0.0,0.0,0.4,8.0,
29520,2023,Bowling Green Falcons,A. McComb III,G,,,1.2,0.8,0.3,7.4,0.5,2.0,23.3,0.0,0.9,5.3,0.2,0.5,50.0,0.2,0.5,0.1,0.0,0.1,21.0,
29523,2023,Bradley Braves,R. Mast,F,,,13.8,8.0,2.4,28.7,5.6,10.8,51.8,0.8,2.3,35.3,1.8,2.5,73.6,2.2,5.8,0.6,0.5,1.8,29.0,
29524,2023,Bradley Braves,M. Leons,F,,,11.1,6.0,1.2,30.5,3.7,8.0,46.6,1.3,3.6,35.4,2.4,3.1,77.6,2.1,3.9,1.5,1.5,1.3,35.0,
29525,2023,Bradley Braves,J. Henry,F,,,9.6,4.3,0.7,20.2,3.7,6.3,57.6,0.0,0.1,0.0,2.3,4.2,54.5,2.0,2.4,0.8,0.3,1.1,29.0,
29526,2023,Bradley Braves,D. Deen,G,,,9.6,2.4,2.8,26.1,3.1,8.4,37.3,2.0,5.6,35.9,1.3,1.6,78.9,0.1,2.3,0.9,0.1,1.9,35.0,
29527,2023,Bradley Braves,C. Hickman,G,,,8.6,2.9,2.1,30.4,3.2,8.1,39.7,1.4,4.2,33.6,0.7,1.2,57.1,0.3,2.6,0.8,0.2,1.6,34.0,
29528,2023,Bradley Braves,Z. Montgomery,G,,,8.1,3.4,1.1,22.9,2.9,6.8,43.4,1.2,2.9,42.2,1.0,1.6,64.4,0.6,2.8,0.9,0.4,1.3,29.0,
29529,2023,Bradley Braves,V. Tahvanainen,G,,,6.7,3.3,1.3,22.2,2.4,5.5,44.4,1.2,3.4,36.8,0.6,0.7,82.6,0.7,2.6,0.5,0.1,0.8,34.0,
29530,2023,Bradley Braves,D. Hannah,F,,,5.7,3.3,1.3,16.1,2.5,4.1,61.4,0.0,0.0,0.0,0.6,1.1,53.8,0.9,2.4,0.6,0.9,1.1,35.0,
29532,2023,Bradley Braves,C. Davis,G,,,1.9,1.0,0.5,8.4,0.7,1.9,39.5,0.4,1.4,31.3,0.0,0.0,0.0,0.1,0.9,0.3,0.0,0.3,23.0,
29534,2023,Bradley Braves,G. Biliew,F,,,1.4,1.1,0.3,6.4,0.4,0.8,55.6,0.0,0.0,0.0,0.6,0.8,70.0,0.2,0.8,0.1,0.0,0.1,12.0,
29535,2023,Bradley Braves,A. Jonovic,C,,,1.2,0.2,0.0,4.6,0.6,1.0,60.0,0.0,0.0,0.0,0.0,0.2,0.0,0.0,0.2,0.0,0.0,0.6,5.0,
29536,2023,Bradley Braves,S. Hennessy,G,,,0.5,0.0,0.0,1.2,0.2,0.2,100.0,0.2,0.2,100.0,0.0,0.0,0.0,0.0,0.0,0.0,0.0,0.2,6.0,
29537,2023,Bradley Braves,C. Hardtke,G,,,0.2,0.1,0.1,1.7,0.1,0.4,25.0,0.0,0.1,0.0,0.0,0.0,0.0,0.1,0.0,0.0,0.0,0.1,9.0,
29538,2023,Bradley Braves,C. Linke,F,,,0.2,0.8,0.4,4.6,0.1,0.3,20.0,0.0,0.0,0.0,0.1,0.3,20.0,0.3,0.5,0.1,0.0,0.6,17.0,
29539,2023,Brown Bears,K. Lilly Jr.,G,,,16.9,2.1,2.4,34.7,5.9,13.5,43.8,2.9,7.1,39.9,2.1,2.6,82.9,0.3,1.7,1.1,0.0,2.4,27.0,
29540,2023,Brown Bears,P. Wojcik,G,,,14.9,7.2,3.2,34.6,5.1,11.0,46.1,2.1,5.6,38.0,2.6,3.8,68.9,0.5,6.7,1.3,0.0,1.8,27.0,
29541,2023,Brown Bears,N. Owusu-Anane,F,,,10.3,8.2,2.1,28.6,4.0,9.0,44.2,0.2,1.1,18.5,2.1,3.6,59.6,2.8,5.4,1.4,1.2,2.4,25.0,
29542,2023,Brown Bears,K. Anya,F,,,8.2,6.2,1.6,25.2,3.2,6.1,52.7,0.2,0.3,60.0,1.6,3.1,50.9,1.9,4.3,0.7,0.7,2.4,18.0,
29543,2023,Brown Bears,D. Friday,G,,,7.7,3.6,2.7,21.0,2.8,6.6,42.4,0.3,1.2,22.7,1.8,2.6,70.0,1.2,2.4,1.2,0.2,1.9,19.0,
29544,2023,Brown Bears,A. Cooley,G,,,5.1,2.6,0.8,19.5,2.0,4.6,42.4,0.3,1.2,27.3,0.9,1.4,61.5,0.6,1.9,0.7,0.8,0.9,27.0,
29545,2023,Brown Bears,K. Ferrari,G,,,3.9,1.9,1.4,22.6,1.3,3.7,36.4,0.9,2.8,32.4,0.3,0.5,66.7,0.3,1.6,0.9,0.0,0.7,24.0,
29546,2023,Brown Bears,M. Ndur,F,,,3.6,3.0,0.6,14.0,1.6,3.0,52.1,0.2,0.8,23.1,0.2,0.6,40.0,1.1,1.9,0.6,0.4,1.3,16.0,
29547,2023,Brown Bears,P. Cowan,G,,,3.5,0.7,0.4,11.9,1.2,3.7,32.7,1.0,3.1,32.9,0.0,0.3,14.3,0.3,0.4,0.2,0.1,0.2,27.0,
29549,2023,Brown Bears,F. Kloman,G,,,2.0,0.9,0.4,7.8,0.7,1.9,36.1,0.3,1.0,26.3,0.4,0.6,63.6,0.2,0.8,0.2,0.1,0.3,19.0,
29550,2023,Brown Bears,L. Erold,G,,,0.5,0.4,0.1,1.8,0.2,0.5,33.3,0.1,0.2,33.3,0.1,0.3,25.0,0.2,0.2,0.0,0.1,0.1,12.0,
29551,2023,Brown Bears,S. Klores,G,,,0.5,0.4,0.1,1.9,0.1,0.5,25.0,0.1,0.4,33.3,0.1,0.4,33.3,0.0,0.4,0.0,0.0,0.5,8.0,
29552,2023,Brown Bears,A. Lesburt Jr.,G,,,0.3,0.6,0.1,1.6,0.1,0.5,25.0,0.0,0.1,0.0,0.0,0.0,0.0,0.2,0.4,0.0,0.0,0.1,8.0,
29553,2023,Bryant Bulldogs,S. Gross-Bullock,G,,,17.1,4.5,2.8,29.7,5.7,12.2,46.6,2.2,5.7,39.6,3.5,4.9,71.3,0.4,4.1,0.9,0.1,3.0,29.0,
29554,2023,Bryant Bulldogs,C. Pride,G,,,14.6,6.1,2.4,34.1,4.9,10.9,45.3,1.9,5.0,37.0,2.9,3.4,84.8,2.2,3.9,1.3,0.1,1.4,29.0,
29555,2023,Bryant Bulldogs,E. Timberlake,G,,,13.8,8.4,2.7,32.6,5.4,10.2,52.6,0.1,0.7,20.0,2.9,4.5,64.3,1.8,6.7,0.9,0.6,2.8,28.0,
29557,2023,Bryant Bulldogs,K. Cramer,F,,,6.1,3.8,0.5,15.3,2.7,4.6,58.7,0.0,0.4,0.0,0.7,1.3,53.8,1.7,2.1,0.8,1.3,1.1,20.0,
29558,2023,Bryant Bulldogs,T. Brelsford,G,,,6.0,1.8,1.6,20.9,1.8,3.9,46.0,1.0,2.6,37.8,1.4,1.7,87.5,0.3,1.4,0.9,0.1,1.1,29.0,
29559,2023,Bryant Bulldogs,D. Edert,G,,,5.4,2.1,1.1,20.5,1.7,5.1,32.9,1.1,3.6,31.2,1.0,1.2,82.9,0.3,1.8,0.3,0.1,0.8,30.0,
29560,2023,Bryant Bulldogs,M. Latimer,G,,,4.9,2.5,0.7,18.4,1.4,4.3,33.3,0.6,2.3,24.2,1.4,1.9,78.0,1.0,1.5,0.7,0.3,0.5,27.0,
29562,2023,Bryant Bulldogs,T. Rochelle,G,,,2.0,0.2,0.4,6.2,0.8,1.8,44.4,0.4,1.4,28.6,0.0,0.0,0.0,0.0,0.2,0.2,0.0,0.2,5.0,
29565,2023,Bryant Bulldogs,J. Moon IV,G,,,0.7,0.5,0.3,3.7,0.2,0.5,50.0,0.1,0.2,50.0,0.1,0.3,25.0,0.1,0.4,0.6,0.0,0.2,12.0,
29566,2023,Bryant Bulldogs,T. Kiggins,G,,,0.6,0.3,0.0,1.9,0.0,0.3,0.0,0.0,0.1,0.0,0.6,0.7,83.3,0.0,0.3,0.1,0.0,0.2,9.0,
29567,2023,Bryant Bulldogs,J. Ozabor,F,,,0.5,0.8,0.2,5.9,0.2,0.6,40.0,0.0,0.1,0.0,0.0,0.1,0.0,0.2,0.6,0.2,0.2,0.3,24.0,
29569,2023,Bucknell Bison,X. Rice,G,,,14.1,2.5,3.8,33.7,4.8,11.2,42.5,2.2,5.9,36.5,2.4,2.9,81.9,0.4,2.1,0.9,0.1,2.1,32.0,
29570,2023,Bucknell Bison,A. Screen,C,,,11.2,5.6,1.4,23.1,4.7,7.5,62.2,0.0,0.1,0.0,1.9,3.3,56.8,1.4,4.2,0.4,1.3,2.1,29.0,
29571,2023,Bucknell Bison,J. Forrest,G,,,10.1,3.9,1.5,27.8,3.9,9.1,42.5,1.9,4.8,38.7,0.5,0.7,75.0,0.3,3.6,0.8,0.5,1.7,22.0,
29572,2023,Bucknell Bison,E. Edmonds IV,G,,,6.3,2.5,2.0,26.0,2.1,5.1,41.8,1.0,2.8,35.2,1.0,1.5,71.1,0.2,2.3,0.7,0.1,1.6,31.0,
29573,2023,Bucknell Bison,I. Motta,F,,,4.6,2.3,0.6,18.4,1.7,4.5,37.1,0.8,2.1,39.4,0.5,0.6,75.0,0.5,1.8,0.6,0.3,0.9,32.0,
29574,2023,Bucknell Bison,J. Adoh,G,,,4.1,1.6,0.6,11.1,1.5,3.5,42.4,0.7,1.8,38.8,0.4,0.6,70.6,0.4,1.2,0.5,0.1,0.7,28.0,
29575,2023,Bucknell Bison,R. Bijiek,F,,,3.6,2.0,0.3,16.0,1.3,2.8,47.3,0.6,1.4,43.2,0.3,0.5,68.8,0.7,1.4,0.3,0.5,0.7,32.0,
29576,2023,Bucknell Bison,J. van der Heijden,F,,,3.3,2.5,0.4,14.3,1.2,3.3,34.9,0.6,2.1,30.3,0.4,0.5,76.5,0.6,1.9,0.2,0.3,0.5,32.0,
29577,2023,Bucknell Bison,B. Muller,F,,,2.4,0.6,0.1,2.9,0.9,1.5,58.3,0.2,0.8,33.3,0.4,0.4,100.0,0.1,0.5,0.1,0.0,0.1,8.0,
29578,2023,Bucknell Bison,J. Bascoe,G,,,2.1,1.9,1.7,11.1,0.7,2.3,32.2,0.2,0.9,21.7,0.5,0.6,75.0,0.3,1.7,0.4,0.0,1.4,26.0,
29579,2023,Bucknell Bison,N. Williamson,C,,,1.5,1.3,0.0,5.0,0.6,0.9,73.3,0.0,0.0,0.0,0.2,0.2,100.0,0.3,1.0,0.2,0.2,0.4,17.0,
29580,2023,Bucknell Bison,J. Fulton,G,,,0.8,0.8,0.4,5.7,0.3,1.0,30.0,0.0,0.2,0.0,0.2,0.4,50.0,0.3,0.5,0.3,0.1,0.5,20.0,
29581,2023,Bucknell Bison,A. Delev,G,,,0.0,0.2,0.2,2.0,0.0,0.0,0.0,0.0,0.0,0.0,0.0,0.0,0.0,0.0,0.2,0.0,0.0,0.2,6.0,
29584,2023,Buffalo Bulls,I. Adams,G,,,11.6,5.0,1.4,29.6,4.2,9.9,42.6,1.9,5.4,35.5,1.3,1.9,66.1,0.9,4.1,0.7,0.5,2.6,32.0,
29585,2023,Buffalo Bulls,L. Hardnett,F,,,11.1,7.3,1.2,29.1,4.1,8.3,49.2,0.7,2.2,34.3,2.2,3.5,62.4,2.5,4.8,0.9,0.4,1.8,31.0,
29590,2023,Buffalo Bulls,K. Mading,C,,,4.5,2.2,0.5,7.2,1.7,2.0,83.3,0.2,0.5,33.3,1.0,1.0,100.0,0.3,1.8,0.2,0.8,0.2,6.0,
29591,2023,Buffalo Bulls,K. Blocker,G,,,4.1,2.2,1.6,17.4,1.6,4.1,38.6,0.7,1.9,34.4,0.2,0.4,61.5,0.4,1.7,0.7,0.1,1.4,32.0,
29593,2023,Buffalo Bulls,Z. Williamson,F,,,1.1,1.1,0.3,3.7,0.3,0.6,60.0,0.0,0.0,0.0,0.4,0.6,80.0,0.1,0.9,0.1,0.1,0.4,18.0,
29595,2023,Butler Bulldogs,S. Lukosius,G,,,11.6,4.0,2.9,33.3,4.1,9.7,42.6,1.8,4.9,37.8,1.5,1.9,80.0,0.7,3.4,1.0,0.1,2.0,32.0,
29601,2023,Butler Bulldogs,M. Tate,G,,,2.5,1.0,0.8,7.7,0.8,2.7,31.1,0.3,1.2,25.0,0.6,0.7,76.5,0.0,1.0,0.3,0.0,0.4,23.0,
29603,2023,Butler Bulldogs,C. Turnbull,F,,,2.0,0.7,0.1,5.4,0.7,1.5,44.1,0.4,0.8,47.1,0.2,0.4,62.5,0.1,0.6,0.0,0.7,0.5,22.0,
29604,2023,Butler Bulldogs,D. Hughes,F,,,1.7,1.9,0.1,8.6,0.7,1.3,52.6,0.0,0.0,0.0,0.3,0.8,41.7,1.0,0.9,0.2,0.2,0.4,15.0,
29605,2023,Butler Bulldogs,M. Wilmoth,F,,,0.7,0.5,0.1,5.6,0.3,1.5,20.0,0.1,0.8,9.1,0.0,0.0,0.0,0.2,0.2,0.1,0.5,0.2,13.0,
29606,2023,Cal Poly Mustangs,B. Stevenson,G,,,11.2,3.8,1.5,28.2,4.0,8.5,46.5,1.0,2.8,35.2,2.3,2.7,85.4,0.8,3.0,0.8,0.2,1.6,33.0,
29607,2023,Cal Poly Mustangs,A. Koroma,F,,,10.8,4.3,0.4,26.0,3.9,8.1,47.9,0.5,1.5,30.6,2.5,3.3,77.1,1.4,2.9,0.4,0.9,1.8,33.0,
29609,2023,Cal Poly Mustangs,K. Sanders,G,,,7.7,3.2,2.2,27.8,2.5,7.2,35.5,0.9,3.2,26.9,1.8,2.2,77.8,0.5,2.7,1.2,0.3,2.1,24.0,
29612,2023,Cal Poly Mustangs,I. Spears,G,,,3.3,0.7,0.7,7.7,1.7,3.0,55.6,0.0,1.0,0.0,0.0,0.0,0.0,0.0,0.7,0.0,0.0,1.0,3.0,
29615,2023,Cal Poly Mustangs,M. Dhal,C,,,2.0,4.0,0.0,8.0,1.0,1.0,100.0,0.0,0.0,0.0,0.0,2.0,0.0,2.0,2.0,1.0,0.0,1.0,1.0,
29616,2023,Cal Poly Mustangs,A. Prukop,G,,,1.8,0.8,0.5,8.0,0.7,2.2,30.9,0.2,1.0,16.7,0.2,0.4,66.7,0.1,0.7,0.1,0.0,0.4,25.0,
29617,2023,Cal Poly Mustangs,A. Price Jr.,PF,,,1.7,1.7,0.0,4.7,0.7,1.7,40.0,0.0,0.0,0.0,0.3,1.0,33.3,1.0,0.7,0.3,0.0,0.3,3.0,
29619,2023,Cal Poly Mustangs,H. Jory,G,,,0.7,0.6,0.5,3.9,0.2,1.0,22.2,0.1,0.5,22.2,0.1,0.2,66.7,0.1,0.5,0.1,0.0,0.4,18.0,
29620,2023,Cal Poly Mustangs,N. Carlson,G,,,0.3,0.4,0.0,2.0,0.1,0.6,25.0,0.0,0.3,0.0,0.0,0.0,0.0,0.0,0.4,0.1,0.0,0.0,7.0,
29622,2023,Cal State Bakersfield Roadrunners,K. Higgins,G,,,13.1,2.5,3.9,29.8,4.1,10.6,38.4,1.2,3.6,31.9,3.8,4.2,90.7,0.5,2.0,1.1,0.0,2.2,13.0,
29623,2023,Cal State Bakersfield Roadrunners,A. Collum,C,,,13.0,5.1,1.5,29.3,4.8,11.0,43.5,0.2,0.6,31.6,3.2,4.2,76.8,1.4,3.6,0.6,0.2,2.0,33.0,
29624,2023,Cal State Bakersfield Roadrunners,M. McGhee III,G,,,8.7,2.8,0.7,28.6,3.0,6.9,43.2,1.7,4.2,40.1,1.1,1.2,85.4,0.2,2.5,0.7,0.1,1.4,33.0,
29626,2023,Cal State Bakersfield Roadrunners,T. Henson,F,,,8.3,3.1,0.5,22.8,2.9,5.8,50.3,0.7,1.8,36.2,1.8,2.2,82.9,0.8,2.3,0.5,1.1,1.2,32.0,
29627,2023,Cal State Bakersfield Roadrunners,M. Kancleris,F,,,5.8,5.8,1.1,19.4,2.7,5.3,50.5,0.3,0.9,29.4,0.2,0.7,30.8,1.9,3.9,0.5,1.1,1.9,18.0,
29628,2023,Cal State Bakersfield Roadrunners,U. Jarusevicius,F,,,4.4,2.8,0.2,13.3,1.8,4.4,41.2,0.3,0.7,38.5,0.5,0.7,75.0,1.3,1.6,0.2,0.4,0.7,18.0,
29629,2023,Cal State Bakersfield Roadrunners,I. Reynolds,G,,,4.3,2.5,2.5,28.8,1.6,4.3,37.8,0.2,0.9,27.6,0.8,1.5,54.2,0.4,2.2,1.4,0.2,1.6,33.0,
29630,2023,Cal State Bakersfield Roadrunners,K. Watson,F,,,3.4,1.3,0.3,10.9,1.4,3.0,47.2,0.0,0.0,0.0,0.5,0.7,81.3,0.4,0.9,0.0,0.0,0.4,24.0,
29632,2023,Cal State Bakersfield Roadrunners,D. Panopio,G,,,2.6,1.6,1.3,19.3,0.9,3.3,28.3,0.2,2.0,10.7,0.6,0.8,72.7,0.2,1.4,0.6,0.1,0.9,14.0,
29633,2023,Cal State Bakersfield Roadrunners,N. Gaskin,G,,,0.8,2.2,1.4,15.6,0.2,1.1,21.7,0.0,0.0,0.0,0.3,0.4,87.5,0.5,1.7,0.7,0.4,1.5,21.0,
29634,2023,Cal State Fullerton Titans,L. Wrightsell,G,,,16.3,4.5,2.4,33.2,5.7,13.5,42.4,2.4,6.3,38.3,2.5,3.0,81.3,0.3,4.2,1.5,0.1,2.0,30.0,
29637,2023,Cal State Fullerton Titans,V. Lee,F,,,7.4,4.7,0.6,22.4,3.2,5.6,57.0,0.0,0.0,0.0,1.1,2.3,45.3,2.0,2.7,0.5,0.4,1.2,32.0,
29639,2023,Cal State Fullerton Titans,G. Carper,G,,,4.2,2.8,0.4,17.4,1.5,3.2,45.2,1.1,2.8,40.4,0.1,0.2,50.0,0.6,2.1,0.6,0.2,0.3,32.0,
29640,2023,Cal State Fullerton Titans,I. Doumbia,F,,,3.3,0.3,0.0,5.0,1.3,1.7,80.0,0.0,0.0,0.0,0.7,1.7,40.0,0.3,0.0,0.3,0.0,0.3,3.0,
29646,2023,Cal State Northridge Matadors,A. Wright,G,,,16.7,3.2,1.7,32.7,4.9,12.5,39.4,2.0,6.1,32.8,4.9,5.6,86.3,0.7,2.5,1.4,0.0,2.1,31.0,
29647,2023,Cal State Northridge Matadors,D. Bostick,G,,,12.4,3.6,2.7,30.7,4.4,11.7,38.0,0.8,2.8,29.3,2.8,4.0,69.0,0.8,2.9,1.2,0.3,2.7,21.0,
29648,2023,Cal State Northridge Matadors,D. Allen-Eikens,F,,,11.1,5.0,1.3,31.2,3.8,8.5,45.4,0.7,2.3,31.5,2.7,3.8,70.2,1.8,3.2,0.8,0.6,1.7,32.0,
29650,2023,Cal State Northridge Matadors,D. Tucker,C,,,5.2,3.6,0.3,18.0,1.9,4.8,39.6,0.0,0.0,0.0,1.4,1.9,72.1,1.3,2.3,0.2,0.7,1.0,32.0,
29651,2023,Cal State Northridge Matadors,F. Okereke,F,,,4.4,5.1,0.6,18.8,1.7,3.4,51.4,0.0,0.0,0.0,0.9,1.5,58.7,1.6,3.5,0.5,0.6,1.2,31.0,
29652,2023,Cal State Northridge Matadors,M. Stevens,G,,,4.2,1.5,1.2,18.5,1.4,4.0,34.2,1.0,2.6,38.0,0.5,0.6,88.2,0.3,1.3,1.0,0.1,1.0,30.0,
29654,2023,Cal State Northridge Matadors,O. Eyisi,F,,,3.4,3.8,0.1,12.2,1.5,3.0,50.7,0.0,0.0,0.0,0.4,0.8,50.0,1.1,2.7,0.3,0.5,0.8,24.0,
29656,2023,Cal State Northridge Matadors,A. Pezeshkian,G,,,2.4,0.3,0.8,4.5,0.7,1.6,41.7,0.0,0.2,0.0,1.1,1.3,80.0,0.1,0.2,0.5,0.0,0.2,15.0,
29663,2023,California Baptist Lancers,H. Goodrick,F,,,8.3,6.5,1.7,25.8,3.2,6.1,51.8,0.4,0.8,46.2,1.7,3.0,54.6,1.9,4.6,0.4,0.3,1.8,32.0,
29665,2023,California Baptist Lancers,R. Nottage,G,,,6.9,3.8,1.3,24.6,2.3,6.1,38.3,1.8,5.0,36.6,0.5,0.7,65.2,1.2,2.6,0.3,0.2,0.6,33.0,
29666,2023,California Baptist Lancers,B. Tchoukuiegno,G,,,6.7,1.7,1.8,20.4,2.3,5.6,40.8,0.3,1.4,23.9,1.8,2.5,72.8,0.2,1.5,0.9,0.2,1.1,33.0,
29669,2023,California Baptist Lancers,J. Stone,F,,,3.4,2.0,0.3,8.8,1.4,2.3,59.6,0.0,0.0,0.0,0.7,1.2,54.8,0.7,1.3,0.0,0.4,0.7,25.0,
29672,2023,California Golden Bears,D. Askew,G,,,15.5,3.4,3.0,31.8,5.2,13.8,37.8,1.5,5.2,29.9,3.5,4.0,86.5,0.5,2.9,0.7,0.2,2.8,13.0,
29673,2023,California Golden Bears,L. Thiemann,C,,,9.5,5.4,0.6,25.0,3.6,7.4,48.5,0.0,0.0,0.0,2.4,3.2,74.0,2.1,3.3,0.5,0.6,1.8,31.0,
29675,2023,California Golden Bears,K. Kuany,F,,,9.0,3.9,0.8,25.3,2.6,7.2,35.9,0.9,2.9,29.8,2.9,3.5,82.3,0.8,3.2,0.6,0.4,1.6,32.0,
29676,2023,California Golden Bears,G. Newell,F,,,8.0,3.9,0.7,26.8,3.2,8.0,39.7,0.6,2.2,26.9,1.1,1.8,63.6,0.6,3.2,0.9,0.2,1.1,31.0,
29678,2023,California Golden Bears,S. Alajiki,F,,,6.1,3.6,0.7,23.9,2.1,5.5,39.0,1.1,3.2,35.9,0.7,1.2,55.9,0.9,2.7,0.4,0.6,0.9,29.0,
29679,2023,California Golden Bears,M. Bowser,G,,,3.8,1.3,0.4,17.2,1.2,3.8,33.3,0.6,2.1,27.3,0.8,0.8,92.6,0.1,1.2,0.3,0.1,0.7,32.0,
29680,2023,California Golden Bears,N. Okafor,F,,,3.7,2.5,0.3,13.3,1.5,3.5,43.4,0.0,0.0,0.0,0.6,1.1,59.4,0.8,1.7,0.1,0.7,0.8,30.0,
29681,2023,California Golden Bears,M. Roberson,G,,,1.8,1.8,0.7,12.7,0.7,2.5,27.3,0.2,0.9,17.9,0.3,0.5,64.3,0.5,1.3,0.4,0.3,1.0,31.0,
29682,2023,California Golden Bears,O. Anyanwu,F,,,1.6,0.9,0.1,6.5,0.5,0.7,65.0,0.0,0.0,0.0,0.7,0.8,85.7,0.4,0.6,0.0,0.1,0.4,27.0,
29683,2023,California Golden Bears,W. Robinson,G,,,1.3,0.5,0.3,4.4,0.5,1.1,44.4,0.2,0.6,33.3,0.1,0.1,50.0,0.0,0.5,0.3,0.0,0.1,16.0,
29684,2023,California Golden Bears,J. McCloskey,G,,,0.0,0.0,0.1,1.0,0.0,0.2,0.0,0.0,0.2,0.0,0.0,0.0,0.0,0.0,0.0,0.0,0.0,0.0,8.0,
29685,2023,Campbell Fighting Camels,R. Clemons,G,,,14.2,4.0,3.3,35.7,4.4,8.4,52.6,0.8,2.0,39.7,4.6,6.8,66.8,0.6,3.4,1.4,0.1,2.0,34.0,
29686,2023,Campbell Fighting Camels,A. Dell'Orso,G,,,12.5,5.8,1.3,29.0,4.4,9.0,48.7,1.1,3.6,32.2,2.6,3.1,83.0,1.0,4.8,0.9,0.1,1.9,34.0,
29688,2023,Campbell Fighting Camels,J. Carralero Martin,F,,,10.6,5.2,2.6,27.0,4.2,8.4,50.0,1.2,2.2,54.5,1.0,2.6,38.5,1.4,3.8,1.4,0.4,3.2,5.0,
29689,2023,Campbell Fighting Camels,J. Lusane,F,,,8.8,3.3,1.9,21.3,3.2,7.6,42.3,0.7,2.5,29.8,1.6,2.1,76.1,0.9,2.4,0.9,0.5,1.3,34.0,
29692,2023,Campbell Fighting Camels,L. Vaistaras,F,,,4.3,2.5,1.3,15.6,1.7,3.5,47.8,0.3,1.0,34.4,0.6,1.0,65.6,0.7,1.7,0.4,0.2,1.1,33.0,
29693,2023,Campbell Fighting Camels,G. Mokseckas,G,,,3.4,1.7,1.2,23.5,1.1,3.2,34.9,0.5,1.9,28.6,0.6,1.2,52.5,0.4,1.3,0.5,0.2,1.0,34.0,
29694,2023,Campbell Fighting Camels,J. Sinani,G,,,2.9,1.2,0.4,14.5,0.9,2.7,34.7,0.5,1.4,32.5,0.5,0.6,83.3,0.2,1.0,0.2,0.1,0.5,28.0,
29695,2023,Campbell Fighting Camels,M. Grant,G,,,2.4,1.8,0.1,7.7,0.9,1.7,50.0,0.0,0.3,16.7,0.6,1.0,59.1,0.4,1.5,0.3,0.1,0.3,22.0,
29696,2023,Campbell Fighting Camels,E. Walsh,G,,,1.5,0.0,0.0,4.0,0.5,1.0,50.0,0.0,0.5,0.0,0.5,1.0,50.0,0.0,0.0,0.3,0.0,0.3,4.0,
29697,2023,Campbell Fighting Camels,W. Johnson,C,,,1.5,0.5,0.0,2.5,0.5,2.0,25.0,0.5,0.5,100.0,0.0,0.0,0.0,0.5,0.0,0.0,0.0,0.0,2.0,
29698,2023,Campbell Fighting Camels,O. Harris,G,,,0.4,0.0,0.0,3.4,0.2,1.0,20.0,0.0,0.6,0.0,0.0,0.2,0.0,0.0,0.0,0.0,0.0,0.2,5.0,
29699,2023,Campbell Fighting Camels,D. Randolph,G,,,0.0,0.0,0.3,4.3,0.0,0.8,0.0,0.0,0.5,0.0,0.0,0.0,0.0,0.0,0.0,0.0,0.0,0.0,4.0,
29700,2023,Canisius Golden Griffins,J. Henderson,G,,,14.0,3.0,2.2,32.0,5.0,12.6,40.1,2.1,5.7,36.2,1.8,2.6,71.6,0.5,2.5,1.0,0.3,1.3,26.0,
29701,2023,Canisius Golden Griffins,T. Staveskie,G,,,12.4,3.1,2.8,30.2,4.5,11.4,39.6,1.5,5.1,30.1,1.8,2.1,87.3,0.9,2.2,0.9,0.4,2.4,30.0,
29703,2023,Canisius Golden Griffins,J. Fritz,F,,,8.4,5.9,2.7,27.0,3.0,5.5,55.5,0.4,0.9,42.3,1.9,2.8,68.2,2.0,3.9,0.9,0.5,1.4,30.0,
29704,2023,Canisius Golden Griffins,T. Gadsden,G,,,7.6,4.3,0.9,19.7,2.5,5.9,43.0,1.0,2.9,34.8,1.5,1.9,81.4,0.8,3.5,0.5,0.3,1.0,23.0,
29705,2023,Canisius Golden Griffins,X. Long,F,,,6.9,5.9,2.2,25.2,2.5,5.5,46.4,0.4,1.1,31.3,1.5,2.1,71.2,2.1,3.9,0.7,0.5,1.7,28.0,
29706,2023,Canisius Golden Griffins,T. Dinkins,G,,,5.9,1.9,1.4,20.3,2.1,6.1,34.1,1.1,3.2,34.0,0.6,0.8,82.6,0.2,1.6,0.4,0.2,1.2,30.0,
29707,2023,Canisius Golden Griffins,S. Uijtendaal,G,,,4.3,0.8,0.8,12.0,1.6,3.7,44.0,1.1,2.6,41.7,0.0,0.1,50.0,0.0,0.8,0.5,0.1,0.5,23.0,
29708,2023,Canisius Golden Griffins,G. Maslennikov,F,,,4.1,2.9,0.5,14.3,1.7,3.7,47.5,0.2,0.9,26.1,0.4,0.6,64.7,1.0,1.9,0.1,0.3,1.0,27.0,
29709,2023,Canisius Golden Griffins,B. Okpoh,F,,,3.5,3.4,0.4,15.4,1.4,2.9,48.8,0.0,0.0,0.0,0.7,1.5,46.5,1.5,1.9,0.4,0.4,0.4,28.0,
29710,2023,Canisius Golden Griffins,Y. Fritz,F,,,2.1,2.6,0.5,9.3,0.7,1.9,36.8,0.0,0.0,0.0,0.7,1.0,70.0,1.0,1.6,0.2,0.0,0.6,10.0,
29714,2023,Central Arkansas Bears,E. Kayouloud,G,,,15.0,6.5,1.3,29.2,6.0,12.6,47.8,1.2,3.1,37.5,1.8,2.5,72.7,2.0,4.5,0.9,0.4,1.6,31.0,
29715,2023,Central Arkansas Bears,C. Cooper,G,,,10.2,2.3,1.5,31.0,3.3,9.3,35.1,2.0,6.1,32.7,1.7,2.1,80.0,0.6,1.7,1.0,0.0,1.1,26.0,
29716,2023,Central Arkansas Bears,M. Olowokere,G,,,7.9,5.5,1.7,29.8,3.2,7.1,44.8,1.1,3.1,36.2,0.5,0.9,53.8,1.5,4.0,1.0,0.2,1.6,30.0,
29717,2023,Central Arkansas Bears,V. Reeves Jr.,G,,,6.7,3.0,0.7,20.9,2.5,6.7,36.9,1.2,3.6,35.0,0.5,0.6,88.2,0.7,2.3,0.4,0.1,0.8,28.0,
29718,2023,Central Arkansas Bears,E. Cato,F,,,5.2,4.2,0.6,19.3,1.7,4.2,41.0,0.3,1.4,23.5,1.5,1.7,86.0,1.0,3.2,0.6,1.1,1.9,25.0,
29719,2023,Central Arkansas Bears,J. Kirsipuu,G,,,5.1,1.3,1.6,14.8,1.4,4.1,33.9,0.7,2.1,31.1,1.7,2.1,78.7,0.2,1.1,0.6,0.1,2.0,29.0,
29721,2023,Central Arkansas Bears,I. Klintman,G,,,4.2,3.1,1.7,24.3,1.3,4.0,31.9,0.6,2.2,25.6,1.1,1.4,80.0,1.2,1.9,0.7,0.6,1.4,18.0,
29722,2023,Central Arkansas Bears,C. Daughtery Jr.,G,,,3.8,1.7,0.1,9.7,1.4,3.3,44.0,0.5,1.5,34.3,0.4,0.6,69.2,0.5,1.3,0.2,0.0,0.5,23.0,
29723,2023,Central Arkansas Bears,C. Bounds,F,,,3.6,2.4,0.4,10.2,1.4,3.3,42.5,0.2,0.7,26.7,0.6,1.2,53.8,1.1,1.2,0.3,0.5,0.8,22.0,
29724,2023,Central Arkansas Bears,B. Simmons,G,,,1.8,0.0,0.0,3.6,0.4,1.0,40.0,0.4,1.0,40.0,0.6,1.0,60.0,0.0,0.0,0.0,0.0,0.0,5.0,
29726,2023,Central Arkansas Bears,L. McDaniel,G,,,0.6,0.3,0.4,5.3,0.2,1.3,15.8,0.1,0.6,11.1,0.1,0.3,50.0,0.3,0.1,0.1,0.1,0.1,15.0,
29727,2023,Central Arkansas Bears,J. Munson,C,,,0.2,0.4,0.0,2.6,0.1,0.5,25.0,0.0,0.1,0.0,0.0,0.0,0.0,0.0,0.4,0.1,0.1,0.1,17.0,
29728,2023,Central Arkansas Bears,T. South,G,,,0.0,0.0,0.0,1.0,0.0,0.2,0.0,0.0,0.2,0.0,0.0,0.0,0.0,0.0,0.0,0.0,0.0,0.0,4.0,
29729,2023,Central Connecticut Blue Devils,K. Amos,G,,,14.1,3.4,1.3,31.3,5.4,12.0,45.2,2.0,5.6,35.2,1.3,2.0,65.6,0.6,2.8,0.8,0.5,1.8,32.0,
29730,2023,Central Connecticut Blue Devils,A. Snoddy,G,,,9.5,8.4,1.4,33.1,3.7,8.5,43.2,0.7,2.2,30.0,1.5,2.4,61.0,2.7,5.8,0.6,0.4,1.8,32.0,
29731,2023,Central Connecticut Blue Devils,J. Rodgers,G,,,9.1,1.9,2.3,23.3,3.5,8.8,39.6,1.2,3.6,33.7,0.9,1.2,77.1,0.3,1.6,0.3,0.0,1.4,29.0,
29732,2023,Central Connecticut Blue Devils,D. Sweatman,G,,,6.3,2.9,2.2,21.2,2.4,5.6,42.5,0.8,1.9,41.0,0.8,1.0,81.3,0.6,2.3,0.8,0.1,1.1,32.0,
29734,2023,Central Connecticut Blue Devils,T. Breland,G,,,4.8,3.2,0.7,14.4,1.9,4.1,45.5,0.4,1.3,28.2,0.7,1.1,63.6,1.1,2.1,0.5,0.2,0.7,30.0,
29735,2023,Central Connecticut Blue Devils,A. Momoh,F,,,4.5,3.5,0.5,18.2,1.8,3.6,49.6,0.0,0.0,0.0,0.9,1.6,59.2,1.4,2.1,0.3,1.3,0.7,31.0,
29736,2023,Central Connecticut Blue Devils,J. Ostrowsky,G,,,3.3,1.9,1.3,16.1,1.2,3.3,35.1,0.6,2.2,27.5,0.4,0.4,90.0,0.4,1.5,0.7,0.1,0.7,23.0,
29737,2023,Central Connecticut Blue Devils,B. Limric,F,,,1.5,0.5,0.0,4.8,0.6,1.3,45.8,0.3,0.6,45.5,0.1,0.2,50.0,0.1,0.5,0.2,0.3,0.4,19.0,
29738,2023,Central Connecticut Blue Devils,K. Rocker,G,,,0.9,0.1,0.0,1.4,0.3,0.9,33.3,0.3,0.7,40.0,0.0,0.0,0.0,0.1,0.0,0.0,0.0,0.0,7.0,
29739,2023,Central Connecticut Blue Devils,T. Holloway,G,,,0.8,0.3,0.2,4.7,0.2,0.8,20.0,0.2,0.6,28.6,0.2,0.3,75.0,0.0,0.3,0.1,0.0,0.3,12.0,
29740,2023,Central Connecticut Blue Devils,A. Dehnavi,C,,,0.0,0.8,0.0,4.5,0.0,0.1,0.0,0.0,0.0,0.0,0.0,0.0,0.0,0.3,0.5,0.1,0.1,0.1,11.0,
29741,2023,Central Michigan Chippewas,B. Miller,G,,,18.5,3.8,5.3,35.0,6.8,13.0,51.9,0.8,2.0,37.5,4.2,5.5,77.3,1.2,2.5,0.8,0.0,4.5,4.0,
29743,2023,Central Michigan Chippewas,B. Taylor,G,,,14.4,6.1,1.7,36.4,5.3,12.8,41.6,1.0,3.5,28.4,2.7,4.1,66.7,1.2,4.9,1.1,0.8,2.0,31.0,
29745,2023,Central Michigan Chippewas,M. Harding,C,,,9.3,4.0,0.7,21.5,3.4,7.1,47.6,0.9,2.9,30.4,1.7,2.5,68.3,1.8,2.3,0.3,0.4,2.4,24.0,
29747,2023,Central Michigan Chippewas,N. Pavrette,F,,,4.6,4.5,0.4,16.9,2.1,3.5,59.4,0.0,0.0,0.0,0.4,1.5,27.3,1.8,2.7,0.5,1.0,0.8,29.0,
29748,2023,Central Michigan Chippewas,M. Stafl,C,,,4.1,2.6,0.5,13.4,1.2,2.9,42.9,0.2,0.8,21.1,1.5,1.9,77.8,0.9,1.7,0.2,0.2,1.5,24.0,
29754,2023,Central Michigan Chippewas,C. Hodgson,F,,,1.4,1.1,0.3,5.2,0.5,0.9,57.1,0.1,0.2,50.0,0.3,0.8,38.5,0.3,0.8,0.1,0.0,0.3,16.0,
29755,2023,Charleston Cougars,D. Bolon,G,,,12.2,4.2,1.3,23.3,4.3,10.3,41.2,1.8,5.4,33.3,1.9,2.2,87.0,1.1,3.1,0.8,0.0,1.2,35.0,
29756,2023,Charleston Cougars,A. Brzovic,F,,,11.6,5.9,0.9,19.1,4.3,9.2,46.1,0.9,2.9,30.0,2.3,3.1,71.8,1.7,4.2,0.7,0.5,1.3,35.0,
29760,2023,Charleston Cougars,B. Burnham,F,,,8.8,3.7,0.5,16.8,3.3,6.3,53.0,1.2,2.6,44.6,1.0,1.4,72.0,1.1,2.6,0.3,0.3,1.0,35.0,
29761,2023,Charleston Cougars,R. Horton,F,,,5.4,3.3,1.1,20.3,1.7,4.5,37.9,0.9,2.5,34.5,1.2,1.7,69.0,1.1,2.1,0.7,0.1,1.3,34.0,
29762,2023,Charleston Cougars,B. Faye,F,,,4.7,4.6,0.6,15.2,1.5,2.9,52.0,0.0,0.6,4.8,1.6,2.4,69.1,1.4,3.3,0.4,0.7,1.1,34.0,
29764,2023,Charleston Cougars,A. Comer,F,,,1.1,0.5,0.0,1.6,0.5,0.6,85.7,0.0,0.0,0.0,0.0,0.0,0.0,0.4,0.1,0.1,0.0,0.1,11.0,
29765,2023,Charleston Cougars,C. Lampten,F,,,0.8,2.0,0.1,7.1,0.3,0.7,42.9,0.0,0.1,0.0,0.3,0.6,44.4,1.2,0.8,0.2,0.5,0.6,31.0,
29768,2023,Charleston Cougars,S. Legg,G,,,0.5,0.1,0.0,1.6,0.2,0.6,33.3,0.1,0.2,50.0,0.0,0.0,0.0,0.0,0.1,0.1,0.0,0.1,10.0,
29769,2023,Charleston Cougars,D. Ritter,G,,,0.3,0.2,0.3,1.7,0.1,0.5,16.7,0.1,0.5,16.7,0.0,0.0,0.0,0.0,0.2,0.0,0.0,0.0,12.0,
29771,2023,Charleston Southern Buccaneers,T. Chavez,G,,,11.1,2.5,1.4,26.1,3.4,9.4,36.4,2.5,7.3,35.1,1.7,2.2,77.9,0.1,2.4,0.5,0.1,0.9,31.0,
29772,2023,Charleston Southern Buccaneers,T. Kelly,F,,,10.7,5.5,1.0,26.4,4.4,7.5,58.5,0.0,0.0,0.0,1.9,2.8,67.0,2.1,3.4,0.4,0.3,1.9,31.0,
29774,2023,Charleston Southern Buccaneers,R. Johnson,G,,,7.4,2.4,3.1,25.6,2.5,7.2,34.8,0.7,2.3,31.0,1.7,2.0,85.7,0.4,2.0,0.9,0.1,1.6,25.0,
29775,2023,Charleston Southern Buccaneers,K. Clinton,F,,,7.1,4.4,0.8,21.5,2.6,5.2,50.7,0.2,0.7,26.3,1.7,2.9,59.5,1.8,2.6,0.8,0.3,1.9,29.0,
29776,2023,Charleston Southern Buccaneers,C. Faye,F,,,4.4,2.8,0.7,16.4,1.6,4.4,35.5,1.0,3.0,32.8,0.3,0.3,100.0,1.1,1.7,0.3,0.2,1.1,21.0,
29777,2023,Charleston Southern Buccaneers,R. Duhart Jr.,F,,,3.2,3.0,0.3,13.9,1.2,2.5,49.2,0.2,0.4,40.0,0.5,0.8,70.0,1.5,1.6,0.3,0.8,0.4,26.0,
29778,2023,Charleston Southern Buccaneers,E. Knox,G,,,2.7,1.7,1.7,13.3,0.8,2.3,36.6,0.4,1.1,40.0,0.6,0.7,91.7,0.3,1.4,0.3,0.2,1.1,18.0,
29780,2023,Charleston Southern Buccaneers,G. Heath III,G,,,2.4,1.7,0.5,7.8,1.1,2.8,38.7,0.0,0.3,0.0,0.2,0.3,66.7,0.6,1.1,0.4,0.2,0.3,11.0,
29783,2023,Charleston Southern Buccaneers,T. Schaafsma,G,,,0.6,0.4,0.6,3.0,0.2,0.6,33.3,0.0,0.0,0.0,0.2,0.4,50.0,0.2,0.2,0.2,0.0,0.0,5.0,
29786,2023,Charlotte 49ers,A. Khalifa,C,,,11.7,6.3,2.7,28.5,4.7,9.1,51.1,1.4,3.7,38.1,0.9,1.3,74.4,1.7,4.6,0.6,0.6,1.6,34.0,
29787,2023,Charlotte 49ers,L. Patterson,G,,,10.2,3.3,2.8,28.3,3.4,7.1,48.0,0.8,1.9,39.1,2.6,3.4,77.2,0.4,2.9,0.8,0.1,1.4,36.0,
29788,2023,Charlotte 49ers,I. Milicic Jr.,F,,,7.7,4.1,0.6,21.3,2.8,5.9,47.6,1.2,3.5,33.6,0.9,1.1,77.5,0.8,3.3,0.6,0.5,1.3,35.0,
29790,2023,Charlotte 49ers,J. Threadgill,G,,,6.6,1.8,1.6,29.7,2.4,6.1,39.9,0.9,2.7,35.1,0.8,1.0,80.6,0.1,1.7,0.5,0.2,1.0,36.0,
29791,2023,Charlotte 49ers,I. Folkes,G,,,5.0,1.2,1.3,18.4,2.3,3.6,62.2,0.3,0.7,34.6,0.3,0.9,29.0,0.1,1.1,0.8,0.3,1.2,35.0,
29792,2023,Charlotte 49ers,R. Braswell IV,F,,,4.8,1.7,0.2,13.9,1.8,4.7,38.3,0.5,2.6,19.2,0.7,0.9,77.8,1.1,0.6,0.2,0.6,0.9,10.0,
29794,2023,Charlotte 49ers,N. Graves,G,,,1.6,0.5,0.8,8.4,0.6,1.5,39.4,0.3,0.8,35.3,0.2,0.4,44.4,0.0,0.5,0.5,0.0,0.5,22.0,
29795,2023,Charlotte 49ers,D. Berry,G,,,1.4,0.9,0.3,7.0,0.6,1.6,35.3,0.1,0.7,13.3,0.1,0.3,42.9,0.2,0.7,0.5,0.0,0.5,21.0,
29796,2023,Charlotte 49ers,T. Fearne,G,,,0.8,0.3,0.0,1.8,0.2,1.0,25.0,0.2,1.0,25.0,0.0,0.0,0.0,0.0,0.2,0.0,0.0,0.0,4.0,
29797,2023,Charlotte 49ers,R. Larson,G,,,0.3,0.3,0.0,1.4,0.1,0.6,25.0,0.0,0.1,0.0,0.0,0.0,0.0,0.0,0.3,0.0,0.0,0.0,7.0,
29805,2023,Chattanooga Mocs,A. Smith,G,,,5.5,1.5,2.5,13.5,2.0,2.5,80.0,1.5,2.0,75.0,0.0,0.0,0.0,0.0,1.5,0.0,0.0,0.0,2.0,
29806,2023,Chattanooga Mocs,S. Alexis,F,,,5.0,3.8,0.8,11.8,1.9,3.7,52.1,0.4,1.0,36.4,0.8,1.3,57.1,1.5,2.4,0.3,0.6,0.8,32.0,
29807,2023,Chattanooga Mocs,K. Hankton,F,,,4.5,2.9,0.7,13.3,1.7,3.6,47.7,0.7,1.7,39.0,0.5,0.6,73.3,0.6,2.3,0.4,0.1,0.6,24.0,
29809,2023,Chattanooga Mocs,R. Brady,F,,,4.0,2.9,1.0,13.7,1.2,3.1,39.8,0.4,1.2,31.7,1.1,1.8,61.0,1.1,1.8,0.3,0.2,0.8,33.0,
29810,2023,Chattanooga Mocs,J. Taylor Jr.,G,,,1.9,0.2,0.1,4.6,0.8,1.5,55.6,0.1,0.2,33.3,0.2,0.2,100.0,0.0,0.2,0.1,0.0,0.3,12.0,
29811,2023,Chattanooga Mocs,G. Ledford,G,,,0.9,0.7,0.2,5.2,0.4,1.6,21.4,0.1,1.1,5.3,0.2,0.2,75.0,0.2,0.5,0.0,0.1,0.1,17.0,
29812,2023,Chicago State Cougars,"W. Cardet, Jr.",G,,,16.6,5.0,3.1,33.9,5.3,11.7,45.3,1.0,3.0,34.4,5.0,6.2,81.3,1.7,3.3,1.0,0.6,3.1,31.0,
29813,2023,Chicago State Cougars,J. Corbett,G,,,14.2,8.8,1.1,34.8,5.6,12.0,46.6,1.1,3.5,31.5,1.9,3.1,60.8,2.9,5.9,0.6,0.4,1.8,31.0,
29816,2023,Chicago State Cougars,B. Davis,G,,,6.8,3.3,1.0,25.8,2.3,6.0,38.4,1.2,3.8,30.3,1.0,1.6,65.3,1.1,2.2,0.9,0.3,1.2,31.0,
29817,2023,Chicago State Cougars,D. Jean-Charles,G,,,6.6,3.0,0.9,22.2,2.3,5.5,42.4,0.2,1.8,14.3,1.7,2.4,69.0,1.4,1.6,0.4,0.2,1.2,12.0,
29818,2023,Chicago State Cougars,K. Green,G,,,3.9,1.6,2.0,16.6,1.2,3.3,37.5,0.7,1.9,37.8,0.7,1.0,73.9,0.4,1.2,0.7,0.0,1.1,24.0,
29819,2023,Chicago State Cougars,T. Cole,F,,,3.8,2.7,0.2,14.0,1.5,2.5,58.5,0.0,0.0,0.0,0.8,1.7,48.6,1.3,1.4,0.4,0.4,0.7,21.0,
29823,2023,Chicago State Cougars,R. Blount,G,,,0.9,0.6,0.3,4.0,0.3,1.1,30.0,0.2,0.8,28.6,0.0,0.0,0.0,0.1,0.4,0.0,0.0,0.3,9.0,
29824,2023,Chicago State Cougars,T. Arneaud,G,,,0.8,0.7,0.6,5.6,0.3,0.9,30.8,0.1,0.5,25.0,0.1,0.1,100.0,0.2,0.5,0.1,0.0,0.3,15.0,
29828,2023,Cincinnati Bearcats,D. DeJulius,G,,,14.8,2.3,5.3,32.5,5.3,12.7,41.9,1.6,4.7,33.5,2.6,3.1,85.6,0.4,1.9,1.1,0.0,1.7,36.0,
29829,2023,Cincinnati Bearcats,V. Lakhin,C,,,11.6,7.1,0.5,23.6,4.8,7.8,61.7,0.1,0.1,50.0,2.0,3.5,56.0,2.3,4.8,1.2,1.4,1.3,33.0,
29830,2023,Cincinnati Bearcats,M. Adams-Woods,G,,,9.1,2.4,3.2,29.9,3.3,7.8,43.0,1.4,3.9,36.6,1.0,1.2,83.7,0.2,2.2,1.1,0.2,1.5,36.0,
29831,2023,Cincinnati Bearcats,J. Davenport,G,,,9.1,4.2,1.5,25.6,2.9,8.3,35.1,2.0,6.1,33.0,1.2,1.5,83.0,1.1,3.1,0.8,0.3,0.7,36.0,
29832,2023,Cincinnati Bearcats,O. Oguama,F,,,5.5,5.4,0.5,20.7,2.3,4.0,57.6,0.0,0.0,0.0,0.9,1.6,55.4,2.2,3.2,0.4,0.3,0.9,36.0,
29833,2023,Cincinnati Bearcats,D. Skillings Jr.,G,,,5.3,3.3,0.6,14.6,2.0,5.3,38.0,0.5,2.1,25.7,0.7,1.1,60.5,0.9,2.4,0.3,0.4,0.9,35.0,
29835,2023,Cincinnati Bearcats,S. Tolentino,F,,,2.5,1.0,0.0,4.0,1.0,1.0,100.0,0.0,0.0,0.0,0.5,1.0,50.0,0.5,0.5,0.0,0.0,0.0,2.0,
29836,2023,Cincinnati Bearcats,J. Hensley,F,,,2.0,0.9,0.6,7.7,0.8,1.7,47.4,0.0,0.3,14.3,0.4,0.6,71.4,0.4,0.5,0.0,0.3,0.4,23.0,
29839,2023,Cincinnati Bearcats,C. Anthony,G,,,0.5,0.3,0.2,1.7,0.1,0.4,33.3,0.1,0.3,25.0,0.1,0.3,50.0,0.0,0.3,0.0,0.0,0.1,14.0,
29840,2023,Cincinnati Bearcats,J. Newman III,F,,,0.0,2.0,0.0,11.0,0.0,0.0,0.0,0.0,0.0,0.0,0.0,0.0,0.0,2.0,0.0,1.0,0.0,1.0,1.0,
29841,2023,Cincinnati Bearcats,C. Kirkwood,G,,,0.0,0.0,0.0,1.4,0.0,0.2,0.0,0.0,0.1,0.0,0.0,0.1,0.0,0.0,0.0,0.1,0.0,0.0,9.0,
29842,2023,Clemson Tigers,P. Hall,C,,,15.3,5.7,1.0,24.6,5.8,10.9,53.5,1.0,2.5,39.8,2.7,3.4,78.6,1.6,4.1,0.7,1.1,1.7,33.0,
29843,2023,Clemson Tigers,H. Tyson,F,,,15.3,9.6,1.5,34.7,5.1,10.6,47.9,2.4,6.0,40.5,2.7,3.3,83.8,1.3,8.3,0.9,0.1,1.0,34.0,
29846,2023,Clemson Tigers,A. Hemenway,G,,,6.9,1.8,1.1,23.9,2.3,4.6,50.0,1.6,3.5,47.1,0.6,0.8,75.0,0.1,1.6,0.5,0.1,0.7,20.0,
29847,2023,Clemson Tigers,I. Schieffelin,F,,,5.5,4.1,1.9,19.9,2.1,4.1,51.1,0.3,0.8,33.3,1.0,1.4,68.8,1.2,2.9,0.3,0.3,1.1,34.0,
29848,2023,Clemson Tigers,R. Godfrey,F,,,3.2,2.1,0.3,9.4,1.3,2.2,59.7,0.1,0.3,33.3,0.5,0.8,65.4,0.7,1.4,0.2,0.5,0.8,33.0,
29849,2023,Clemson Tigers,B. Middlebrooks,F,,,3.1,2.7,0.4,11.2,1.1,2.2,48.0,0.0,0.2,0.0,1.0,1.3,77.3,1.1,1.7,0.5,0.4,0.5,34.0,
29850,2023,Clemson Tigers,C. Wiggins,F,,,2.4,0.9,0.4,8.9,0.9,2.0,44.4,0.5,1.3,40.0,0.1,0.1,66.7,0.1,0.8,0.1,0.1,0.2,27.0,
29851,2023,Clemson Tigers,J. Beadle,G,,,2.3,1.0,0.8,12.8,1.0,2.6,37.2,0.2,0.8,21.4,0.2,0.3,63.6,0.1,1.0,0.3,0.2,0.9,33.0,
29854,2023,Clemson Tigers,D. Nauseef,F,,,0.6,0.6,0.1,0.9,0.3,0.4,66.7,0.0,0.0,0.0,0.0,0.0,0.0,0.1,0.4,0.1,0.1,0.1,7.0,
29855,2023,Clemson Tigers,J. Nauseef,G,,,0.2,0.2,0.3,1.0,0.0,0.3,0.0,0.0,0.3,0.0,0.2,0.3,50.0,0.0,0.2,0.0,0.0,0.0,6.0,
29857,2023,Cleveland State Vikings,T. Enaruna,F,,,15.6,6.5,1.4,31.9,6.1,11.8,51.6,0.3,1.5,18.9,3.1,4.5,69.0,2.3,4.2,1.1,1.2,1.6,35.0,
29859,2023,Cleveland State Vikings,D. Lowder,G,,,9.8,2.0,1.8,24.6,3.8,8.9,42.2,1.6,4.9,33.5,0.6,0.9,73.3,0.4,1.6,1.0,0.0,1.3,35.0,
29860,2023,Cleveland State Vikings,D. Parker,G,,,9.7,4.4,4.1,31.0,3.5,8.9,39.0,0.3,1.3,22.7,2.5,3.8,66.9,1.0,3.4,1.0,0.2,2.1,35.0,
29862,2023,Cleveland State Vikings,Y. Hill,G,,,7.1,1.2,0.9,19.8,2.3,6.1,36.7,1.1,3.6,29.4,1.5,1.7,88.1,0.3,0.9,0.4,0.0,1.0,35.0,
29863,2023,Cleveland State Vikings,J. Woodrich,G,,,5.7,2.5,0.6,15.4,1.9,5.0,38.3,1.1,3.4,33.3,0.7,0.9,72.7,0.5,2.0,0.5,0.1,0.5,35.0,
29864,2023,Cleveland State Vikings,R. Pryor,G,,,2.7,1.3,0.4,9.5,1.1,2.1,50.0,0.3,0.8,41.7,0.3,0.4,61.5,0.5,0.8,0.5,0.0,0.3,31.0,
29869,2023,Cleveland State Vikings,D. Arnett,F,,,0.6,1.0,0.4,4.7,0.2,0.5,55.6,0.0,0.0,0.0,0.1,0.1,50.0,0.3,0.6,0.1,0.2,0.1,20.0,
29870,2023,Coastal Carolina Chanticleers,J. Uduje,G,,,13.3,3.9,1.2,30.0,4.7,11.3,42.1,1.6,5.1,31.6,2.2,2.4,90.5,1.3,2.6,1.3,0.4,1.6,31.0,
29873,2023,Coastal Carolina Chanticleers,E. Mostafa,F,,,12.4,10.0,0.9,28.9,4.9,8.9,55.2,0.0,0.0,0.0,2.5,3.8,66.7,3.4,6.6,0.6,0.7,1.6,26.0,
29875,2023,Coastal Carolina Chanticleers,J. Nichols,F,,,7.1,3.8,0.8,19.6,2.6,5.9,44.5,0.4,1.7,25.0,1.5,1.6,88.2,1.5,2.3,0.5,0.9,1.4,31.0,
29876,2023,Coastal Carolina Chanticleers,W. Likayi,F,,,4.9,5.3,0.5,21.9,1.9,5.0,37.5,0.5,2.2,22.2,0.7,1.0,67.9,1.5,3.9,0.4,0.8,1.2,29.0,
29877,2023,Coastal Carolina Chanticleers,K. Blackmon,G,,,4.4,1.8,0.4,16.8,1.5,3.8,40.0,0.9,2.4,37.3,0.4,0.8,57.9,0.4,1.4,0.4,0.0,0.6,25.0,
29878,2023,Coastal Carolina Chanticleers,H. Abraham,G,,,4.3,1.7,2.5,23.7,1.5,3.9,40.0,1.0,2.8,35.6,0.2,0.4,58.3,0.3,1.4,0.4,0.0,1.0,31.0,
29880,2023,Coastal Carolina Chanticleers,J. Kahn,G,,,1.8,0.8,0.3,3.5,0.8,1.8,42.9,0.0,0.2,0.0,0.2,0.5,50.0,0.5,0.2,0.0,0.0,0.0,4.0,
29883,2023,Colgate Raiders,T. Richardson,G,,,13.7,5.2,5.7,34.3,5.4,11.9,45.0,1.5,4.8,31.7,1.5,2.9,51.0,0.4,4.8,2.1,0.3,2.5,35.0,
29884,2023,Colgate Raiders,K. Records,F,,,13.0,6.0,1.3,23.5,5.6,8.3,67.5,0.1,0.3,33.3,1.8,2.8,63.3,2.3,3.7,0.6,1.3,1.0,35.0,
29885,2023,Colgate Raiders,O. Lynch-Daniels,G,,,12.1,3.4,2.2,31.6,4.5,8.7,51.6,2.4,4.9,49.7,0.7,0.8,87.5,0.4,3.0,0.9,0.1,1.4,32.0,
29887,2023,Colgate Raiders,R. Moffatt,F,,,10.6,4.2,1.8,30.6,3.8,7.4,52.3,1.9,4.2,45.3,1.0,1.3,75.0,0.8,3.3,1.5,0.1,0.7,33.0,
29888,2023,Colgate Raiders,J. Woodward,F,,,6.9,4.5,2.2,17.7,2.7,4.5,58.9,0.0,0.0,0.0,1.6,2.9,55.9,1.6,2.9,0.3,0.8,1.3,35.0,
29889,2023,Colgate Raiders,C. Baker,G,,,5.1,1.1,0.3,12.3,1.9,4.5,42.3,0.9,2.2,42.3,0.4,0.5,81.3,0.1,1.0,0.3,0.1,0.5,35.0,
29890,2023,Colgate Raiders,S. Thomson,F,,,4.3,2.7,0.4,15.6,1.7,3.5,49.1,0.0,0.2,20.0,0.8,1.2,63.2,0.7,2.0,0.2,0.2,0.4,31.0,
29891,2023,Colgate Raiders,M. Bailey,F,,,4.0,9.0,3.0,10.0,2.0,3.0,66.7,0.0,0.0,0.0,0.0,0.0,0.0,6.0,3.0,1.0,1.0,0.0,1.0,
29892,2023,Colgate Raiders,N. Louis-Jacques,G,,,1.9,0.3,0.2,6.2,0.7,1.8,39.3,0.5,1.2,42.1,0.1,0.1,50.0,0.0,0.3,0.0,0.0,0.3,32.0,
29893,2023,Colgate Raiders,A. Capitano,G,,,1.6,0.3,0.2,3.1,0.7,1.5,44.4,0.2,0.8,22.2,0.1,0.2,50.0,0.2,0.2,0.0,0.0,0.0,12.0,
29894,2023,Colgate Raiders,B. Cummins,G,,,1.0,0.3,0.1,4.8,0.3,1.4,23.8,0.1,0.7,20.0,0.2,0.3,75.0,0.1,0.2,0.1,0.0,0.1,15.0,
29895,2023,Colorado Buffaloes,T. da Silva,F,,,15.9,4.8,1.3,30.9,6.0,12.1,49.6,1.5,3.9,39.4,2.3,3.0,75.5,1.3,3.5,1.3,0.4,2.0,35.0,
29896,2023,Colorado Buffaloes,K. Simpson,G,,,15.9,4.3,3.8,31.9,5.4,13.8,39.6,1.3,4.6,27.6,3.7,4.5,81.7,0.8,3.5,1.5,0.2,2.6,29.0,
29897,2023,Colorado Buffaloes,J. Hadley,G,,,8.0,5.9,1.3,25.6,3.3,6.3,52.5,0.0,0.0,0.0,1.3,2.4,55.8,2.4,3.5,1.1,0.5,1.1,22.0,
29898,2023,Colorado Buffaloes,J. Hammond III,G,,,6.9,2.1,2.0,20.4,2.3,5.8,39.9,0.7,2.2,33.3,1.5,1.8,81.3,0.5,1.6,0.8,0.1,1.7,35.0,
29899,2023,Colorado Buffaloes,L. O'Brien,F,,,6.2,5.6,1.0,22.7,2.3,5.4,42.5,0.7,2.4,29.1,0.8,1.2,70.0,1.7,3.9,0.7,0.5,0.8,33.0,
29900,2023,Colorado Buffaloes,J. Ruffin,G,,,6.0,2.4,0.8,14.9,1.9,4.5,42.2,1.0,2.8,35.8,1.2,1.3,87.5,0.2,2.2,0.5,0.1,0.8,24.0,
29901,2023,Colorado Buffaloes,N. Clifford,G,,,5.9,3.9,1.5,21.7,2.3,6.1,37.4,0.6,2.1,28.8,0.7,1.3,53.2,1.0,2.9,0.7,0.6,1.7,35.0,
29902,2023,Colorado Buffaloes,L. Lovering,C,,,4.9,4.7,0.9,23.0,2.0,3.6,55.4,0.0,0.0,0.0,0.9,2.2,42.1,2.0,2.7,0.6,1.0,1.7,34.0,
29906,2023,Colorado Buffaloes,C. Mains,F,,,0.0,0.0,0.0,0.7,0.0,0.0,0.0,0.0,0.0,0.0,0.0,0.0,0.0,0.0,0.0,0.0,0.0,0.0,3.0,
29908,2023,Colorado State Rams,I. Stevens,G,,,17.9,3.4,6.7,36.8,6.6,14.2,46.5,1.8,4.9,37.8,2.9,3.3,86.2,0.7,2.7,0.8,0.3,2.2,26.0,
29909,2023,Colorado State Rams,J. Tonje,G,,,14.6,4.7,1.3,31.0,4.8,10.1,47.3,1.8,4.8,38.9,3.2,3.9,81.5,0.7,4.0,0.8,0.3,1.8,33.0,
29910,2023,Colorado State Rams,P. Cartier,F,,,12.3,3.1,1.1,22.1,4.9,7.5,64.7,0.5,1.0,44.1,2.1,2.9,70.1,0.9,2.2,0.5,0.1,1.5,33.0,
29911,2023,Colorado State Rams,I. Rivera,G,,,8.6,3.7,1.9,28.2,3.0,6.4,46.9,1.0,2.6,37.9,1.6,2.2,74.6,0.4,3.3,1.0,0.5,0.9,33.0,
29912,2023,Colorado State Rams,J. Lake,G,,,7.5,2.6,2.5,29.5,2.7,6.6,41.5,1.7,4.4,37.7,0.4,0.5,91.7,0.2,2.4,0.4,0.3,1.0,26.0,
29913,2023,Colorado State Rams,J. Moors,F,,,6.0,4.2,0.7,18.2,2.4,4.2,56.4,0.2,0.8,28.0,1.0,1.8,56.7,0.7,3.5,0.5,0.7,1.0,33.0,
29915,2023,Colorado State Rams,J. Strong,G,,,4.4,2.4,1.6,20.6,1.4,5.4,26.3,1.1,4.1,27.6,0.4,0.6,75.0,0.1,2.3,0.7,0.1,0.7,7.0,
29916,2023,Colorado State Rams,J. Palmer,G,,,3.2,2.4,0.5,12.5,1.2,2.8,41.3,0.6,1.7,35.1,0.3,0.3,90.0,0.7,1.7,0.3,0.1,0.4,33.0,
29917,2023,Colorado State Rams,B. Hebb,G,,,2.3,1.4,1.1,12.7,0.9,1.9,46.8,0.2,0.6,31.6,0.3,0.6,55.0,0.2,1.2,0.5,0.1,0.9,33.0,
29919,2023,Colorado State Rams,T. Young,G,,,0.2,0.0,0.2,2.7,0.1,0.8,11.1,0.0,0.2,0.0,0.0,0.0,0.0,0.0,0.0,0.0,0.0,0.1,12.0,
29920,2023,Colorado State Rams,N. Bassett,F,,,0.0,0.0,0.0,0.0,0.0,1.0,0.0,0.0,1.0,0.0,0.0,0.0,0.0,0.0,0.0,0.0,0.0,0.0,1.0,
29921,2023,Columbia Lions,G. Rubio De La Rosa,G,,,13.6,5.6,2.3,31.8,4.2,10.1,41.5,2.4,6.6,37.0,2.7,3.1,88.8,0.9,4.7,1.4,0.1,1.9,29.0,
29923,2023,Columbia Lions,Z. Eddine Bedri,F,,,8.2,4.1,1.0,20.7,3.4,8.3,40.4,0.3,1.6,19.0,1.2,1.9,64.0,1.0,3.1,0.4,0.3,2.0,27.0,
29924,2023,Columbia Lions,L. Murphy,F,,,7.3,3.0,0.8,21.2,2.6,7.2,35.3,1.4,4.6,31.5,0.8,1.2,63.2,0.6,2.4,0.4,0.2,1.3,16.0,
29925,2023,Columbia Lions,Z. McLean,G,,,7.0,2.4,0.7,18.0,2.6,5.5,46.5,0.5,1.8,29.2,1.3,1.7,77.3,0.8,1.5,0.5,0.2,1.4,26.0,
29926,2023,Columbia Lions,K. Noland,G,,,6.7,2.0,1.6,18.5,2.3,5.1,45.3,0.7,2.0,35.6,1.3,1.8,73.1,0.9,1.2,1.1,0.1,1.3,29.0,
29928,2023,Columbia Lions,C. Shockley-Okeke,F,,,5.3,2.5,1.3,17.2,1.7,3.3,50.0,1.0,2.2,46.2,1.0,1.0,100.0,0.5,2.0,0.3,0.5,1.3,6.0,
29929,2023,Columbia Lions,A. Shannon,F,,,5.0,0.5,1.0,6.5,2.5,3.5,71.4,0.0,0.5,0.0,0.0,0.0,0.0,0.0,0.5,1.0,0.0,0.0,2.0,
29930,2023,Columbia Lions,J. Odunowo,F,,,3.8,3.1,0.7,18.0,1.6,3.4,46.5,0.0,0.0,0.0,0.7,1.4,46.3,1.2,1.9,0.2,0.5,0.7,29.0,
29931,2023,Columbia Lions,J. Tavroff,F,,,3.5,3.8,0.7,11.7,1.6,2.7,56.8,0.0,0.0,0.0,0.4,0.8,52.4,1.1,2.7,0.3,0.3,0.6,27.0,
29932,2023,Columbia Lions,N. Robledo,F,,,3.5,1.5,0.2,9.8,1.2,3.5,34.7,0.6,2.2,29.0,0.4,0.5,85.7,0.9,0.6,0.1,0.0,0.2,14.0,
29935,2023,Columbia Lions,R. Stankard,F,,,1.6,1.8,0.2,8.8,0.6,2.0,29.8,0.3,1.4,24.2,0.0,0.2,25.0,0.6,1.2,0.4,0.1,0.5,23.0,
29937,2023,Coppin State Eagles,N. Tarke,G,,,12.5,5.9,2.1,35.4,4.4,10.3,42.6,1.2,3.5,32.7,2.5,4.7,54.0,0.8,5.0,1.7,0.4,2.7,32.0,
29938,2023,Coppin State Eagles,M. Hood,G,,,9.6,2.2,0.9,23.2,2.8,7.7,35.6,1.8,5.2,34.5,2.3,2.6,88.1,0.3,1.8,0.7,0.0,1.2,32.0,
29939,2023,Coppin State Eagles,J. Steers,G,,,8.6,4.5,1.0,21.3,2.2,4.7,46.9,0.0,0.1,0.0,4.2,5.4,78.9,1.3,3.3,0.7,1.0,2.4,31.0,
29942,2023,Coppin State Eagles,I. Gross,G,,,3.4,0.9,0.1,11.5,1.2,2.4,50.0,0.6,1.6,34.8,0.4,0.4,100.0,0.7,0.1,0.7,0.1,0.1,14.0,
29943,2023,Coppin State Eagles,A. Rojas,G,,,3.4,1.1,0.4,15.3,1.1,2.8,38.7,0.9,2.4,37.9,0.3,0.5,61.5,0.1,1.0,0.2,0.1,0.2,27.0,
29945,2023,Coppin State Eagles,G. Spurlock,G,,,2.6,2.9,1.2,20.1,1.1,2.4,45.5,0.1,0.9,12.5,0.3,0.6,45.5,0.4,2.5,0.8,0.1,1.4,18.0,
29946,2023,Coppin State Eagles,D. Titus,F,,,2.4,1.8,0.6,14.6,0.9,2.5,37.1,0.4,1.5,29.7,0.2,0.3,57.1,0.2,1.6,0.5,0.3,1.1,25.0,
29950,2023,Cornell Big Red,G. Dolan,G,,,13.3,3.6,3.5,29.6,4.8,9.9,48.2,1.7,4.0,42.5,2.0,2.8,74.0,0.9,2.6,1.6,0.0,1.4,28.0,
29951,2023,Cornell Big Red,N. Williams,G,,,12.9,3.6,2.8,25.2,4.4,9.0,48.2,1.7,4.1,41.7,2.4,3.1,79.2,0.6,3.0,1.0,0.2,2.0,25.0,
29952,2023,Cornell Big Red,C. Manon,G,,,11.0,3.6,2.3,20.0,4.1,7.3,55.9,0.4,1.3,29.7,2.5,3.3,75.3,1.1,2.5,2.3,0.5,2.3,28.0,
29953,2023,Cornell Big Red,G. Ragland Jr.,F,,,9.4,4.7,1.7,20.2,3.1,8.1,38.4,1.5,5.4,27.6,1.7,2.3,72.6,1.2,3.4,0.6,0.4,1.7,27.0,
29954,2023,Cornell Big Red,I. Gray,G,,,8.8,2.9,1.4,20.9,3.3,6.2,52.9,0.6,2.0,30.4,1.6,2.4,67.6,0.9,2.0,1.1,0.1,1.0,28.0,
29955,2023,Cornell Big Red,S. Hansen,F,,,8.7,4.4,2.7,20.6,3.3,6.7,49.7,0.8,2.5,33.3,1.2,1.8,68.0,1.5,2.9,0.8,0.4,1.6,28.0,
29956,2023,Cornell Big Red,K. Boothby,F,,,6.1,1.9,0.8,19.7,2.1,5.5,38.3,1.7,4.7,35.6,0.2,0.3,77.8,0.5,1.4,0.6,0.0,0.2,28.0,
29958,2023,Cornell Big Red,M. Filien,F,,,2.3,2.3,0.6,13.8,0.8,1.9,43.4,0.3,1.1,30.0,0.3,0.4,81.8,0.5,1.8,0.5,0.3,0.6,28.0,
29959,2023,Cornell Big Red,J. Baldwin,G,,,2.3,1.5,0.8,12.5,0.8,1.7,43.9,0.3,1.0,29.2,0.5,0.9,52.4,0.6,0.9,0.5,0.1,0.5,24.0,
29960,2023,Cornell Big Red,C. Noard,G,,,1.9,0.5,0.2,5.1,0.6,1.8,33.3,0.6,1.7,34.6,0.1,0.1,100.0,0.3,0.2,0.2,0.0,0.2,15.0,
29961,2023,Cornell Big Red,C. Cain,F,,,1.9,0.7,0.3,4.8,0.7,1.4,52.0,0.3,0.8,33.3,0.2,0.3,50.0,0.1,0.6,0.2,0.1,0.1,18.0,
29962,2023,Cornell Big Red,A. Hinton,G,,,1.5,0.1,0.1,2.5,0.5,0.6,85.7,0.5,0.5,100.0,0.0,0.0,0.0,0.0,0.1,0.1,0.1,0.4,11.0,
29963,2023,Cornell Big Red,R. Kiachian,C,,,1.3,0.7,0.4,3.3,0.4,0.8,50.0,0.0,0.1,0.0,0.4,0.5,83.3,0.1,0.6,0.1,0.2,0.4,12.0,
29964,2023,Cornell Big Red,D. Nix,F,,,1.0,0.8,0.1,4.1,0.4,0.9,42.9,0.2,0.6,33.3,0.0,0.0,0.0,0.1,0.7,0.0,0.0,0.1,15.0,
29965,2023,Cornell Big Red,A. Okereke,F,,,0.5,0.5,0.3,1.5,0.2,0.5,50.0,0.0,0.2,0.0,0.0,0.0,0.0,0.2,0.2,0.0,0.0,0.0,4.0,
29966,2023,Cornell Big Red,D. Ervin,G,,,0.0,0.0,0.0,1.0,0.0,0.0,0.0,0.0,0.0,0.0,0.0,0.0,0.0,0.0,0.0,0.0,0.0,0.0,1.0,
29967,2023,Creighton Bluejays,R. Kalkbrenner,C,,,15.9,6.1,1.2,32.3,6.4,9.3,69.5,0.2,0.6,31.6,2.9,3.6,79.5,2.5,3.6,0.6,2.1,1.5,34.0,
29970,2023,Creighton Bluejays,R. Nembhard,G,,,12.1,4.0,4.8,34.0,4.4,10.1,43.2,1.4,4.0,35.6,2.0,2.3,87.1,0.4,3.6,0.7,0.1,2.1,37.0,
29971,2023,Creighton Bluejays,A. Kaluma,F,,,11.8,6.0,1.6,29.3,3.9,9.3,42.3,1.1,3.6,31.1,2.8,3.8,73.6,1.6,4.4,0.5,0.6,2.1,37.0,
29972,2023,Creighton Bluejays,F. King,C,,,3.4,2.5,0.1,8.5,1.4,2.4,60.9,0.0,0.0,0.0,0.5,0.9,62.5,1.0,1.5,0.1,0.8,0.5,37.0,
29978,2023,Creighton Bluejays,S. Osmani,G,,,0.8,0.7,0.4,2.5,0.4,0.7,50.0,0.1,0.4,25.0,0.0,0.0,0.0,0.3,0.5,0.0,0.0,0.0,11.0,
29981,2023,Dartmouth Big Green,R. Cornish,G,,,12.5,3.8,2.6,28.1,4.2,10.3,40.7,1.5,4.7,32.2,2.6,3.3,77.9,0.5,3.3,1.2,0.2,2.7,26.0,
29982,2023,Dartmouth Big Green,D. Neskovic,F,,,12.2,3.3,1.2,25.0,4.2,8.8,48.1,1.8,4.1,42.4,2.0,2.6,76.2,0.5,2.8,0.3,0.1,2.4,24.0,
29983,2023,Dartmouth Big Green,B. Mitchell-Day,F,,,5.8,2.8,0.8,16.8,2.2,4.9,45.5,0.3,1.4,22.2,1.0,1.6,66.7,1.0,1.8,0.2,0.5,0.9,25.0,
29984,2023,Dartmouth Big Green,C. Haskins,F,,,5.4,2.5,1.3,21.5,1.9,5.6,33.3,1.4,4.6,31.1,0.2,0.2,100.0,0.1,2.4,0.4,0.3,1.4,16.0,
29985,2023,Dartmouth Big Green,C. Krystkowiak,F,,,4.9,3.2,0.6,18.0,1.7,3.5,50.0,0.8,2.0,42.3,0.6,1.1,57.1,0.8,2.4,0.5,0.2,1.0,26.0,
29986,2023,Dartmouth Big Green,I. Robinson,G,,,4.8,1.9,1.1,19.7,1.6,4.5,35.2,0.9,2.8,32.5,0.8,1.0,75.0,0.2,1.7,0.4,0.0,1.2,28.0,
29987,2023,Dartmouth Big Green,J. Munro,F,,,4.5,2.2,1.4,13.5,1.8,4.0,45.2,0.4,1.5,25.6,0.5,0.8,61.9,0.9,1.3,0.0,0.4,0.7,26.0,
29989,2023,Dartmouth Big Green,R. Myrthil,G,,,3.6,2.0,0.9,17.4,1.3,3.0,42.7,0.6,1.6,36.6,0.4,0.4,90.9,0.2,1.8,0.6,0.3,1.1,25.0,
29991,2023,Dartmouth Big Green,N. Ogbu,F,,,2.7,2.3,0.4,7.3,1.1,3.1,36.4,0.1,0.7,20.0,0.3,0.3,100.0,0.7,1.6,0.1,0.4,0.3,7.0,
29992,2023,Dartmouth Big Green,R. McRae III,G,,,2.5,1.8,0.5,9.8,0.9,2.1,41.2,0.2,0.8,25.0,0.5,1.1,46.2,0.3,1.4,0.4,0.1,0.8,24.0,
29993,2023,Dartmouth Big Green,C. Christensen,F,,,2.2,2.3,0.7,6.7,0.7,1.8,36.4,0.5,1.2,42.9,0.3,0.7,50.0,0.7,1.7,0.3,0.0,0.7,6.0,
29994,2023,Dartmouth Big Green,J. Blaufeld,G,,,1.5,0.2,0.3,7.4,0.6,2.2,26.9,0.1,1.4,5.9,0.2,0.5,50.0,0.0,0.2,0.6,0.1,0.3,12.0,
29995,2023,Dartmouth Big Green,P. Hudson,F,,,1.1,1.1,0.4,5.3,0.4,0.7,60.0,0.0,0.0,0.0,0.3,0.4,66.7,0.4,0.7,0.4,0.1,0.1,7.0,
29997,2023,Davidson Wildcats,S. Mennenga,F,,,15.2,6.7,1.3,30.5,5.7,11.3,50.6,0.9,2.6,36.6,2.8,4.6,61.6,2.0,4.7,0.4,0.2,1.7,32.0,
29998,2023,Davidson Wildcats,G. Huffman,G,,,9.4,3.6,3.6,31.1,3.7,7.9,47.0,0.5,2.0,24.6,1.5,2.2,65.3,0.3,3.2,1.3,0.1,1.6,32.0,
29999,2023,Davidson Wildcats,D. Watson,G,,,9.4,3.8,1.1,29.1,3.4,8.2,40.9,0.7,2.5,27.2,1.9,2.6,74.7,0.6,3.2,0.7,0.2,1.4,32.0,
30000,2023,Davidson Wildcats,D. Skogman,F,,,7.3,4.8,0.9,22.4,2.3,4.9,46.2,0.8,2.1,36.8,2.0,2.2,88.7,1.6,3.2,0.3,0.3,0.9,32.0,
30001,2023,Davidson Wildcats,C. Kochera,G,,,6.3,2.7,1.0,23.5,2.2,5.2,43.0,1.1,3.3,34.3,0.7,1.1,67.6,0.4,2.3,0.6,0.0,0.7,32.0,
30002,2023,Davidson Wildcats,R. Bailey,F,,,5.5,2.8,0.8,22.7,2.1,4.3,49.6,0.3,0.9,34.5,0.9,1.4,64.4,1.3,1.6,0.3,0.1,1.2,32.0,
30003,2023,Davidson Wildcats,A. Spadone,G,,,0.8,0.8,0.1,6.0,0.3,0.8,36.8,0.2,0.4,40.0,0.0,0.0,0.0,0.1,0.7,0.1,0.0,0.1,23.0,
30004,2023,Davidson Wildcats,S. Logan,F,,,0.6,0.6,0.1,4.5,0.1,0.4,33.3,0.0,0.2,14.3,0.3,0.4,66.7,0.2,0.4,0.0,0.4,0.2,30.0,
30005,2023,Davidson Wildcats,M. Katsock,G,,,0.0,0.0,0.0,1.3,0.0,0.3,0.0,0.0,0.3,0.0,0.0,0.0,0.0,0.0,0.0,0.0,0.0,0.0,3.0,
30006,2023,Davidson Wildcats,R. Ghedini,G,,,0.0,0.0,0.0,1.2,0.0,0.2,0.0,0.0,0.2,0.0,0.0,0.0,0.0,0.0,0.0,0.2,0.0,0.0,5.0,
30008,2023,Davidson Wildcats,B. Matheny,G,,,0.0,0.0,0.0,1.0,0.0,0.0,0.0,0.0,0.0,0.0,0.0,0.0,0.0,0.0,0.0,0.0,0.0,0.0,4.0,
30009,2023,Davidson Wildcats,C. Sosnik,G,,,0.0,0.4,0.2,1.0,0.0,0.0,0.0,0.0,0.0,0.0,0.0,0.0,0.0,0.2,0.2,0.0,0.0,0.0,5.0,
30010,2023,Dayton Flyers,D. Holmes II,C,,,18.4,8.1,1.7,34.2,6.8,11.5,59.0,0.2,0.6,31.6,4.6,6.9,66.9,2.9,5.2,0.7,1.9,2.3,34.0,
30011,2023,Dayton Flyers,T. Camara,F,,,13.9,8.6,1.7,30.0,5.2,9.6,54.6,0.9,2.4,36.3,2.6,3.9,66.9,2.3,6.3,1.2,0.8,2.1,34.0,
30012,2023,Dayton Flyers,M. Amzil,F,,,9.3,4.8,1.7,29.6,3.0,6.9,44.2,1.3,3.6,36.6,1.9,2.4,79.5,1.2,3.6,0.2,0.3,1.4,34.0,
30013,2023,Dayton Flyers,K. Elvis,G,,,8.5,2.6,2.9,29.5,3.2,8.3,38.2,1.4,4.2,32.5,0.8,1.1,75.0,0.4,2.2,0.8,0.2,1.6,19.0,
30014,2023,Dayton Flyers,M. Smith,G,,,7.7,2.7,5.6,29.7,2.6,6.6,39.7,0.9,2.5,38.3,1.5,2.1,70.0,0.4,2.4,1.2,0.1,1.9,19.0,
30015,2023,Dayton Flyers,K. Brea,G,,,6.8,3.3,1.7,26.5,2.4,6.5,36.3,1.8,4.8,37.0,0.2,0.2,100.0,0.2,3.1,0.3,0.3,0.9,28.0,
30018,2023,Dayton Flyers,Z. Nwokeji,F,,,1.5,1.5,0.4,7.6,0.5,1.6,30.6,0.1,0.5,13.3,0.4,0.6,68.4,0.4,1.1,0.2,0.2,0.5,30.0,
30019,2023,Dayton Flyers,K. Washington,F,,,1.5,0.5,0.0,8.5,0.5,1.0,50.0,0.0,0.0,0.0,0.5,1.5,33.3,0.0,0.5,0.5,0.0,1.0,2.0,
30020,2023,Dayton Flyers,B. Uhl,G,,,0.7,0.1,0.2,3.2,0.2,0.4,57.1,0.2,0.4,57.1,0.0,0.0,0.0,0.0,0.1,0.0,0.0,0.1,18.0,
30021,2023,Dayton Flyers,A. Schuler,G,,,0.2,0.2,0.0,1.1,0.0,0.0,0.0,0.0,0.0,0.0,0.2,0.2,100.0,0.1,0.1,0.0,0.0,0.0,9.0,
30027,2023,DePaul Blue Demons,N. Ongenda,C,,,12.5,6.3,1.0,30.5,5.1,11.0,46.6,0.0,0.0,0.0,2.2,3.8,60.0,2.1,4.1,1.1,4.4,3.1,8.0,
30028,2023,DePaul Blue Demons,D. Nelson,F,,,10.0,4.8,1.7,24.7,3.8,7.2,52.8,0.4,1.2,33.3,1.9,2.7,72.9,1.4,3.4,0.8,0.7,2.5,32.0,
30030,2023,DePaul Blue Demons,P. Gebrewhit,G,,,5.8,2.1,0.8,21.5,1.9,5.0,37.7,1.1,3.0,37.2,0.9,1.2,75.7,0.4,1.7,0.5,0.0,0.8,31.0,
30031,2023,DePaul Blue Demons,J. Terry,G,,,5.7,3.0,1.5,19.8,1.9,4.8,38.8,1.0,2.6,36.5,1.0,1.2,76.7,0.2,2.8,0.8,0.1,1.3,24.0,
30033,2023,DePaul Blue Demons,Y. Anei,F,,,5.0,3.4,0.8,16.7,2.1,4.6,45.8,0.0,0.3,0.0,0.8,1.2,64.0,1.5,1.9,0.8,1.3,0.8,21.0,
30037,2023,DePaul Blue Demons,B. Favre,G,,,0.0,0.0,0.0,1.0,0.0,0.0,0.0,0.0,0.0,0.0,0.0,0.0,0.0,0.0,0.0,0.0,0.0,0.3,3.0,
30039,2023,DePaul Blue Demons,M. Sall,G,,,0.0,0.0,0.0,1.0,0.0,0.0,0.0,0.0,0.0,0.0,0.0,0.0,0.0,0.0,0.0,0.0,0.0,0.0,1.0,
30040,2023,Delaware Blue Hens,J. Nelson Jr.,G,,,20.6,4.6,3.6,35.2,6.7,15.0,44.5,1.7,5.6,30.7,5.5,7.1,77.6,1.1,3.5,2.4,0.6,3.1,29.0,
30042,2023,Delaware Blue Hens,C. Ray,G,,,9.5,8.7,2.1,33.3,3.6,6.5,55.6,0.1,0.5,11.1,2.3,3.3,68.8,2.8,5.8,0.9,0.4,1.2,33.0,
30043,2023,Delaware Blue Hens,E. Asamoah,G,,,6.7,2.7,0.8,24.1,2.1,5.6,37.3,1.4,4.1,34.5,1.2,1.5,79.1,0.6,2.2,0.7,0.4,1.0,29.0,
30044,2023,Delaware Blue Hens,C. Reilly,G,,,5.4,1.2,0.5,17.3,1.8,4.1,43.3,1.2,2.6,45.3,0.7,0.8,83.3,0.3,1.0,0.3,0.1,0.7,29.0,
30045,2023,Delaware Blue Hens,G. Arletti,G,,,5.2,3.0,1.3,21.5,1.9,5.2,36.4,0.5,1.9,28.1,0.9,1.3,69.0,0.4,2.6,0.7,0.8,1.6,33.0,
30046,2023,Delaware Blue Hens,J. McCoy,G,,,3.1,1.0,0.4,16.3,1.0,2.3,43.6,0.6,1.5,37.8,0.5,0.8,65.0,0.2,0.9,0.6,0.5,0.6,24.0,
30047,2023,Delaware Blue Hens,A. Novakovich,F,,,1.4,0.9,0.2,10.2,0.5,1.8,27.3,0.3,1.4,24.0,0.1,0.2,66.7,0.2,0.7,0.4,0.5,0.3,18.0,
30049,2023,Delaware Blue Hens,L. Curtis,G,,,0.9,0.6,0.3,3.6,0.2,0.8,30.0,0.2,0.4,40.0,0.3,0.5,66.7,0.2,0.4,0.5,0.0,0.3,13.0,
30050,2023,Delaware Blue Hens,H. Emory,F,,,0.3,0.6,0.3,5.2,0.2,0.4,40.0,0.0,0.1,0.0,0.0,0.0,0.0,0.1,0.5,0.5,0.1,0.2,13.0,
30051,2023,Delaware Blue Hens,F. Rullo IV,G,,,0.3,0.0,0.3,1.3,0.0,0.3,0.0,0.0,0.0,0.0,0.3,0.3,100.0,0.0,0.0,0.0,0.0,0.0,7.0,
30053,2023,Delaware Blue Hens,W. Peterson Jr.,G,,,0.0,1.0,0.0,5.0,0.0,2.0,0.0,0.0,1.0,0.0,0.0,0.0,0.0,0.0,1.0,1.0,0.0,2.0,1.0,
30054,2023,Delaware State Hornets,M. Robinson,G,,,11.8,5.6,2.7,30.2,3.9,8.6,44.8,0.9,2.4,36.6,3.2,4.0,81.5,1.4,4.2,1.5,0.0,2.4,30.0,
30055,2023,Delaware State Hornets,B. Stone,F,,,11.1,5.1,0.7,23.2,4.6,9.1,51.0,0.9,3.0,29.2,1.0,1.5,63.6,1.5,3.6,0.4,0.7,1.6,22.0,
30056,2023,Delaware State Hornets,K. Staten,G,,,9.4,1.8,1.0,20.1,3.4,9.2,36.9,1.0,3.4,29.6,1.6,2.1,78.3,0.5,1.3,1.2,0.0,2.0,29.0,
30058,2023,Delaware State Hornets,J. Muniz,G,,,7.3,3.2,2.2,27.8,2.6,7.1,35.9,0.9,3.5,26.7,1.2,1.8,67.9,1.2,2.0,1.1,0.1,1.7,29.0,
30060,2023,Delaware State Hornets,C. Stitt,F,,,4.9,4.0,0.5,17.4,2.0,4.7,43.4,0.5,1.5,29.7,0.4,0.8,45.0,1.4,2.6,0.3,0.2,1.0,24.0,
30061,2023,Delaware State Hornets,R. Somerville,C,,,4.9,3.6,0.4,21.2,2.1,4.5,46.3,0.0,0.0,0.0,0.7,1.3,55.0,1.3,2.4,0.3,1.2,1.4,30.0,
30064,2023,Delaware State Hornets,R. Lucas,F,,,0.9,1.3,0.2,7.3,0.3,0.6,50.0,0.0,0.0,0.0,0.3,0.7,46.2,0.5,0.8,0.2,0.1,0.5,20.0,
30066,2023,Delaware State Hornets,R. Deadwyler III,G,,,0.4,0.0,0.1,2.6,0.1,0.7,16.7,0.0,0.6,0.0,0.2,0.2,100.0,0.0,0.0,0.0,0.0,0.1,9.0,
30067,2023,Denver Pioneers,T. Bruner,G,,,15.9,2.8,4.2,34.5,4.9,12.2,40.2,1.5,4.5,33.3,4.6,5.4,84.4,0.4,2.4,1.1,0.0,3.6,32.0,
30069,2023,Denver Pioneers,T. Tainamo,F,,,10.6,6.4,0.9,27.8,4.1,7.8,52.4,0.5,1.1,41.7,2.0,2.8,69.2,2.1,4.3,0.5,0.4,1.1,32.0,
30074,2023,Denver Pioneers,B. Bowen,G,,,1.9,1.3,0.7,12.1,0.6,1.5,37.1,0.2,0.7,25.0,0.6,0.9,70.0,0.2,1.1,0.3,0.0,0.9,23.0,
30075,2023,Denver Pioneers,P. Lopez-Sanvicente,F,,,1.6,1.5,0.3,8.7,0.6,1.4,44.4,0.2,0.8,28.6,0.1,0.1,66.7,0.4,1.2,0.1,0.4,0.7,25.0,
30076,2023,Denver Pioneers,D. Mukuna,G,,,1.3,1.0,0.3,4.3,0.3,0.7,50.0,0.0,0.3,0.0,0.7,0.7,100.0,0.0,1.0,0.3,0.0,0.3,3.0,
30077,2023,Denver Pioneers,K. Hess,G,,,0.2,0.1,0.0,1.5,0.1,0.4,25.0,0.0,0.3,0.0,0.0,0.0,0.0,0.1,0.0,0.1,0.0,0.2,11.0,
30078,2023,Denver Pioneers,D. Muller,G,,,0.0,0.0,0.0,2.0,0.0,0.0,0.0,0.0,0.0,0.0,0.0,0.0,0.0,0.0,0.0,0.0,0.0,0.0,1.0,
30079,2023,Denver Pioneers,C. Fuentes,G,,,0.0,0.0,0.0,0.8,0.0,0.0,0.0,0.0,0.0,0.0,0.0,0.0,0.0,0.0,0.0,0.0,0.0,0.0,4.0,
30084,2023,Detroit Mercy Titans,J. Phillips,F,,,9.2,4.7,1.0,27.7,3.1,7.7,40.3,1.1,2.5,44.0,1.9,2.8,67.9,1.3,3.4,0.6,0.4,1.2,10.0,
30088,2023,Detroit Mercy Titans,I. Jones,F,,,2.3,2.3,0.2,10.3,0.9,2.2,40.7,0.5,1.5,32.4,0.0,0.0,0.0,1.1,1.2,0.2,0.0,0.3,24.0,
30090,2023,Detroit Mercy Titans,K. LeGreair,G,,,1.3,2.1,1.5,16.8,0.5,0.9,48.4,0.1,0.2,60.0,0.3,0.7,45.5,0.7,1.4,0.7,0.1,0.7,33.0,
30091,2023,Detroit Mercy Titans,B. Koka,C,,,1.2,1.7,0.1,6.9,0.5,1.0,56.0,0.0,0.0,0.0,0.1,0.1,66.7,0.6,1.1,0.1,0.1,0.4,26.0,
30092,2023,Detroit Mercy Titans,J. Pink,G,,,0.9,0.5,0.4,8.6,0.3,0.9,35.7,0.1,0.4,33.3,0.2,0.4,42.9,0.2,0.3,0.1,0.0,0.1,16.0,
30093,2023,Drake Bulldogs,T. DeVries,F,,,18.6,5.7,1.8,33.1,6.2,14.0,44.6,2.6,6.9,37.3,3.5,4.2,83.8,0.9,4.8,1.1,0.2,1.5,34.0,
30094,2023,Drake Bulldogs,R. Penn,G,,,12.6,4.6,5.5,31.1,4.8,9.9,48.7,0.4,1.3,34.9,2.6,3.1,81.3,0.7,3.9,0.9,0.2,2.0,34.0,
30095,2023,Drake Bulldogs,G. Sturtz,G,,,9.3,6.1,1.1,29.3,3.6,6.1,59.4,0.2,0.5,36.8,1.9,2.2,84.6,1.3,4.9,1.0,0.2,0.9,35.0,
30096,2023,Drake Bulldogs,D. Brodie,F,,,9.1,7.3,1.1,24.7,3.7,6.9,53.7,0.0,0.0,100.0,1.7,2.9,59.0,2.1,5.2,0.2,1.0,1.7,35.0,
30098,2023,Drake Bulldogs,I. Samake,F,,,8.0,7.0,2.0,12.0,4.0,7.0,57.1,0.0,1.0,0.0,0.0,2.0,0.0,5.0,2.0,2.0,2.0,1.0,1.0,
30101,2023,Drake Bulldogs,N. Ferguson,F,,,3.5,2.6,0.4,12.1,1.3,2.0,67.9,0.0,0.0,0.0,0.8,1.0,78.6,0.8,1.7,0.2,0.3,0.5,27.0,
30102,2023,Drake Bulldogs,O. Djamgouz,G,,,3.1,0.4,0.2,7.6,1.0,2.1,47.4,1.0,1.9,52.0,0.2,0.2,83.3,0.0,0.3,0.1,0.0,0.2,27.0,
30104,2023,Drake Bulldogs,B. Burns,G,,,0.7,0.2,0.2,4.0,0.2,0.6,33.3,0.1,0.4,33.3,0.1,0.1,100.0,0.1,0.1,0.1,0.1,0.2,15.0,
30108,2023,Drexel Dragons,L. Oden Jr.,G,,,8.7,5.4,1.2,28.7,3.2,7.9,40.6,1.3,4.3,30.2,1.0,1.4,68.9,1.6,3.8,0.6,0.1,1.2,32.0,
30109,2023,Drexel Dragons,L. House,G,,,8.7,3.4,1.1,27.9,3.0,6.4,46.6,1.5,4.0,38.0,1.2,1.3,88.4,0.8,2.5,0.5,0.3,0.5,32.0,
30110,2023,Drexel Dragons,Y. Butler,G,,,8.6,2.0,0.5,14.9,2.7,5.8,46.9,0.8,1.8,45.2,2.4,2.8,87.2,0.5,1.5,0.2,0.2,1.8,17.0,
30111,2023,Drexel Dragons,J. Bergens,G,,,6.0,1.8,1.5,19.2,2.0,5.5,37.0,0.6,2.4,25.4,1.3,1.8,69.6,0.2,1.6,0.8,0.0,0.9,25.0,
30112,2023,Drexel Dragons,M. Okros,F,,,4.9,3.3,1.0,23.9,1.6,4.2,38.5,1.2,3.4,35.2,0.4,0.5,82.4,0.7,2.6,0.3,0.0,0.7,32.0,
30113,2023,Drexel Dragons,G. Turner,F,,,3.4,3.5,0.6,13.7,1.2,2.2,55.7,0.0,0.0,0.0,1.0,1.7,59.3,1.7,1.9,0.4,0.3,0.4,32.0,
30114,2023,Drexel Dragons,K. MaGee,G,,,2.3,0.8,0.5,7.9,0.9,2.0,45.7,0.1,0.8,15.8,0.3,0.3,100.0,0.5,0.3,0.3,0.1,0.4,23.0,
30115,2023,Drexel Dragons,C. Hargrove,F,,,1.1,1.0,0.2,3.9,0.5,1.0,50.0,0.0,0.1,0.0,0.1,0.2,50.0,0.4,0.6,0.3,0.1,0.1,18.0,
30116,2023,Drexel Dragons,D. Wang,G,,,0.7,0.0,0.2,1.2,0.2,0.8,20.0,0.0,0.3,0.0,0.3,0.3,100.0,0.0,0.0,0.2,0.0,0.0,6.0,
30117,2023,Drexel Dragons,T. Butler,F,,,0.6,1.3,0.3,4.4,0.3,0.4,66.7,0.0,0.0,0.0,0.0,0.1,0.0,0.6,0.7,0.3,0.0,0.6,7.0,
30121,2023,Duke Blue Devils,K. Filipowski,F,,,15.1,8.9,1.6,29.2,5.2,11.9,44.1,1.0,3.4,28.2,3.6,4.7,76.5,2.5,6.4,1.3,0.7,2.5,36.0,
30122,2023,Duke Blue Devils,J. Roach,G,,,13.6,2.5,3.1,33.1,5.0,11.7,42.6,1.4,4.2,34.3,2.2,2.8,78.0,0.7,1.8,0.9,0.0,2.2,32.0,
30123,2023,Duke Blue Devils,T. Proctor,G,,,9.4,3.1,3.3,29.3,3.2,8.4,38.1,1.3,4.1,32.0,1.7,1.9,87.1,0.5,2.6,0.6,0.1,1.6,36.0,
30126,2023,Duke Blue Devils,R. Young,C,,,6.4,5.5,1.3,17.7,2.5,3.6,68.5,0.0,0.0,0.0,1.4,1.8,81.3,2.3,3.2,0.3,0.5,1.2,36.0,
30129,2023,Duke Blue Devils,J. Blakes,G,,,3.4,1.5,1.3,13.6,1.1,3.0,35.5,0.5,1.4,34.1,0.8,1.2,64.9,0.3,1.2,0.6,0.2,0.6,31.0,
30131,2023,Duke Blue Devils,C. Reeves,C,,,1.5,1.0,0.1,3.2,0.6,0.8,72.7,0.0,0.0,0.0,0.3,0.5,66.7,0.7,0.3,0.1,0.0,0.2,13.0,
30134,2023,Duke Blue Devils,S. Borden,C,,,0.0,1.0,0.0,1.0,0.0,0.0,0.0,0.0,0.0,0.0,0.0,0.0,0.0,0.0,1.0,0.0,0.0,0.0,1.0,
30137,2023,Duquesne Dukes,J. Clark III,G,,,12.2,4.0,2.5,28.9,4.6,10.5,43.7,1.5,4.5,34.2,1.5,2.1,72.1,0.8,3.2,2.3,0.1,2.4,33.0,
30142,2023,Duquesne Dukes,K. Easley Jr.,F,,,5.7,3.0,0.3,11.3,2.7,4.3,61.5,0.3,0.7,50.0,0.0,0.0,0.0,0.7,2.3,0.3,0.3,0.0,3.0,
30144,2023,Duquesne Dukes,A. Rotroff,F,,,5.0,4.8,0.5,13.5,1.9,3.2,61.5,0.0,0.0,0.0,1.1,2.0,56.9,2.4,2.4,0.4,0.8,0.7,33.0,
30145,2023,Duquesne Dukes,D. Dixon,F,,,4.5,3.0,0.5,11.2,1.8,3.1,59.0,0.0,0.2,0.0,0.9,1.6,55.8,1.4,1.7,0.7,0.9,0.8,27.0,
30146,2023,Duquesne Dukes,K. Rozier,G,,,3.9,1.2,2.1,15.5,1.3,3.4,38.0,0.6,1.4,39.1,0.8,1.0,80.6,0.4,0.8,0.7,0.1,0.8,32.0,
30147,2023,Duquesne Dukes,M. Hronský,F,,,2.9,1.1,0.4,10.6,1.1,2.7,39.2,0.4,1.3,33.3,0.4,0.7,61.5,0.3,0.7,0.4,0.2,0.6,19.0,
30148,2023,Duquesne Dukes,C. Barre,F,,,2.4,2.4,0.0,7.0,1.2,2.1,56.0,0.0,0.0,0.0,0.1,0.5,16.7,0.8,1.6,0.2,0.4,0.8,12.0,
30150,2023,Duquesne Dukes,J. Cole-Williams,G,,,0.0,0.0,0.0,1.7,0.0,1.0,0.0,0.0,0.7,0.0,0.0,0.0,0.0,0.0,0.0,0.0,0.0,0.3,7.0,
30151,2023,East Carolina Pirates,J. Small,G,,,15.8,4.8,5.6,34.7,4.6,11.6,39.7,2.0,6.0,33.3,4.6,5.3,85.4,0.8,3.9,1.2,0.2,3.4,18.0,
30152,2023,East Carolina Pirates,R. Felton,G,,,13.8,4.5,1.6,32.1,5.0,12.9,39.0,1.9,5.9,32.7,1.8,2.4,77.2,1.7,2.8,0.9,0.4,1.5,33.0,
30154,2023,East Carolina Pirates,E. Ausar,F,,,9.8,5.3,0.5,22.5,3.8,6.8,56.2,0.0,0.0,0.0,2.2,4.1,52.7,1.9,3.4,0.9,0.4,1.8,32.0,
30156,2023,East Carolina Pirates,Q. Diboundje,G,,,7.1,1.6,1.0,19.7,2.1,5.9,36.0,1.1,3.4,32.7,1.7,2.3,74.3,0.5,1.2,0.3,0.1,0.9,30.0,
30157,2023,East Carolina Pirates,K. LaCount,G,,,3.8,1.5,1.5,14.3,1.2,3.6,32.7,0.4,1.6,24.4,1.0,1.6,65.9,0.5,1.0,0.4,0.0,1.4,28.0,
30158,2023,East Carolina Pirates,B. Bayela,G,,,3.6,2.5,0.4,15.6,1.1,4.1,26.5,0.9,3.2,28.6,0.5,0.9,57.1,0.6,1.9,0.6,0.2,0.5,24.0,
30160,2023,East Carolina Pirates,L. Debaut,C,,,2.3,3.1,0.1,11.9,0.8,1.8,47.3,0.0,0.0,0.0,0.6,1.0,56.3,1.4,1.7,0.3,0.5,0.7,31.0,
30161,2023,East Carolina Pirates,D. Kasanganay,G,,,1.4,0.6,0.3,8.3,0.5,1.4,33.3,0.2,0.8,29.4,0.2,0.3,71.4,0.0,0.5,0.5,0.0,0.4,21.0,
30162,2023,East Carolina Pirates,V. Pinedo,F,,,1.0,0.4,0.1,4.6,0.2,0.4,55.6,0.0,0.0,0.0,0.5,0.6,76.9,0.2,0.2,0.0,0.0,0.3,21.0,
30169,2023,East Tennessee State Buccaneers,J. Seymour,F,,,8.7,7.5,1.4,27.4,3.4,7.4,45.6,0.3,1.4,23.8,1.6,2.8,58.7,2.6,4.9,0.7,1.0,1.3,29.0,
30174,2023,East Tennessee State Buccaneers,A. Strothers,G,,,3.8,1.8,2.7,26.7,1.4,4.7,30.9,0.3,1.4,20.0,0.6,1.0,56.7,0.2,1.6,1.2,0.1,2.1,29.0,
30175,2023,East Tennessee State Buccaneers,B. Ilic,F,,,2.0,1.4,0.4,8.7,0.8,2.1,39.6,0.3,1.3,25.8,0.0,0.0,0.0,0.0,1.4,0.2,0.2,0.2,23.0,
30178,2023,East Tennessee State Buccaneers,C. George,G,,,0.4,0.3,0.0,1.3,0.1,0.4,33.3,0.1,0.4,33.3,0.0,0.0,0.0,0.1,0.1,0.0,0.0,0.0,7.0,
30179,2023,East Texas A&M Lions,D. Demonia,G,,,15.2,5.4,1.8,31.4,5.3,12.2,43.6,1.6,5.9,27.6,2.9,4.3,67.1,1.6,3.8,1.1,0.3,2.1,33.0,
30183,2023,East Texas A&M Lions,J. Brewer Jr.,F,,,8.2,3.7,0.8,22.3,3.2,6.1,51.5,0.8,2.5,31.0,1.1,1.9,56.3,1.7,2.0,0.6,0.7,1.1,33.0,
30186,2023,East Texas A&M Lions,K. Abdul-Mateen,G,,,3.8,2.2,0.8,14.5,1.4,3.7,36.9,0.7,2.5,27.2,0.4,0.5,87.5,0.4,1.8,0.7,0.2,0.6,33.0,
30187,2023,East Texas A&M Lions,A. Dodd,G,,,3.7,2.9,2.5,20.4,1.3,2.9,46.3,0.4,1.4,28.9,0.6,1.2,51.3,0.6,2.3,0.8,0.3,1.7,33.0,
30188,2023,East Texas A&M Lions,A. Peavy,F,,,3.1,1.4,0.7,16.9,1.1,2.6,43.0,0.5,1.6,30.2,0.4,0.7,50.0,0.6,0.8,0.3,0.6,0.5,33.0,
30190,2023,East Texas A&M Lions,A. Abraham,G,,,1.4,0.7,1.7,7.5,0.5,0.8,56.3,0.2,0.5,50.0,0.2,0.2,80.0,0.1,0.6,0.4,0.1,0.7,20.0,
30191,2023,East Texas A&M Lions,R. Banks,F,,,0.0,1.7,0.0,5.0,0.0,1.3,0.0,0.0,0.0,0.0,0.0,0.0,0.0,1.0,0.7,0.0,0.0,0.7,3.0,
30193,2023,Eastern Kentucky Colonels,D. Blanton,F,,,16.9,6.1,2.8,30.0,6.6,14.5,45.7,1.1,2.9,37.0,2.5,3.5,71.5,2.1,4.0,0.9,0.2,2.5,37.0,
30194,2023,Eastern Kentucky Colonels,M. Moreno,F,,,11.1,6.5,1.9,28.2,3.9,9.0,44.0,2.5,6.6,38.5,0.7,1.1,66.7,1.8,4.6,1.0,0.3,0.8,37.0,
30195,2023,Eastern Kentucky Colonels,I. Cozart,F,,,9.9,7.5,0.4,23.9,4.2,6.6,63.5,0.0,0.0,0.0,1.5,2.7,56.4,3.2,4.4,0.5,2.5,0.6,37.0,
30196,2023,Eastern Kentucky Colonels,L. Walker,G,,,9.4,2.3,2.7,21.3,3.2,8.4,38.7,0.8,2.4,32.2,2.1,2.6,78.6,0.4,1.9,0.8,0.1,2.4,37.0,
30197,2023,Eastern Kentucky Colonels,T. Comer,G,,,8.0,2.3,3.6,26.5,2.9,8.0,35.8,1.0,3.1,31.9,1.3,1.9,66.2,0.4,1.9,1.2,0.1,2.1,37.0,
30198,2023,Eastern Kentucky Colonels,C. Robb,G,,,7.6,4.0,1.4,29.1,2.7,7.2,36.8,1.7,4.9,33.7,0.7,1.0,63.9,1.0,3.1,1.7,0.1,0.7,35.0,
30199,2023,Eastern Kentucky Colonels,J. Ukomadu,F,,,5.0,3.5,0.4,11.9,2.1,4.1,51.3,0.3,1.2,22.7,0.5,1.0,55.6,1.3,2.2,0.5,0.4,0.9,37.0,
30201,2023,Eastern Kentucky Colonels,T. Buttry,G,,,3.1,0.5,0.6,9.4,1.0,3.0,34.4,0.8,2.5,33.3,0.2,0.2,83.3,0.1,0.4,0.3,0.0,0.4,31.0,
30203,2023,Eastern Kentucky Colonels,M. Wardy,F,,,2.5,1.4,0.2,6.7,1.0,1.7,60.0,0.2,0.2,75.0,0.3,0.5,66.7,0.6,0.8,0.3,0.7,0.2,18.0,
30207,2023,Eastern Michigan Eagles,T. Acuff,G,,,14.3,2.8,2.7,34.5,5.0,11.0,45.8,1.7,5.0,34.4,2.5,3.0,81.3,0.2,2.5,1.3,0.1,1.6,30.0,
30208,2023,Eastern Michigan Eagles,N. Farrakhan,G,,,12.1,4.1,2.3,29.8,4.7,10.9,43.2,0.6,2.6,24.4,2.1,2.7,75.3,0.5,3.5,0.7,0.1,2.2,31.0,
30209,2023,Eastern Michigan Eagles,L. Geeter,F,,,5.6,3.9,1.0,20.4,2.0,3.8,51.9,0.1,0.2,28.6,1.6,2.1,76.3,1.4,2.5,0.9,0.1,1.5,28.0,
30210,2023,Eastern Michigan Eagles,O. Lovejoy,G,,,5.4,2.3,0.8,21.6,1.9,4.4,43.4,0.1,0.4,18.2,1.5,1.9,78.2,0.9,1.4,1.1,0.1,0.8,29.0,
30211,2023,Eastern Michigan Eagles,J. Billingsley,F,,,5.1,2.4,0.2,18.4,2.1,3.9,52.8,0.3,0.9,34.8,0.7,1.3,51.4,1.0,1.5,0.7,0.5,0.8,27.0,
30212,2023,Eastern Michigan Eagles,C. Golson Jr.,F,,,5.0,3.1,0.5,17.6,2.0,4.1,49.1,0.1,0.4,36.4,0.9,1.1,80.6,1.4,1.6,0.3,0.2,0.7,28.0,
30213,2023,Eastern Michigan Eagles,Y. Jihad,F,,,3.9,1.7,0.3,12.9,1.4,3.9,37.2,0.5,1.4,33.3,0.6,0.7,80.0,0.4,1.2,0.3,0.1,0.4,29.0,
30214,2023,Eastern Michigan Eagles,K. Rice,G,,,3.9,1.9,0.4,15.2,1.0,2.4,40.0,0.5,1.5,35.5,1.4,1.6,88.2,0.4,1.5,0.1,0.2,0.3,21.0,
30215,2023,Eastern Michigan Eagles,J. Randle,F,,,1.9,1.9,0.2,7.4,0.8,1.3,63.6,0.0,0.0,0.0,0.2,0.4,60.0,0.6,1.3,0.1,0.4,0.6,25.0,
30216,2023,Eastern Michigan Eagles,D. Ballard Jr.,F,,,0.8,0.4,0.1,3.8,0.3,0.8,40.0,0.2,0.6,25.0,0.1,0.2,50.0,0.2,0.2,0.2,0.1,0.2,13.0,
30217,2023,Eastern Michigan Eagles,A. Wells,G,,,0.7,0.3,0.0,1.3,0.0,0.0,0.0,0.0,0.0,0.0,0.7,1.0,66.7,0.0,0.3,0.0,0.0,0.0,3.0,
30218,2023,Eastern Michigan Eagles,L. Savicevic,G,,,0.6,0.6,0.8,9.2,0.2,1.1,17.6,0.1,0.6,11.1,0.1,0.2,66.7,0.2,0.4,0.4,0.1,0.6,16.0,
30220,2023,Eastern Michigan Eagles,D. Pranger,F,,,0.0,2.0,1.0,15.0,0.0,2.0,0.0,0.0,2.0,0.0,0.0,0.0,0.0,0.0,2.0,3.0,0.0,1.0,1.0,
30222,2023,Eastern Washington Eagles,S. Venters,G,,,15.3,2.8,1.5,31.4,5.4,11.9,45.7,2.3,6.2,37.1,2.1,2.5,84.5,0.5,2.3,0.8,0.4,1.9,34.0,
30224,2023,Eastern Washington Eagles,E. Price,F,,,9.6,4.2,1.5,24.9,3.5,6.3,55.1,1.0,2.6,36.7,1.7,2.3,72.2,0.9,3.3,0.3,0.9,1.9,34.0,
30226,2023,Eastern Washington Eagles,C. Coward,G,,,7.3,5.6,1.8,21.6,2.8,4.1,68.3,0.4,1.0,39.4,1.4,1.8,74.2,1.6,4.0,0.8,0.6,0.9,34.0,
30227,2023,Eastern Washington Eagles,D. Erikstrup,F,,,6.5,3.0,0.6,14.0,2.3,5.1,44.8,0.6,1.8,35.0,1.4,1.8,75.8,1.3,1.8,0.4,0.2,1.0,34.0,
30228,2023,Eastern Washington Eagles,I. George,F,,,5.3,1.7,0.3,5.0,1.7,2.7,63.2,0.4,1.1,37.5,1.4,1.6,90.9,0.3,1.4,0.3,0.0,0.6,7.0,
30231,2023,Eastern Washington Eagles,J. Veening,F,,,0.9,0.7,0.9,4.3,0.4,0.6,75.0,0.0,0.1,0.0,0.0,0.0,0.0,0.4,0.3,0.3,0.1,0.0,7.0,
30232,2023,Eastern Washington Eagles,E. Magnuson,G,,,0.5,0.5,0.6,6.4,0.2,0.6,29.4,0.1,0.5,15.4,0.1,0.2,42.9,0.1,0.4,0.0,0.0,0.4,28.0,
30234,2023,Elon Phoenix,M. Mackinnon,G,,,11.4,5.1,2.4,29.6,4.7,9.5,49.3,0.7,2.6,28.4,1.3,1.8,71.4,1.1,4.0,1.1,0.1,2.2,31.0,
30235,2023,Elon Phoenix,Z. Ervin,G,,,9.3,2.6,1.5,27.4,3.1,8.7,35.4,2.0,5.9,33.3,1.2,1.6,72.0,0.5,2.1,0.5,0.0,1.2,31.0,
30236,2023,Elon Phoenix,T. Watson,G,,,9.3,6.1,1.5,26.8,2.9,8.5,34.5,1.4,4.8,28.9,2.0,2.6,77.8,1.1,5.0,0.5,0.3,1.4,28.0,
30237,2023,Elon Phoenix,S. Sherry,F,,,9.1,4.3,0.5,22.9,3.5,6.0,57.8,0.1,0.6,21.1,2.0,2.9,68.8,1.5,2.7,0.4,0.8,1.2,32.0,
30238,2023,Elon Phoenix,D. Smart,F,,,9.0,3.8,0.5,15.0,3.2,4.5,72.2,0.0,0.0,0.0,2.5,4.2,58.8,2.0,1.8,0.3,0.0,1.0,4.0,
30239,2023,Elon Phoenix,J. Gillens-Butler,G,,,8.4,2.9,1.5,26.2,2.9,8.1,36.2,1.1,3.3,32.1,1.5,2.2,67.6,0.5,2.4,0.8,0.3,1.6,17.0,
30240,2023,Elon Phoenix,J. Michael,F,,,4.1,2.2,0.4,15.4,1.6,4.2,38.7,0.1,0.6,10.0,0.8,1.4,56.0,0.8,1.4,0.4,0.2,0.8,18.0,
30242,2023,Elon Phoenix,L. Pratt,G,,,2.7,1.7,0.8,16.5,1.0,2.8,35.6,0.4,1.6,26.0,0.3,0.4,75.0,0.3,1.4,0.6,0.0,0.8,32.0,
30243,2023,Elon Phoenix,R. Noord,G,,,2.5,1.0,0.3,8.8,0.9,3.0,31.0,0.2,0.9,25.0,0.4,0.9,46.2,0.2,0.8,0.5,0.0,0.5,14.0,
30244,2023,Elon Phoenix,A. Junkin,C,,,1.3,2.2,0.2,7.9,0.3,0.7,50.0,0.0,0.0,0.0,0.7,1.0,66.7,0.6,1.7,0.0,0.6,0.6,9.0,
30246,2023,Elon Phoenix,O. Luessenhop,F,,,0.0,0.0,0.0,1.0,0.0,0.2,0.0,0.0,0.2,0.0,0.0,0.0,0.0,0.0,0.0,0.0,0.0,0.0,5.0,
30247,2023,Evansville Purple Aces,K. Strawbridge Jr.,G,,,14.4,3.8,2.1,32.5,5.2,13.6,38.6,0.9,3.7,25.2,2.9,4.5,64.8,1.1,2.6,1.2,0.1,2.1,32.0,
30249,2023,Evansville Purple Aces,Y. Toumi,F,,,10.4,5.7,1.3,24.9,3.9,9.5,41.4,0.4,1.5,25.5,2.1,4.1,51.6,1.4,4.3,1.0,0.4,2.0,31.0,
30250,2023,Evansville Purple Aces,B. Beauchamp,G,,,8.6,2.1,0.8,20.0,2.8,8.3,33.3,1.6,4.7,33.3,1.4,1.9,76.5,0.1,2.0,0.6,0.0,1.2,9.0,
30251,2023,Evansville Purple Aces,A. Smith Jr.,F,,,7.7,3.3,0.5,23.8,2.5,6.2,39.6,1.4,3.9,36.1,1.4,1.6,82.4,0.7,2.6,0.5,0.4,1.0,31.0,
30252,2023,Evansville Purple Aces,G. Bobe,G,,,5.6,1.8,0.8,26.0,2.0,5.1,38.9,1.4,3.7,39.3,0.2,0.3,70.0,0.2,1.7,0.9,0.1,0.8,32.0,
30254,2023,Evansville Purple Aces,P. Phillips,F,,,3.9,3.7,1.0,19.5,1.5,2.7,54.2,0.3,0.8,34.6,0.7,1.3,59.0,1.0,2.7,0.7,0.5,1.0,31.0,
30255,2023,Evansville Purple Aces,S. Kalle,F,,,3.1,3.9,0.3,18.1,1.3,2.7,48.8,0.0,0.0,0.0,0.5,0.9,50.0,1.3,2.6,0.5,0.3,1.1,15.0,
30260,2023,Evansville Purple Aces,C. Gehlhausen,G,,,0.0,0.0,0.0,0.5,0.0,0.0,0.0,0.0,0.0,0.0,0.0,0.0,0.0,0.0,0.0,0.0,0.0,0.0,2.0,
30261,2023,Fairfield Stags,S. Cook,F,,,13.1,8.5,0.6,26.2,4.8,8.8,54.4,0.0,0.0,0.0,3.5,5.5,63.7,3.3,5.2,0.4,0.7,1.6,31.0,
30262,2023,Fairfield Stags,C. Fields,G,,,11.7,3.2,2.4,36.1,3.8,10.2,37.3,1.7,5.4,32.1,2.4,2.9,81.2,0.5,2.8,1.4,0.1,1.6,29.0,
30263,2023,Fairfield Stags,T. Long,G,,,10.5,2.9,0.8,26.9,3.4,9.3,36.6,1.9,5.8,32.4,1.9,2.2,85.3,0.6,2.2,0.9,0.5,1.4,31.0,
30264,2023,Fairfield Stags,B. Goodine,G,,,7.3,1.3,0.3,15.8,2.5,5.8,43.5,1.5,3.2,46.2,0.8,1.2,60.0,0.0,1.2,0.3,0.3,0.8,4.0,
30265,2023,Fairfield Stags,J. Leach,G,,,6.1,3.1,1.2,23.3,1.9,5.4,35.6,0.6,2.3,25.7,1.7,2.0,83.3,0.6,2.4,0.6,0.2,1.2,30.0,
30267,2023,Fairfield Stags,M. Willis,C,,,2.3,2.3,0.3,10.3,0.9,2.0,42.6,0.1,0.7,20.0,0.4,0.5,81.8,0.4,1.9,0.1,0.2,0.7,23.0,
30270,2023,Fairfield Stags,J. Mullally,G,,,0.0,0.2,0.0,1.0,0.0,0.2,0.0,0.0,0.0,0.0,0.0,0.0,0.0,0.0,0.2,0.0,0.0,0.0,5.0,
30273,2023,Fairleigh Dickinson Knights,A. Almonor,F,,,13.6,4.8,1.4,27.9,4.8,11.1,43.4,2.1,5.5,38.1,1.9,2.2,86.1,1.5,3.3,0.6,0.7,1.7,36.0,
30274,2023,Fairleigh Dickinson Knights,H. Bligen,G,,,7.4,3.5,0.6,20.6,3.0,5.6,52.5,0.0,0.0,0.0,1.4,2.2,63.5,2.1,1.4,0.8,0.2,0.8,28.0,
30276,2023,Fairleigh Dickinson Knights,S. Lamaute,G,,,3.6,3.1,0.9,15.6,1.5,4.1,36.2,0.5,1.8,30.4,0.2,0.2,71.4,0.9,2.2,0.6,0.1,0.8,32.0,
30277,2023,Fairleigh Dickinson Knights,C. Tweedy,F,,,3.5,2.5,0.5,9.3,1.6,2.5,61.6,0.0,0.0,0.0,0.4,0.6,57.1,1.3,1.2,0.4,0.1,0.6,34.0,
30278,2023,Fairleigh Dickinson Knights,J. Emanuel,F,,,3.2,2.4,1.0,16.4,1.2,2.8,43.1,0.2,0.5,31.6,0.7,1.2,60.5,1.3,1.1,0.5,0.1,0.9,37.0,
30280,2023,Fairleigh Dickinson Knights,B. Reynolds,G,,,1.7,0.9,1.0,10.4,0.7,1.4,47.8,0.0,0.2,0.0,0.3,0.7,39.1,0.2,0.7,0.4,0.0,0.5,32.0,
30281,2023,Fairleigh Dickinson Knights,B. Upshaw,G,,,1.5,0.0,1.0,3.0,0.5,0.5,100.0,0.5,0.5,100.0,0.0,0.0,0.0,0.0,0.0,0.0,0.0,1.0,2.0,
30282,2023,Fairleigh Dickinson Knights,D. Rodriguez,F,,,1.0,0.3,0.2,3.2,0.5,0.6,83.3,0.0,0.0,0.0,0.0,0.0,0.0,0.0,0.3,0.3,0.0,0.4,10.0,
30286,2023,Florida A&M Rattlers,D. Stevens,G,,,8.4,1.1,0.4,12.7,2.6,6.0,43.3,1.9,4.3,42.5,1.4,1.7,79.4,0.4,0.7,0.3,0.1,0.9,20.0,
30288,2023,Florida A&M Rattlers,H. Louis-Jeune,G,,,5.6,3.0,1.2,24.0,1.9,4.6,40.8,0.7,2.0,37.0,1.1,1.6,69.8,1.0,2.0,0.9,0.5,1.6,27.0,
30289,2023,Florida A&M Rattlers,J. Chatman,G,,,5.5,3.8,0.6,17.8,1.8,4.4,39.8,0.1,0.6,18.8,1.9,2.7,71.1,1.4,2.4,0.5,0.1,1.4,28.0,
30290,2023,Florida A&M Rattlers,C. Barrs,F,,,3.9,3.4,0.5,18.0,1.4,3.3,43.2,0.0,0.0,0.0,1.1,1.8,60.4,1.1,2.2,0.4,1.0,1.1,27.0,
30294,2023,Florida A&M Rattlers,S. Burnside,F,,,1.6,2.4,0.1,10.8,0.6,1.6,37.5,0.0,0.0,0.0,0.3,0.8,41.2,1.0,1.4,0.3,0.4,0.4,20.0,
30295,2023,Florida A&M Rattlers,R. Mathews,G,,,1.1,0.3,0.3,7.1,0.3,1.5,20.8,0.1,0.8,7.7,0.4,0.7,54.5,0.1,0.2,0.1,0.0,0.2,16.0,
30297,2023,Florida A&M Rattlers,M. Hall,G,,,0.6,0.3,0.2,4.4,0.2,0.5,50.0,0.0,0.1,0.0,0.2,0.2,100.0,0.0,0.3,0.2,0.0,0.4,13.0,
30301,2023,Florida Atlantic Owls,A. Martin,G,,,13.4,5.3,1.4,26.4,4.5,10.2,43.8,2.0,5.4,37.2,2.5,3.1,78.8,1.6,3.6,1.0,0.3,1.7,36.0,
30302,2023,Florida Atlantic Owls,N. Boyd,G,,,8.9,4.3,2.4,23.9,3.2,7.2,44.9,1.8,4.5,40.0,0.7,1.2,62.2,0.8,3.5,0.8,0.0,1.1,38.0,
30303,2023,Florida Atlantic Owls,M. Forrest,G,,,8.2,2.2,1.6,20.8,2.9,7.1,40.5,1.5,4.3,34.0,1.0,1.3,75.5,0.3,1.9,0.6,0.1,1.0,37.0,
30304,2023,Florida Atlantic Owls,B. Greenlee,G,,,7.3,2.6,2.1,24.6,2.5,6.1,41.6,1.4,3.5,40.4,0.8,1.3,65.3,0.3,2.3,0.7,0.1,1.6,39.0,
30305,2023,Florida Atlantic Owls,G. Rosado,F,,,5.8,3.5,1.4,16.8,2.2,3.5,63.5,0.0,0.0,0.0,1.3,1.8,72.9,1.4,2.1,0.4,0.5,1.1,39.0,
30306,2023,Florida Atlantic Owls,B. Weatherspoon,G,,,5.0,2.2,0.8,15.9,1.7,4.5,38.9,1.0,3.1,33.1,0.5,0.7,71.4,0.8,1.4,0.5,0.0,0.4,39.0,
30307,2023,Florida Atlantic Owls,J. Gaffney,G,,,4.3,2.7,2.3,22.5,1.4,4.4,32.9,0.8,2.6,33.0,0.6,0.8,79.3,0.3,2.5,0.5,0.0,1.1,38.0,
30308,2023,Florida Atlantic Owls,T. Carroll,F,,,3.4,1.8,0.4,5.7,1.4,2.2,64.1,0.3,0.6,54.5,0.3,0.4,75.0,0.2,1.6,0.0,0.1,0.5,18.0,
30309,2023,Florida Atlantic Owls,I. Gaines,F,,,1.8,1.6,0.2,5.5,0.6,1.0,61.5,0.0,0.0,100.0,0.4,0.8,55.0,0.6,1.1,0.2,0.2,0.4,25.0,
30310,2023,Florida Atlantic Owls,B. Lorient,F,,,0.8,0.5,0.1,3.3,0.3,0.6,53.8,0.0,0.0,0.0,0.1,0.2,40.0,0.3,0.2,0.1,0.2,0.2,21.0,
30311,2023,Florida Atlantic Owls,A. Ralat,G,,,0.5,0.1,0.4,2.9,0.2,0.9,25.0,0.1,0.5,14.3,0.0,0.0,0.0,0.0,0.1,0.1,0.0,0.1,14.0,
30312,2023,Florida Gators,C. Castleton,C,,,16.0,7.7,2.7,31.2,5.8,11.5,50.0,0.1,0.6,13.3,4.3,6.0,72.9,1.8,5.9,0.9,3.0,2.5,26.0,
30313,2023,Florida Gators,W. Richard,G,,,10.4,4.5,0.8,27.9,3.5,7.0,49.3,1.6,4.0,39.8,1.9,2.2,85.7,1.0,3.5,0.9,0.6,0.8,32.0,
30314,2023,Florida Gators,R. Kugel,G,,,9.9,2.8,1.0,23.0,3.6,7.8,45.6,1.1,2.9,37.6,1.7,2.6,66.3,0.7,2.1,0.8,0.2,1.5,32.0,
30320,2023,Florida Gators,J. Jitoboh,F,,,3.1,1.5,0.7,11.5,1.2,2.2,58.0,0.0,0.1,33.3,0.6,0.9,62.1,0.6,0.9,0.2,0.7,0.8,32.0,
30321,2023,Florida Gators,N. Lane,G,,,2.4,1.2,0.2,8.6,1.0,2.3,43.8,0.0,0.1,0.0,0.4,0.9,41.7,0.6,0.6,0.4,0.1,0.4,14.0,
30322,2023,Florida Gators,C. Felder,F,,,2.3,2.9,0.3,12.5,1.0,1.9,53.6,0.1,0.4,33.3,0.2,0.2,100.0,0.9,2.1,0.3,0.2,0.6,15.0,
30324,2023,Florida Gators,D. Aberdeen,G,,,1.6,0.3,0.2,3.4,0.6,1.3,43.8,0.0,0.4,0.0,0.4,0.8,55.6,0.1,0.2,0.0,0.0,0.2,12.0,
30325,2023,Florida Gators,A. Klatsky,G,,,0.5,0.0,0.0,1.5,0.2,0.2,100.0,0.2,0.2,100.0,0.0,0.0,0.0,0.0,0.0,0.2,0.0,0.0,6.0,
30329,2023,Florida Gulf Coast Eagles,Z. Anderson,F,,,11.7,6.7,2.1,31.0,4.0,8.3,47.9,1.0,2.6,37.3,2.8,3.8,72.7,1.8,5.0,1.0,0.7,1.8,29.0,
30330,2023,Florida Gulf Coast Eagles,A. Weir,C,,,9.2,6.0,0.5,19.2,3.8,7.3,51.4,0.3,0.9,34.6,1.3,2.0,68.4,2.2,3.8,0.2,0.9,1.6,29.0,
30331,2023,Florida Gulf Coast Eagles,C. Catto,G,,,7.7,3.8,3.2,31.8,2.8,6.4,43.6,1.4,3.7,37.0,0.8,1.0,75.8,0.4,3.4,1.2,0.2,1.5,32.0,
30332,2023,Florida Gulf Coast Eagles,D. Rivers,F,,,5.9,3.2,0.5,18.8,2.4,4.3,54.7,0.6,1.8,32.8,0.6,1.1,55.9,1.1,2.1,0.8,0.8,0.6,32.0,
30334,2023,Florida Gulf Coast Eagles,C. Largie,G,,,3.2,2.7,1.0,13.6,1.2,2.6,46.6,0.2,0.7,33.3,0.5,1.0,52.4,1.3,1.4,0.5,0.2,0.9,22.0,
30336,2023,Florida Gulf Coast Eagles,F. Miller Jr.,G,,,2.0,1.9,0.7,10.9,0.6,2.5,26.1,0.3,1.3,22.2,0.4,0.6,70.6,0.4,1.6,0.3,0.0,0.9,28.0,
30337,2023,Florida Gulf Coast Eagles,A. Richie,G,,,1.8,1.2,0.2,5.0,0.6,2.2,27.6,0.3,1.6,19.0,0.3,0.3,100.0,0.5,0.6,0.0,0.0,0.0,13.0,
30340,2023,Florida Gulf Coast Eagles,L. Ricca,G,,,0.0,0.0,0.0,1.5,0.0,0.2,0.0,0.0,0.0,0.0,0.0,0.0,0.0,0.0,0.0,0.0,0.3,0.3,4.0,
30341,2023,Florida Gulf Coast Eagles,B. Dwyer,G,,,0.0,0.0,0.0,1.0,0.0,0.0,0.0,0.0,0.0,0.0,0.0,0.0,0.0,0.0,0.0,0.0,0.0,0.0,1.0,
30342,2023,Florida Gulf Coast Eagles,K. Riemenschneider,F,,,0.0,0.0,0.0,1.0,0.0,0.0,0.0,0.0,0.0,0.0,0.0,0.0,0.0,0.0,0.0,0.0,0.0,0.0,1.0,
30344,2023,Florida International Panthers,A. Dean,G,,,11.9,4.1,3.8,29.7,4.9,11.3,43.5,0.4,1.9,20.0,1.7,2.7,64.0,1.0,3.2,2.5,0.3,3.2,32.0,
30346,2023,Florida International Panthers,D. Gittens,G,,,6.9,2.4,1.4,21.9,2.6,5.4,48.8,0.6,1.8,35.8,1.0,1.6,63.3,0.7,1.7,1.0,0.3,1.4,30.0,
30347,2023,Florida International Panthers,P. Krivokapic,G,,,6.9,3.0,0.5,22.3,2.1,5.0,42.8,1.6,3.9,40.5,1.0,1.4,75.0,0.5,2.5,0.5,0.1,0.8,32.0,
30348,2023,Florida International Panthers,M. Sanogo,F,,,6.8,4.0,0.7,21.4,2.9,4.3,66.7,0.0,0.0,0.0,1.0,2.0,50.8,1.2,2.8,0.5,1.2,1.4,30.0,
30351,2023,Florida International Panthers,J. Brewer,G,,,4.5,1.7,0.3,8.6,1.9,2.9,64.3,0.0,0.3,0.0,0.7,0.9,76.5,0.5,1.3,0.4,0.3,0.4,19.0,
30352,2023,Florida International Panthers,S. Pinkney,C,,,3.7,2.5,0.2,15.3,1.5,2.1,72.3,0.0,0.0,0.0,0.7,1.1,63.6,0.7,1.8,0.3,1.3,0.4,31.0,
30353,2023,Florida International Panthers,D. Wilcox,F,,,1.2,1.3,0.4,7.4,0.4,1.0,41.2,0.0,0.1,0.0,0.4,0.4,100.0,0.7,0.6,0.2,0.3,0.7,17.0,
30356,2023,Florida State Seminoles,M. Cleveland,G,,,13.8,7.4,1.8,33.7,5.2,11.8,44.5,0.7,2.0,35.0,2.7,3.9,69.0,1.4,6.0,0.8,0.8,2.2,30.0,
30358,2023,Florida State Seminoles,C. Fletcher,F,,,10.8,7.5,1.1,29.1,4.1,10.4,39.4,1.5,4.5,33.3,1.1,1.8,61.1,1.7,5.8,1.3,0.6,2.0,10.0,
30360,2023,Florida State Seminoles,J. Warley,G,,,6.8,2.9,3.3,28.0,2.4,4.8,49.0,0.3,1.0,32.3,1.8,2.6,67.9,0.9,2.0,1.3,0.2,1.6,32.0,
30362,2023,Florida State Seminoles,N. McLeod,C,,,3.8,2.7,0.2,13.1,1.7,3.1,54.7,0.0,0.0,0.0,0.5,1.1,40.6,1.1,1.5,0.0,1.2,0.5,28.0,
30367,2023,Florida State Seminoles,I. Spainhour,G,,,0.5,0.0,0.0,1.5,0.2,0.8,20.0,0.2,0.7,25.0,0.0,0.0,0.0,0.0,0.0,0.0,0.0,0.0,6.0,
30368,2023,Florida State Seminoles,C. Yates,G,,,0.0,0.2,0.0,1.4,0.0,0.0,0.0,0.0,0.0,0.0,0.0,0.0,0.0,0.0,0.2,0.0,0.0,0.0,5.0,
30369,2023,Florida State Seminoles,M. Thorpe,G,,,0.0,0.3,0.0,1.3,0.0,0.0,0.0,0.0,0.0,0.0,0.0,0.0,0.0,0.3,0.0,0.0,0.0,0.0,3.0,
30372,2023,Fordham Rams,D. Quisenberry,G,,,16.9,3.8,3.2,35.3,5.1,13.2,38.5,2.2,6.9,31.5,4.6,5.5,82.5,0.4,3.4,1.2,0.0,1.7,32.0,
30374,2023,Fordham Rams,K. Rose,G,,,7.3,3.2,1.4,24.5,2.3,6.4,36.0,1.5,4.6,32.5,1.2,1.8,63.9,0.8,2.4,1.8,0.6,1.2,33.0,
30375,2023,Fordham Rams,A. Charlton,G,,,7.2,3.8,3.6,32.2,2.6,6.6,39.0,0.8,2.7,28.1,1.3,1.6,79.6,0.5,3.4,1.3,0.3,2.5,33.0,
30376,2023,Fordham Rams,R. Novitskyi,C,,,6.9,4.5,0.9,17.5,2.5,4.6,54.9,0.1,0.4,28.6,1.7,2.6,64.0,1.8,2.7,0.2,1.3,1.4,33.0,
30377,2023,Fordham Rams,W. Richardson,G,,,6.6,1.4,1.0,19.2,2.2,5.5,39.6,1.3,3.2,41.9,0.9,1.2,74.4,0.2,1.2,0.7,0.1,1.0,33.0,
30378,2023,Fordham Rams,A. Tsimbila,F,,,5.2,6.2,0.2,18.4,1.9,4.3,44.4,0.0,0.0,0.0,1.4,1.9,71.9,2.4,3.8,0.4,1.9,1.2,33.0,
30379,2023,Fordham Rams,A. Montas Jr.,G,,,4.5,0.5,0.0,8.0,2.0,5.0,40.0,0.5,1.5,33.3,0.0,0.0,0.0,0.5,0.0,0.5,0.0,0.5,2.0,
30380,2023,Fordham Rams,E. Gray,F,,,2.7,2.0,0.0,7.7,0.9,2.6,36.0,0.2,1.1,15.6,0.7,1.1,60.6,0.6,1.4,0.2,0.2,0.5,29.0,
30381,2023,Fordham Rams,Z. Riley,G,,,2.2,1.2,0.5,8.5,0.8,2.0,39.3,0.4,1.2,31.4,0.2,0.4,70.0,0.2,1.0,0.3,0.1,0.4,28.0,
30384,2023,Fordham Rams,P. Kelly,F,,,0.7,0.6,0.0,4.2,0.3,1.0,27.3,0.1,0.7,17.6,0.0,0.0,0.0,0.2,0.4,0.1,0.0,0.1,23.0,
30385,2023,Fordham Rams,A. Evans,G,,,0.0,0.3,0.1,0.8,0.0,0.2,0.0,0.0,0.1,0.0,0.0,0.0,0.0,0.0,0.2,0.0,0.0,0.1,8.0,
30386,2023,Fordham Rams,B. Nussbaum,G,,,0.0,0.3,0.0,0.7,0.0,0.0,0.0,0.0,0.0,0.0,0.0,0.0,0.0,0.0,0.3,0.0,0.0,0.3,3.0,
30388,2023,Fresno State Bulldogs,I. Hill,G,,,12.6,2.4,4.1,34.2,4.5,11.6,38.5,1.5,5.1,30.3,2.1,2.6,80.8,0.6,1.8,1.1,0.1,2.2,28.0,
30389,2023,Fresno State Bulldogs,J. Baker Jr.,G,,,12.5,3.0,2.9,31.8,4.4,11.2,39.2,2.0,6.0,32.7,1.8,2.4,75.8,0.4,2.6,1.0,0.0,1.5,28.0,
30392,2023,Fresno State Bulldogs,A. Holland,G,,,6.8,4.3,1.0,30.8,2.2,5.2,41.9,1.6,4.1,38.7,0.8,1.1,73.5,1.1,3.2,0.7,0.2,0.8,30.0,
30393,2023,Fresno State Bulldogs,D. Yap,G,,,6.1,1.6,1.3,17.2,2.3,5.9,38.6,0.6,2.2,27.0,1.0,1.3,76.3,0.2,1.4,0.5,0.0,1.4,29.0,
30395,2023,Fresno State Bulldogs,L. Colimerio,F,,,5.3,3.4,0.7,23.7,1.9,3.7,52.2,0.3,1.0,29.0,1.1,1.3,87.2,0.9,2.5,0.8,0.3,0.9,31.0,
30397,2023,Fresno State Bulldogs,D. Whitaker,G,,,2.2,0.9,0.1,15.7,0.7,2.3,29.4,0.6,2.1,29.5,0.2,0.3,87.5,0.1,0.8,0.3,0.1,0.4,29.0,
30400,2023,Fresno State Bulldogs,S. Vasquez,G,,,0.0,0.8,0.5,4.3,0.0,1.2,0.0,0.0,1.0,0.0,0.0,0.0,0.0,0.0,0.8,0.0,0.0,0.3,4.0,
30401,2023,Furman Paladins,M. Bothwell,G,,,17.7,3.4,2.8,33.4,5.9,11.4,51.7,1.4,4.1,34.2,4.5,5.5,82.2,1.2,2.1,0.9,0.1,1.6,36.0,
30402,2023,Furman Paladins,J. Slawson,F,,,15.6,7.1,3.2,30.7,5.4,9.6,55.6,1.1,2.9,39.4,3.7,4.8,77.5,1.8,5.3,1.5,1.5,2.6,36.0,
30403,2023,Furman Paladins,J. Pegues,G,,,11.9,3.7,3.9,31.8,4.1,9.9,41.2,1.9,5.5,34.3,1.9,2.7,69.4,0.3,3.3,0.6,0.2,1.8,36.0,
30405,2023,Furman Paladins,G. Hien,F,,,7.9,4.1,1.7,21.9,3.1,6.0,51.7,0.8,2.3,35.1,0.9,1.7,52.6,1.1,3.0,0.7,0.4,0.9,34.0,
30407,2023,Furman Paladins,B. Vander Wal,F,,,4.8,3.1,0.4,16.3,1.5,3.1,49.1,0.4,1.6,27.6,1.4,2.0,69.0,1.4,1.8,0.4,0.3,0.6,36.0,
30408,2023,Furman Paladins,T. Hughey,F,,,4.7,2.3,0.6,11.1,1.9,3.3,57.8,0.5,1.4,34.0,0.4,0.6,71.4,0.6,1.7,0.5,0.2,0.5,35.0,
30409,2023,Furman Paladins,C. Whitt,G,,,2.5,1.6,2.1,12.4,0.9,3.1,30.3,0.5,2.0,25.9,0.1,0.3,44.4,0.2,1.4,0.4,0.1,1.2,29.0,
30412,2023,Furman Paladins,R. Lister,G,,,0.2,0.1,0.1,1.2,0.1,0.3,25.0,0.0,0.0,0.0,0.0,0.0,0.0,0.0,0.1,0.0,0.0,0.2,13.0,
30415,2023,Gardner-Webb Runnin Bulldogs,A. Selden,G,,,11.5,4.4,0.9,27.4,4.6,9.5,48.3,0.8,2.8,29.9,1.4,2.3,62.0,1.4,3.0,0.7,0.9,2.2,31.0,
30416,2023,Gardner-Webb Runnin Bulldogs,K. Reid,F,,,11.0,5.7,0.7,25.3,4.3,7.4,58.8,0.0,0.0,0.0,2.3,4.2,56.0,1.9,3.8,0.9,1.2,1.6,30.0,
30417,2023,Gardner-Webb Runnin Bulldogs,J. Soumaoro,G,,,8.8,2.3,1.9,26.6,2.8,6.9,39.9,1.8,4.9,37.7,1.4,1.8,79.2,0.3,2.0,1.0,0.1,1.4,30.0,
30420,2023,Gardner-Webb Runnin Bulldogs,L. Dufeal,F,,,5.5,4.7,0.8,23.4,2.1,3.3,62.0,0.2,0.6,36.8,1.1,1.7,66.0,1.6,3.0,0.5,1.4,1.0,30.0,
30422,2023,Gardner-Webb Runnin Bulldogs,B. Mykalcio,G,,,2.7,2.0,0.7,5.2,1.2,2.5,46.7,0.0,0.3,0.0,0.3,1.0,33.3,0.2,1.8,0.5,0.2,0.7,6.0,
30423,2023,Gardner-Webb Runnin Bulldogs,A. Badmus,F,,,2.3,2.2,0.4,8.1,1.0,1.7,60.4,0.0,0.0,0.0,0.3,0.7,34.8,0.9,1.4,0.2,0.3,0.7,31.0,
30424,2023,Gardner-Webb Runnin Bulldogs,J. Roghelia,F,,,2.0,0.5,0.3,3.3,0.8,0.8,100.0,0.0,0.0,0.0,0.5,1.0,50.0,0.2,0.2,0.3,0.3,0.0,4.0,
30426,2023,George Mason Patriots,J. Oduro,F,,,15.6,7.9,2.6,29.1,6.1,11.1,55.1,0.2,0.9,23.3,3.2,5.2,61.6,2.5,5.5,0.8,0.9,2.8,33.0,
30428,2023,George Mason Patriots,R. Polite III,G,,,11.5,3.2,4.0,31.8,3.8,8.7,44.1,1.1,2.9,36.4,2.8,3.5,79.0,0.6,2.6,1.0,0.3,2.6,30.0,
30429,2023,George Mason Patriots,D. Cooper,G,,,10.2,4.0,2.7,33.3,3.1,8.5,36.2,2.0,5.9,33.3,2.1,2.6,78.2,0.5,3.6,0.8,0.1,1.8,33.0,
30430,2023,George Mason Patriots,D. Gaines,G,,,7.3,6.1,1.2,27.0,2.2,5.7,38.2,1.5,4.4,34.3,1.4,1.9,74.4,1.2,4.9,0.6,0.3,1.1,23.0,
30438,2023,George Mason Patriots,B. Jones,F,,,0.4,1.0,0.3,6.0,0.1,0.7,17.6,0.1,0.6,23.1,0.0,0.1,0.0,0.3,0.7,0.0,0.1,0.3,23.0,
30441,2023,George Washington Revolutionaries,J. Bishop IV,G,,,21.6,2.3,5.2,37.7,7.5,17.5,42.9,2.0,6.7,29.9,4.6,6.0,76.6,0.3,2.0,0.8,0.3,2.9,32.0,
30442,2023,George Washington Revolutionaries,B. Adams,G,,,17.4,4.2,2.9,37.6,5.9,12.5,47.0,2.3,6.1,37.9,3.3,4.0,83.5,0.8,3.4,0.7,0.2,2.5,32.0,
30443,2023,George Washington Revolutionaries,R. Lindo Jr.,F,,,10.6,7.6,0.8,29.1,3.8,6.8,56.2,0.5,2.0,23.4,2.4,3.3,72.6,2.4,5.2,1.2,1.2,1.7,32.0,
30444,2023,George Washington Revolutionaries,M. Edwards,G,,,10.5,6.5,1.4,33.8,3.9,8.9,43.4,1.5,4.2,35.3,1.3,1.8,69.5,1.3,5.2,0.8,0.2,2.1,32.0,
30445,2023,George Washington Revolutionaries,H. Dean,F,,,8.7,6.1,1.1,27.0,3.3,5.2,64.1,0.0,0.1,0.0,2.1,2.8,73.8,1.6,4.5,0.8,0.8,1.4,30.0,
30447,2023,George Washington Revolutionaries,N. Brown,C,,,3.2,2.2,0.2,11.2,1.3,2.3,58.1,0.0,0.0,0.0,0.5,1.0,53.1,0.9,1.3,0.1,0.3,0.6,32.0,
30448,2023,George Washington Revolutionaries,K. Harvey,F,,,2.5,1.5,0.0,7.0,0.8,2.4,31.6,0.8,2.1,35.3,0.2,0.5,50.0,0.5,1.0,0.1,0.1,0.3,8.0,
30449,2023,George Washington Revolutionaries,D. Nixon,F,,,2.0,1.0,0.0,3.0,1.0,3.0,33.3,0.0,1.0,0.0,0.0,0.0,0.0,1.0,0.0,0.0,0.0,0.0,1.0,
30450,2023,George Washington Revolutionaries,Q. Samuels,F,,,1.6,1.3,0.2,7.8,0.6,1.7,32.0,0.2,1.1,18.2,0.2,0.4,63.6,0.3,1.0,0.3,0.2,0.3,29.0,
30452,2023,George Washington Revolutionaries,L. Talipov,G,,,0.0,0.2,0.2,1.0,0.0,0.2,0.0,0.0,0.2,0.0,0.0,0.0,0.0,0.0,0.2,0.0,0.0,0.2,6.0,
30453,2023,George Washington Revolutionaries,T. Stamoulis,G,,,0.0,0.2,0.2,1.0,0.0,0.3,0.0,0.0,0.2,0.0,0.0,0.0,0.0,0.0,0.2,0.0,0.0,0.0,6.0,
30456,2023,Georgetown Hoyas,J. Heath,G,,,12.3,3.9,1.6,31.7,4.5,10.7,41.5,1.7,4.6,37.3,1.6,2.1,76.6,0.7,3.1,1.1,0.0,1.6,22.0,
30457,2023,Georgetown Hoyas,Q. Wahab,F,,,9.6,7.1,0.4,23.5,3.3,6.6,51.1,0.0,0.0,0.0,2.9,4.1,71.2,2.8,4.3,0.6,0.7,1.2,29.0,
30460,2023,Georgetown Hoyas,J. Riley,G,,,4.6,2.8,0.3,16.2,1.6,4.2,38.7,0.2,1.2,19.4,1.0,1.4,74.3,0.8,2.0,0.7,0.4,1.0,25.0,
30462,2023,Georgetown Hoyas,W. Bristol Jr.,G,,,3.3,1.9,0.5,13.8,1.1,2.5,41.8,0.5,1.5,31.1,0.7,0.8,80.8,0.9,1.0,0.6,0.3,0.5,31.0,
30463,2023,Georgetown Hoyas,R. Mutombo,C,,,2.5,1.9,0.0,5.4,1.0,1.3,75.0,0.0,0.0,0.0,0.5,0.7,75.0,0.8,1.2,0.3,0.3,0.3,12.0,
30465,2023,Georgetown Hoyas,M. Wilson,F,,,0.3,1.4,0.0,3.8,0.1,0.4,25.0,0.0,0.0,0.0,0.1,0.2,50.0,0.6,0.9,0.1,0.1,0.0,9.0,
30467,2023,Georgetown Hoyas,V. Muresan,F,,,0.0,0.0,0.0,1.0,0.0,1.0,0.0,0.0,0.0,0.0,0.0,0.0,0.0,0.0,0.0,0.0,0.0,0.0,1.0,
30469,2023,Georgia Bulldogs,K. Oquendo,G,,,12.7,2.6,0.6,25.3,3.9,9.9,39.2,1.2,4.5,26.7,3.8,5.0,74.7,0.9,1.7,0.5,0.3,1.6,29.0,
30470,2023,Georgia Bulldogs,B. Bridges,C,,,8.7,4.9,0.8,20.3,3.3,5.9,56.1,0.0,0.0,0.0,2.1,2.6,80.5,1.7,3.2,0.4,0.2,1.5,32.0,
30472,2023,Georgia Bulldogs,J. Abdur-Rahim,G,,,7.1,2.7,0.2,18.8,2.0,5.0,40.0,1.4,3.7,38.7,1.7,2.1,81.8,0.7,2.0,0.5,0.3,0.5,32.0,
30474,2023,Georgia Bulldogs,M. Moncrieffe,F,,,5.5,5.1,0.8,20.6,2.1,4.0,52.7,0.0,0.0,0.0,1.3,2.6,50.0,1.6,3.5,0.3,0.3,1.2,28.0,
30476,2023,Georgia Bulldogs,J. Ingram,F,,,3.3,1.5,0.6,10.5,1.1,3.3,32.5,0.8,2.2,35.2,0.4,0.6,60.0,0.2,1.3,0.3,0.1,0.6,24.0,
30478,2023,Georgia Bulldogs,F. Anselem-Ibe,C,,,2.9,3.3,0.3,14.6,1.0,2.2,47.8,0.0,0.0,0.0,0.8,1.3,65.0,1.3,2.0,0.4,0.7,0.7,31.0,
30479,2023,Georgia Bulldogs,J. Etter,G,,,2.1,1.1,0.4,12.5,0.7,2.2,32.3,0.1,1.1,12.5,0.5,0.7,70.0,0.1,1.0,0.3,0.0,0.5,14.0,
30480,2023,Georgia Southern Eagles,A. Savrasov,F,,,14.3,7.3,1.2,30.4,5.5,11.1,49.8,1.1,3.2,35.9,2.1,3.0,69.3,2.6,4.8,1.3,0.3,1.6,29.0,
30483,2023,Georgia Southern Eagles,K. Archie,G,,,9.2,3.2,1.3,27.2,3.2,8.3,39.1,0.7,2.6,27.2,2.0,3.1,64.6,0.7,2.5,0.6,0.4,2.1,31.0,
30484,2023,Georgia Southern Eagles,C. Curry,C,,,7.2,6.8,0.3,22.1,3.1,5.2,59.0,0.0,0.1,0.0,1.1,1.7,63.6,2.3,4.5,0.3,0.4,1.1,32.0,
30489,2023,Georgia Southern Eagles,D. Harris Jr.,G,,,2.4,0.8,0.3,8.6,0.8,2.4,31.8,0.6,1.8,30.3,0.3,0.4,71.4,0.1,0.7,0.2,0.1,0.4,18.0,
30490,2023,Georgia Southern Eagles,C. Bryant,F,,,2.3,2.7,1.0,20.0,1.0,4.0,25.0,0.3,2.3,14.3,0.0,0.7,0.0,1.0,1.7,0.7,0.3,2.7,3.0,
30491,2023,Georgia Southern Eagles,N. Brafford,F,,,2.1,1.3,0.3,8.0,0.8,2.0,38.1,0.5,1.4,36.7,0.0,0.1,50.0,0.5,0.9,0.3,0.1,0.3,21.0,
30493,2023,Georgia Southern Eagles,L. Keller,F,,,0.4,0.0,0.0,1.6,0.2,0.2,100.0,0.0,0.0,0.0,0.0,0.0,0.0,0.0,0.0,0.0,0.0,0.0,5.0,
30494,2023,Georgia Southern Eagles,D. Stocks,G,,,0.0,0.7,0.0,2.7,0.0,0.3,0.0,0.0,0.3,0.0,0.0,0.2,0.0,0.5,0.2,0.3,0.0,0.0,6.0,
30499,2023,Georgia State Panthers,J. Hudson,F,,,10.1,6.8,1.0,26.8,3.9,8.3,46.5,0.6,2.2,27.0,1.8,2.3,77.9,2.2,4.6,0.9,0.8,2.2,29.0,
30500,2023,Georgia State Panthers,E. Johnson,G,,,9.3,2.1,2.3,25.6,3.0,9.3,32.1,1.6,5.8,27.0,1.7,2.2,75.6,0.2,1.8,0.9,0.1,1.1,20.0,
30501,2023,Georgia State Panthers,K. Scott,F,,,3.4,2.2,0.3,10.3,1.4,2.3,62.1,0.0,0.0,0.0,0.6,0.8,73.7,0.8,1.4,0.1,0.2,0.4,25.0,
30502,2023,Georgia State Panthers,K. Brooks,G,,,3.2,2.3,0.8,18.6,1.1,2.9,38.9,0.6,1.5,42.6,0.3,0.6,52.6,0.8,1.5,0.6,0.0,0.7,31.0,
30503,2023,Georgia State Panthers,J. Jones III,F,,,3.1,3.0,0.2,10.2,1.3,2.8,47.2,0.0,0.2,0.0,0.5,0.8,60.0,1.4,1.6,0.2,0.5,0.5,13.0,
30504,2023,Georgia State Panthers,D. Stubbs,G,,,3.1,0.7,0.7,15.4,0.9,3.9,24.3,0.5,2.6,19.1,0.7,0.9,70.6,0.1,0.6,0.3,0.0,0.7,18.0,
30506,2023,Georgia State Panthers,J. Clyce,F,,,1.6,1.9,0.1,8.1,0.6,1.6,40.9,0.0,0.0,0.0,0.3,0.6,44.4,0.9,1.1,0.0,0.1,0.6,14.0,
30509,2023,Georgia Tech Yellow Jackets,L. Terry,G,,,10.1,2.8,1.2,29.6,3.7,8.7,42.1,1.6,4.2,38.8,1.2,1.5,81.4,0.5,2.3,0.6,0.2,0.9,29.0,
30512,2023,Georgia Tech Yellow Jackets,K. Sturdivant,G,,,8.6,2.3,3.3,23.9,3.1,7.9,39.3,1.1,3.4,32.1,1.2,1.8,69.5,0.2,2.1,0.7,0.1,1.6,33.0,
30515,2023,Georgia Tech Yellow Jackets,R. Howard,F,,,4.5,4.3,1.2,17.9,2.0,3.7,54.5,0.0,0.0,0.0,0.5,0.8,57.9,2.0,2.3,0.3,0.5,1.3,24.0,
30516,2023,Georgia Tech Yellow Jackets,T. Maxwell,G,,,3.3,1.0,0.8,11.6,1.2,4.4,26.2,0.6,2.0,30.6,0.4,0.6,63.6,0.2,0.8,0.3,0.1,0.5,18.0,
30519,2023,Georgia Tech Yellow Jackets,C. Boyd,G,,,0.4,0.0,0.1,1.1,0.1,0.6,25.0,0.1,0.4,33.3,0.0,0.0,0.0,0.0,0.0,0.0,0.0,0.1,7.0,
30520,2023,Georgia Tech Yellow Jackets,J. Meka,F,,,0.4,1.5,0.1,5.2,0.2,0.7,28.6,0.0,0.0,0.0,0.0,0.0,0.0,0.6,0.9,0.2,0.4,0.1,10.0,
30522,2023,Georgia Tech Yellow Jackets,B. Daniels,G,,,0.0,0.7,0.2,1.2,0.0,0.3,0.0,0.0,0.2,0.0,0.0,0.3,0.0,0.2,0.5,0.0,0.0,0.0,6.0,
30523,2023,Grambling Tigers,C. Christon,G,,,13.0,5.4,1.5,28.5,4.5,9.4,47.4,1.5,4.2,37.2,2.5,3.7,69.4,1.0,4.4,1.1,0.5,1.9,33.0,
30525,2023,Grambling Tigers,S. Cowart,G,,,11.4,3.9,3.3,32.4,4.2,9.2,45.5,0.5,1.5,32.7,2.5,3.5,73.7,0.8,3.1,1.8,0.1,2.6,33.0,
30529,2023,Grambling Tigers,T. Moton,G,,,7.2,2.7,2.7,24.7,2.4,6.7,36.4,0.7,2.3,32.7,1.6,2.3,69.2,0.7,2.0,1.0,0.3,1.6,23.0,
30530,2023,Grambling Tigers,J. Aku,F,,,4.3,3.9,0.3,15.2,1.7,3.0,55.2,0.0,0.0,0.0,1.0,1.9,51.6,1.2,2.7,0.3,0.7,1.1,32.0,
30531,2023,Grambling Tigers,Z. Munford,G,,,3.7,2.0,0.7,15.1,1.4,3.7,39.0,0.4,1.3,31.7,0.4,0.7,60.9,0.7,1.3,0.7,0.1,0.7,32.0,
30532,2023,Grambling Tigers,Q. Murrell,G,,,3.3,1.2,0.4,10.1,1.0,2.3,41.5,0.3,0.7,40.0,1.1,1.6,65.2,0.4,0.8,0.2,0.0,0.6,28.0,
30533,2023,Grambling Tigers,M. Lamin,C,,,2.7,2.0,0.1,11.5,1.0,1.6,60.9,0.0,0.1,50.0,0.7,1.6,42.2,0.9,1.1,0.3,0.3,0.7,28.0,
30534,2023,Grambling Tigers,W. Reynolds,F,,,2.1,0.6,0.1,3.6,0.6,1.0,63.6,0.3,0.5,60.0,0.5,0.9,60.0,0.1,0.5,0.1,0.0,0.5,11.0,
30535,2023,Grambling Tigers,P. Parrish,G,,,1.3,0.8,0.0,1.8,0.5,1.0,50.0,0.2,0.8,33.3,0.0,0.0,0.0,0.2,0.5,0.0,0.0,0.3,4.0,
30538,2023,Grand Canyon Lopes,R. Harrison,G,,,17.8,4.0,3.6,32.1,5.7,12.9,44.2,1.4,4.2,32.9,4.9,6.5,76.1,0.6,3.3,0.7,0.2,2.4,36.0,
30539,2023,Grand Canyon Lopes,G. McGlothan,F,,,12.8,7.6,0.9,28.8,4.7,9.0,52.2,1.0,3.0,34.6,2.4,3.3,71.4,2.4,5.2,0.6,0.6,1.7,36.0,
30540,2023,Grand Canyon Lopes,C. McMillian,G,,,10.9,3.1,2.1,29.0,4.1,8.4,48.5,1.7,3.8,44.4,1.1,1.5,70.4,0.6,2.5,0.7,0.1,1.6,36.0,
30541,2023,Grand Canyon Lopes,J. Blacksher Jr.,G,,,10.7,2.3,2.4,27.7,3.8,9.8,39.0,0.8,3.4,24.4,2.2,2.7,81.3,0.3,2.0,1.5,0.3,1.5,12.0,
30545,2023,Grand Canyon Lopes,Y. Ouedraogo,F,,,5.0,5.9,0.4,24.3,1.9,3.8,48.6,0.0,0.0,0.0,1.3,2.7,49.3,2.1,3.8,0.6,0.7,1.0,28.0,
30546,2023,Grand Canyon Lopes,W. Ellis,G,,,5.0,2.3,0.7,14.9,1.5,3.1,49.5,1.1,2.5,45.1,0.8,0.9,89.7,0.2,2.1,0.4,0.0,0.5,33.0,
30547,2023,Grand Canyon Lopes,I. Shaw,G,,,4.4,1.6,0.6,9.4,1.6,3.6,44.0,1.0,1.9,53.8,0.3,0.4,66.7,0.9,0.7,0.3,0.0,0.4,7.0,
30548,2023,Grand Canyon Lopes,A. Igiehon,F,,,2.6,3.3,0.2,9.9,0.9,2.1,45.5,0.0,0.1,0.0,0.7,1.1,64.7,1.1,2.1,0.1,0.4,0.7,32.0,
30551,2023,Green Bay Phoenix,C. Cummings III,F,,,10.5,3.7,1.6,30.5,3.7,8.9,41.2,1.2,3.5,33.0,2.1,3.0,69.5,0.7,3.0,0.6,0.1,2.2,32.0,
30552,2023,Green Bay Phoenix,C. Meyer,F,,,10.5,5.0,0.7,27.4,4.0,7.1,56.8,0.2,0.8,23.1,2.3,3.4,66.7,1.4,3.6,0.4,0.6,2.0,31.0,
30554,2023,Green Bay Phoenix,R. Tucker,G,,,8.4,4.0,1.1,29.1,3.1,7.7,40.0,1.7,5.0,33.1,0.7,0.9,75.0,0.8,3.1,0.8,0.1,1.0,32.0,
30558,2023,Green Bay Phoenix,R. Wade,G,,,3.0,0.9,1.7,16.1,1.1,2.9,37.1,0.6,2.0,30.6,0.2,0.3,87.5,0.1,0.8,0.2,0.0,0.6,31.0,
30559,2023,Green Bay Phoenix,N. Jenkins,G,,,2.4,2.3,0.8,19.5,0.7,2.7,24.4,0.3,1.5,18.4,0.8,1.0,83.9,0.3,2.0,0.5,0.2,1.2,32.0,
30564,2023,Hampton Pirates,J. Nesbitt,G,,,14.9,6.3,3.3,33.5,4.9,14.0,35.0,1.4,4.8,28.6,3.7,5.0,73.9,1.3,5.0,1.2,0.7,2.9,32.0,
30566,2023,Hampton Pirates,M. Godwin,G,,,12.4,2.6,0.6,34.6,4.5,10.9,40.9,2.8,7.0,40.2,0.7,0.8,88.0,0.1,2.5,0.4,0.1,1.0,32.0,
30567,2023,Hampton Pirates,K. Mullen,F,,,7.4,7.7,0.6,23.9,2.7,5.6,47.6,0.0,0.3,12.5,2.1,3.0,68.9,3.1,4.6,0.4,0.6,1.1,30.0,
30569,2023,Hampton Pirates,L. Therrien,F,,,5.5,3.1,0.3,16.5,2.0,4.0,50.0,0.0,0.1,0.0,1.5,2.5,60.0,1.5,1.6,0.0,0.6,0.1,8.0,
30570,2023,Hampton Pirates,D. Banister Jr.,G,,,5.3,3.1,0.4,21.2,1.6,3.5,45.4,0.6,1.7,37.7,1.5,2.0,73.8,0.8,2.3,0.4,0.7,0.7,31.0,
30572,2023,Hampton Pirates,A. Nesbitt,G,,,3.8,1.3,0.6,12.9,1.4,3.8,37.5,0.6,2.4,26.0,0.3,0.5,62.5,0.3,1.0,0.6,0.2,0.4,32.0,
30573,2023,Hampton Pirates,N. Thomas,F,,,2.5,2.4,0.2,9.9,0.7,1.7,43.2,0.0,0.0,0.0,1.0,1.9,53.7,1.2,1.2,0.1,0.6,0.3,22.0,
30574,2023,Hampton Pirates,B. Earle,G,,,2.1,0.5,0.3,3.5,0.8,2.1,35.3,0.5,1.5,33.3,0.1,0.2,50.0,0.0,0.5,0.0,0.0,0.1,8.0,
30575,2023,Hampton Pirates,Q. Livingston,G,,,1.0,1.0,0.1,5.9,0.4,0.6,60.0,0.0,0.1,0.0,0.2,0.4,57.1,0.4,0.6,0.2,0.3,0.3,16.0,
30576,2023,Hampton Pirates,T. Chatman,G,,,0.0,0.5,0.0,2.3,0.0,0.0,0.0,0.0,0.0,0.0,0.0,0.0,0.0,0.2,0.2,0.0,0.0,0.3,4.0,
30577,2023,Harvard Crimson,C. Ledlum,G,,,18.8,8.5,1.6,31.4,7.1,15.0,47.3,1.4,4.9,29.4,3.2,5.1,63.6,2.6,5.9,1.8,1.1,2.6,28.0,
30578,2023,Harvard Crimson,I. Tretout,G,,,9.7,3.3,2.1,23.3,3.2,7.4,43.3,1.1,2.9,36.7,2.1,3.0,71.6,0.6,2.7,0.8,0.3,1.6,27.0,
30580,2023,Harvard Crimson,C. Okpara,F,,,7.4,3.9,1.1,19.8,2.8,5.7,49.1,0.5,1.4,32.5,1.3,2.3,57.8,1.3,2.6,0.4,0.3,1.9,28.0,
30581,2023,Harvard Crimson,S. Silverstein,G,,,7.2,5.3,1.6,31.4,2.6,5.6,45.6,0.8,2.8,28.6,1.3,1.5,87.8,1.6,3.7,1.2,0.3,1.5,28.0,
30582,2023,Harvard Crimson,L. Sakota,G,,,7.1,3.4,1.7,26.7,2.3,6.8,33.9,1.1,3.6,29.7,1.4,1.9,74.5,0.4,3.0,1.0,0.0,1.1,25.0,
30583,2023,Harvard Crimson,J. Ajogbor,C,,,6.1,3.2,0.6,17.7,2.6,4.8,54.9,0.0,0.0,0.0,0.9,1.5,60.5,1.4,1.8,0.3,1.4,1.0,28.0,
30584,2023,Harvard Crimson,L. Lesmond,G,,,5.8,2.2,0.8,21.2,2.2,7.0,31.4,1.4,6.0,23.3,0.0,0.0,0.0,0.6,1.6,0.8,0.8,0.4,5.0,
30585,2023,Harvard Crimson,C. Pigge,G,,,1.9,1.2,0.5,9.8,0.8,1.9,41.2,0.1,0.9,12.5,0.3,0.6,50.0,0.5,0.7,0.4,0.1,0.6,18.0,
30586,2023,Harvard Crimson,T. Simon,F,,,1.9,1.0,0.6,7.8,0.7,1.7,40.7,0.4,1.1,35.3,0.1,0.2,66.7,0.3,0.7,0.5,0.0,0.6,16.0,
30587,2023,Harvard Crimson,M. Filipowski,C,,,1.3,1.3,0.0,2.0,0.7,1.3,50.0,0.0,0.0,0.0,0.0,0.0,0.0,1.0,0.3,0.0,0.3,0.0,3.0,
30588,2023,Harvard Crimson,J. Hemmings,F,,,1.2,1.7,0.3,7.5,0.5,1.1,42.3,0.0,0.0,0.0,0.2,0.6,35.7,0.6,1.1,0.2,0.2,0.3,23.0,
30589,2023,Harvard Crimson,G. Cooper,G,,,0.7,0.2,0.0,1.5,0.3,0.7,50.0,0.0,0.2,0.0,0.0,0.0,0.0,0.0,0.2,0.0,0.0,0.3,6.0,
30590,2023,Harvard Crimson,D. Wojcik,G,,,0.3,1.5,0.7,7.9,0.1,1.1,12.5,0.0,0.6,0.0,0.1,0.3,20.0,0.5,1.0,0.5,0.0,0.7,15.0,
30591,2023,Harvard Crimson,T. O'Neil,F,,,0.0,0.2,0.0,2.4,0.0,0.4,0.0,0.0,0.2,0.0,0.0,0.0,0.0,0.0,0.2,0.0,0.0,0.0,5.0,
30592,2023,Harvard Crimson,C. Rich,G,,,0.0,0.0,0.2,1.5,0.0,0.0,0.0,0.0,0.0,0.0,0.0,0.0,0.0,0.0,0.0,0.0,0.0,0.2,6.0,
30593,2023,Hawaii Rainbow Warriors,N. Coleman,G,,,12.2,3.1,1.7,34.3,3.9,10.0,38.9,1.7,5.2,33.1,2.7,3.2,86.5,0.3,2.8,1.0,0.3,1.9,33.0,
30594,2023,Hawaii Rainbow Warriors,K. Hepa,F,,,11.5,6.6,1.5,32.7,4.0,9.5,42.4,2.0,5.2,38.7,1.5,1.7,84.2,1.2,5.3,0.5,0.8,1.6,33.0,
30595,2023,Hawaii Rainbow Warriors,J. McClanahan,G,,,11.3,3.3,3.5,31.0,3.6,8.6,41.7,0.7,2.4,30.4,3.5,4.3,80.3,0.7,2.6,0.9,0.0,1.9,33.0,
30596,2023,Hawaii Rainbow Warriors,S. Avea,G,,,10.2,4.8,1.0,30.2,3.7,8.9,41.0,1.1,3.4,33.3,1.8,2.2,81.7,1.2,3.6,0.6,0.7,1.8,33.0,
30597,2023,Hawaii Rainbow Warriors,B. da Silva,F,,,9.5,6.5,1.0,26.5,3.9,7.1,54.5,0.0,0.0,0.0,1.7,3.4,50.9,1.8,4.8,0.5,1.0,1.2,31.0,
30598,2023,Hawaii Rainbow Warriors,B. Riley,G,,,4.6,3.7,0.9,16.3,1.5,3.8,40.0,0.2,0.9,22.2,1.3,1.9,70.2,1.7,2.0,0.5,0.1,1.2,30.0,
30600,2023,Hawaii Rainbow Warriors,H. Rouhliadeff,F,,,3.2,1.3,0.4,9.4,1.2,2.5,49.2,0.3,1.1,31.0,0.4,0.6,66.7,0.5,0.8,0.1,0.1,0.3,26.0,
30601,2023,Hawaii Rainbow Warriors,M. Seck,C,,,2.5,2.6,0.0,9.0,0.8,1.3,61.5,0.0,0.0,0.0,0.8,1.1,72.7,0.9,1.8,0.2,0.8,0.6,29.0,
30602,2023,Hawaii Rainbow Warriors,A. Lado,G,,,0.8,0.4,0.2,6.4,0.3,1.6,21.4,0.0,0.7,0.0,0.1,0.1,100.0,0.0,0.4,0.2,0.2,0.2,9.0,
30603,2023,Hawaii Rainbow Warriors,R. Rapp,G,,,0.7,0.3,0.0,3.0,0.0,0.0,0.0,0.0,0.0,0.0,0.7,0.7,100.0,0.3,0.0,0.3,0.0,0.0,3.0,
30605,2023,Hawaii Rainbow Warriors,Z. Nedd,F,,,0.6,0.6,0.3,4.3,0.2,1.2,21.4,0.1,0.8,10.0,0.0,0.0,0.0,0.3,0.2,0.1,0.1,0.1,12.0,
30606,2023,Hawaii Rainbow Warriors,M. Svetozarevic,F,,,0.3,0.3,0.0,1.7,0.1,0.6,25.0,0.0,0.1,0.0,0.0,0.0,0.0,0.1,0.1,0.0,0.0,0.1,7.0,
30608,2023,High Point Panthers,Z. Austin,F,,,14.1,5.4,1.3,29.2,4.8,11.0,43.7,2.0,6.0,33.3,2.5,3.2,78.6,1.2,4.2,1.1,2.1,1.7,31.0,
30609,2023,High Point Panthers,A. Thiam,G,,,13.6,4.1,1.4,29.5,4.5,10.9,41.6,2.3,6.5,35.3,2.2,3.0,75.0,1.0,3.1,0.8,0.1,2.2,31.0,
30610,2023,High Point Panthers,B. Randleman,G,,,8.7,3.0,3.3,25.9,3.2,6.3,50.6,0.0,0.1,0.0,2.3,4.0,56.7,0.5,2.6,1.3,0.2,2.1,26.0,
30611,2023,High Point Panthers,B. Childress,G,,,5.0,1.2,1.2,16.9,1.6,4.5,35.3,1.5,4.2,34.4,0.4,0.5,92.9,0.3,1.0,0.7,0.0,0.3,31.0,
30613,2023,High Point Panthers,E. Izunabor,F,,,4.3,5.4,0.3,19.1,1.6,2.8,57.0,0.0,0.1,0.0,1.1,1.7,65.4,2.3,3.1,0.6,0.6,0.9,31.0,
30615,2023,High Point Panthers,A. Holt,F,,,3.3,2.5,0.3,10.4,1.5,2.8,53.0,0.0,0.0,0.0,0.3,1.3,25.0,0.8,1.7,0.2,0.3,0.5,30.0,
30616,2023,High Point Panthers,J. Koverman,F,,,1.8,1.0,0.1,6.6,0.4,1.3,30.8,0.3,0.9,33.3,0.7,1.2,58.3,0.3,0.7,0.3,0.1,0.3,10.0,
30619,2023,High Point Panthers,A. Flowers,G,,,0.7,0.4,0.3,5.1,0.3,0.9,33.3,0.0,0.3,0.0,0.1,0.6,25.0,0.3,0.1,0.3,0.0,0.6,7.0,
30620,2023,High Point Panthers,A. Hoynack,G,,,0.0,0.0,0.0,3.0,0.0,1.5,0.0,0.0,1.5,0.0,0.0,0.0,0.0,0.0,0.0,0.0,0.0,0.0,2.0,
30621,2023,High Point Panthers,L. Carney,G,,,0.0,1.0,0.0,3.0,0.0,0.5,0.0,0.0,0.0,0.0,0.0,0.0,0.0,0.0,1.0,0.0,0.0,0.0,2.0,
30623,2023,Hofstra Pride,A. Estrada,G,,,20.2,5.5,4.3,37.2,7.7,16.2,47.8,2.3,6.1,36.8,2.5,3.0,80.9,0.5,5.0,1.5,0.2,3.1,31.0,
30624,2023,Hofstra Pride,D. Dubar,G,,,10.3,4.8,1.0,25.0,4.1,8.1,51.1,1.2,3.0,40.4,0.9,1.2,72.1,1.4,3.5,0.6,0.3,1.0,35.0,
30626,2023,Hofstra Pride,J. Carlos,G,,,6.7,3.8,4.8,32.7,2.3,6.3,36.0,1.0,3.2,32.1,1.1,1.4,79.2,0.5,3.3,1.5,0.1,1.8,35.0,
30627,2023,Hofstra Pride,G. Plotnikov,G,,,5.1,1.9,0.3,17.1,1.7,4.0,43.3,0.7,2.2,29.9,0.9,1.2,80.5,0.3,1.6,0.5,0.4,0.4,35.0,
30630,2023,Hofstra Pride,B. Washington,G,,,3.4,1.6,0.1,10.9,1.2,3.0,41.2,0.6,1.8,34.7,0.2,0.3,77.8,0.3,1.2,0.1,0.1,0.1,28.0,
30632,2023,Hofstra Pride,G. Barrouk,G,,,1.2,0.5,0.3,4.9,0.4,1.6,26.9,0.3,1.3,23.8,0.0,0.1,0.0,0.0,0.5,0.1,0.1,0.1,16.0,
30634,2023,Hofstra Pride,C. Tomasco,F,,,0.7,0.8,0.0,3.8,0.3,0.5,57.1,0.0,0.0,0.0,0.1,0.2,50.0,0.2,0.6,0.1,0.2,0.0,13.0,
30635,2023,Holy Cross Crusaders,G. Gates,F,,,16.1,8.7,2.8,34.9,6.6,14.0,47.0,0.0,0.2,20.0,2.9,5.1,57.2,2.2,6.5,1.6,1.1,2.9,31.0,
30638,2023,Holy Cross Crusaders,B. Montgomery,G,,,11.3,3.9,2.5,31.9,4.4,10.2,42.7,1.1,3.3,34.3,1.4,2.1,66.2,0.7,3.3,0.9,0.3,2.1,32.0,
30639,2023,Holy Cross Crusaders,L. Coulibaly,F,,,9.0,5.5,1.0,24.5,4.0,8.0,50.0,0.0,0.0,0.0,1.0,1.0,100.0,2.5,3.0,1.0,1.0,1.0,2.0,
30640,2023,Holy Cross Crusaders,C. Kenney,F,,,6.4,3.6,0.6,22.1,2.8,5.3,53.3,0.0,0.0,0.0,0.7,1.7,44.2,1.2,2.4,1.0,0.8,1.2,31.0,
30641,2023,Holy Cross Crusaders,N. Dorsey,G,,,5.8,4.3,2.6,32.4,1.9,5.2,36.3,1.4,3.8,36.1,0.7,0.8,84.6,0.3,4.0,0.8,0.1,1.2,31.0,
30643,2023,Holy Cross Crusaders,A. Lewis,F,,,2.1,1.1,0.0,5.7,0.7,1.4,50.0,0.6,1.0,57.1,0.1,0.3,50.0,0.6,0.6,0.1,0.1,0.0,7.0,
30645,2023,Holy Cross Crusaders,M. Rabinovich,F,,,1.5,0.8,0.0,4.7,0.7,1.8,36.4,0.2,0.7,25.0,0.0,0.0,0.0,0.7,0.2,0.2,0.2,0.5,6.0,
30647,2023,Holy Cross Crusaders,J. Kirkwood,G,,,0.7,1.1,0.4,8.0,0.2,0.6,40.0,0.2,0.5,35.7,0.1,0.1,100.0,0.1,1.0,0.2,0.0,0.2,27.0,
30648,2023,Holy Cross Crusaders,B. Capron,G,,,0.3,0.0,0.0,1.4,0.1,0.3,50.0,0.0,0.0,0.0,0.0,0.0,0.0,0.0,0.0,0.1,0.0,0.0,7.0,
30650,2023,Houston Christian Huskies,B. Long,G,,,14.8,2.4,2.3,33.1,4.4,10.2,43.4,2.9,7.1,41.6,3.0,3.5,86.6,0.3,2.1,1.2,0.3,1.7,32.0,
30651,2023,Houston Christian Huskies,B. Maring,C,,,13.0,5.9,1.7,25.8,5.7,9.7,58.2,0.1,0.4,30.8,1.6,2.5,63.0,2.3,3.6,0.9,1.1,2.0,32.0,
30654,2023,Houston Christian Huskies,S. Hofman,F,,,6.6,6.2,1.5,25.8,2.4,5.5,44.0,1.0,2.6,37.8,0.8,1.1,79.4,1.7,4.5,0.5,0.2,1.3,32.0,
30655,2023,Houston Christian Huskies,Z. Iyeyemi,F,,,5.0,2.9,0.2,10.9,1.8,3.0,59.2,0.0,0.0,0.0,1.5,2.5,59.3,1.1,1.8,0.2,0.3,1.3,24.0,
30657,2023,Houston Christian Huskies,A. Harris Jr.,F,,,4.0,2.5,1.3,13.5,2.0,4.2,47.1,0.0,0.0,0.0,0.0,0.2,0.0,1.0,1.5,0.5,0.8,1.5,4.0,
30658,2023,Houston Christian Huskies,D. Proctor,F,,,3.9,3.7,0.6,11.4,1.3,2.9,45.7,0.1,0.3,20.0,1.2,1.8,65.5,1.2,2.4,0.3,0.6,0.7,16.0,
30659,2023,Houston Christian Huskies,J. Thompson,F,,,3.2,3.3,1.0,18.0,1.2,2.5,46.7,0.0,0.7,0.0,0.8,1.7,50.0,0.7,2.7,0.8,0.3,1.8,6.0,
30660,2023,Houston Christian Huskies,N. Hudson,F,,,1.9,2.0,0.4,8.8,0.4,0.9,50.0,0.0,0.0,0.0,1.0,1.3,75.0,1.0,1.0,0.4,0.1,1.2,9.0,
30661,2023,Houston Christian Huskies,C. Achara,F,,,1.7,2.6,0.3,9.6,0.7,1.7,43.2,0.0,0.0,0.0,0.3,0.8,35.3,0.9,1.7,0.2,0.2,0.8,22.0,
30662,2023,Houston Christian Huskies,J. Arnold,G,,,1.2,0.4,0.0,3.1,0.4,1.6,25.0,0.3,1.3,23.1,0.1,0.4,25.0,0.2,0.2,0.0,0.1,0.2,10.0,
30663,2023,Houston Christian Huskies,M. Gates,G,,,1.0,0.3,0.0,2.4,0.4,1.1,37.5,0.0,0.1,0.0,0.1,0.3,50.0,0.1,0.1,0.0,0.0,0.1,7.0,
30664,2023,Houston Cougars,M. Sasser,G,,,16.8,2.8,3.1,30.8,5.3,12.1,43.8,2.7,6.9,38.4,3.6,4.2,84.8,0.4,2.5,1.6,0.2,1.6,36.0,
30666,2023,Houston Cougars,J. Shead,G,,,10.5,3.0,5.4,32.6,3.9,9.5,41.5,1.2,3.9,31.0,1.4,1.9,73.2,0.5,2.5,1.7,0.2,2.1,37.0,
30667,2023,Houston Cougars,T. Mark,G,,,10.1,4.9,1.8,29.4,3.5,8.9,39.0,1.1,3.2,32.8,2.2,2.8,78.4,1.2,3.6,1.1,0.4,1.2,37.0,
30669,2023,Houston Cougars,E. Sharp,G,,,5.9,2.2,0.5,15.5,1.8,4.8,36.5,1.3,3.8,34.7,1.1,1.3,88.1,0.6,1.6,0.3,0.1,0.8,33.0,
30670,2023,Houston Cougars,J. Francis,F,,,4.3,3.5,0.2,10.3,1.8,2.5,71.3,0.0,0.0,0.0,0.7,1.3,59.1,1.4,2.1,0.3,1.1,0.3,35.0,
30671,2023,Houston Cougars,T. Arceneaux,G,,,3.7,2.5,0.6,13.9,1.4,3.9,36.8,0.5,2.0,25.0,0.3,0.6,52.6,0.9,1.6,0.6,0.1,0.6,34.0,
30672,2023,Houston Cougars,R. Walker Jr.,G,,,2.9,2.5,0.4,15.2,1.0,2.8,35.7,0.4,1.5,26.7,0.5,0.7,71.4,0.7,1.8,0.2,0.0,0.6,10.0,
30674,2023,Howard Bison,E. Hawkins,G,,,12.9,3.6,6.0,29.7,4.0,9.0,44.1,1.7,3.7,46.6,3.3,4.3,75.9,0.5,3.1,1.7,0.0,4.0,31.0,
30675,2023,Howard Bison,S. Settle III,F,,,11.1,5.7,1.1,29.4,3.6,8.6,42.2,1.0,3.4,30.3,2.8,3.4,80.9,1.0,4.6,1.2,0.9,2.1,32.0,
30676,2023,Howard Bison,S. Odom,F,,,10.9,4.6,1.4,22.0,4.1,7.5,54.3,0.1,0.4,23.1,2.7,4.1,65.6,2.0,2.5,0.8,0.5,1.7,31.0,
30677,2023,Howard Bison,M. Dockery,G,,,9.6,2.4,1.0,22.3,3.3,7.1,45.7,2.2,5.0,43.9,0.9,1.2,78.4,0.5,1.9,0.7,0.1,1.0,31.0,
30684,2023,Howard Bison,K. Robinson,G,,,1.7,1.0,1.0,11.6,0.6,1.5,39.0,0.3,0.7,42.1,0.3,0.4,70.0,0.3,0.7,0.3,0.0,0.5,27.0,
30686,2023,Howard Bison,O. Okojie,G,,,1.6,1.2,0.5,9.4,0.6,1.3,50.0,0.0,0.0,0.0,0.3,0.4,66.7,0.6,0.6,0.4,0.0,0.6,28.0,
30687,2023,Howard Bison,A. Taiwo,F,,,1.2,1.2,0.1,4.2,0.4,1.0,40.0,0.0,0.0,0.0,0.4,0.4,100.0,0.5,0.7,0.0,0.4,0.7,10.0,
30688,2023,Howard Bison,T. Weaver,G,,,1.2,0.4,0.3,6.8,0.4,1.2,34.4,0.3,0.7,38.9,0.1,0.2,33.3,0.0,0.4,0.2,0.0,0.6,26.0,
30690,2023,IU Indianapolis Jaguars,J. Counter,G,,,14.5,3.9,3.3,29.8,5.5,11.5,48.0,0.5,2.1,26.6,2.9,3.6,80.4,0.4,3.6,0.9,0.1,3.9,31.0,
30691,2023,IU Indianapolis Jaguars,B. Monroe,G,,,12.0,1.3,3.8,27.0,4.8,11.8,40.4,1.2,3.8,33.3,1.2,2.2,55.6,0.2,1.0,1.0,0.0,2.5,4.0,
30692,2023,IU Indianapolis Jaguars,V. Brady II,G,,,10.9,3.9,1.7,32.1,3.8,8.6,44.2,1.8,5.2,34.7,1.4,2.1,68.7,1.1,2.8,1.0,0.1,1.9,32.0,
30696,2023,IU Indianapolis Jaguars,J. Egbuta,F,,,6.2,3.2,0.4,18.2,2.2,4.4,50.0,0.4,0.9,40.0,1.4,2.0,72.2,1.4,1.8,0.3,0.2,1.3,27.0,
30697,2023,IU Indianapolis Jaguars,A. Jarrard,G,,,4.5,1.3,1.9,19.5,1.7,4.6,37.3,0.3,1.1,24.0,0.8,1.1,72.0,0.1,1.1,0.4,0.2,1.8,22.0,
30698,2023,IU Indianapolis Jaguars,J. Carrasco,F,,,3.1,3.1,0.7,17.8,1.2,2.3,54.3,0.0,0.0,0.0,0.6,1.3,48.8,1.0,2.1,0.3,0.7,1.0,31.0,
30699,2023,IU Indianapolis Jaguars,M. Taylor,G,,,2.2,2.0,0.4,9.3,0.9,1.9,48.8,0.1,0.2,40.0,0.3,0.7,46.7,0.5,1.5,0.4,0.2,1.0,22.0,
30700,2023,IU Indianapolis Jaguars,B. Stanton III,G,,,2.0,2.1,0.4,11.9,0.5,2.4,21.9,0.2,1.0,18.5,0.8,0.9,87.5,0.4,1.7,0.1,0.0,0.6,27.0,
30701,2023,IU Indianapolis Jaguars,C. Dewitt,G,,,1.2,1.1,0.3,10.7,0.4,1.6,25.0,0.3,1.2,25.0,0.1,0.1,100.0,0.1,1.0,0.3,0.1,0.3,27.0,
30704,2023,IU Indianapolis Jaguars,D. Petersen,G,,,0.3,0.1,0.2,3.3,0.1,0.7,10.0,0.1,0.5,14.3,0.1,0.1,50.0,0.0,0.1,0.3,0.0,0.3,15.0,
30708,2023,Idaho State Bengals,M. Tomley,G,,,11.5,3.6,1.9,26.2,4.0,10.0,40.0,1.9,5.3,35.4,1.6,1.9,83.1,0.2,3.4,0.7,0.0,1.9,31.0,
30709,2023,Idaho State Bengals,J. Rodriguez,F,,,8.3,4.0,0.7,20.9,3.1,6.9,44.7,1.3,3.7,36.4,0.8,1.2,66.7,1.2,2.8,0.9,0.6,1.1,15.0,
30711,2023,Idaho State Bengals,A. Smellie,G,,,6.2,3.7,2.0,28.9,2.0,4.4,45.0,0.8,1.8,43.4,1.5,1.8,80.0,1.0,2.8,0.8,0.1,1.2,30.0,
30712,2023,Idaho State Bengals,M. Arington,G,,,5.1,1.5,1.7,19.8,1.4,4.0,34.9,0.4,1.4,26.1,1.9,2.9,67.4,0.2,1.4,1.2,0.3,0.9,32.0,
30714,2023,Idaho State Bengals,D. Carr,F,,,3.3,2.2,0.5,14.9,0.8,2.2,37.7,0.4,1.5,27.1,1.2,1.6,72.0,0.5,1.6,0.3,0.4,0.8,31.0,
30715,2023,Idaho State Bengals,A. Burgin,G,,,2.3,1.4,0.5,10.0,0.7,2.7,26.2,0.4,1.8,23.2,0.5,0.7,66.7,0.2,1.2,0.3,0.1,0.9,31.0,
30717,2023,Idaho State Bengals,J. Hansen,G,,,1.8,1.0,0.5,5.4,0.4,1.5,28.6,0.2,0.8,27.3,0.7,0.7,100.0,0.3,0.7,0.2,0.0,0.3,14.0,
30718,2023,Idaho State Bengals,T. Ball,G,,,1.0,0.0,0.3,1.7,0.3,0.7,50.0,0.3,0.7,50.0,0.0,0.0,0.0,0.0,0.0,0.0,0.0,0.0,3.0,
30722,2023,Idaho Vandals,T. Frank,F,,,10.0,6.0,1.7,22.7,3.7,9.0,40.7,1.5,4.0,37.5,1.2,1.5,77.8,1.2,4.8,1.2,0.0,1.8,6.0,
30724,2023,Idaho Vandals,Y. Salih,G,,,6.5,1.9,1.5,29.3,2.0,6.0,33.2,1.5,4.6,32.0,1.0,1.2,80.0,0.1,1.8,0.6,0.0,1.0,32.0,
30728,2023,Idaho Vandals,M. Hanshaw,F,,,2.4,1.7,0.2,5.7,0.9,1.4,64.3,0.1,0.1,50.0,0.5,0.6,90.9,0.7,1.1,0.2,0.0,0.3,20.0,
30729,2023,Idaho Vandals,J. Hatten,G,,,2.3,2.3,0.4,7.3,0.7,2.3,31.3,0.6,1.4,40.0,0.3,0.4,66.7,1.7,0.6,0.1,0.0,0.0,7.0,
30733,2023,Illinois Fighting Illini,C. Hawkins,G,,,9.9,6.3,3.0,32.5,3.7,8.5,44.1,1.1,4.0,28.0,1.3,2.1,61.4,1.9,4.3,1.1,1.2,2.5,33.0,
30734,2023,Illinois Fighting Illini,D. Dainja,F,,,9.5,5.5,0.5,20.6,4.0,6.2,63.6,0.0,0.0,0.0,1.6,3.1,52.5,2.0,3.5,0.8,1.2,1.5,33.0,
30737,2023,Illinois Fighting Illini,R. Melendez,F,,,6.0,3.5,0.9,21.5,2.0,5.3,37.6,0.8,2.8,26.4,1.2,1.5,83.3,1.0,2.5,0.7,0.4,0.9,32.0,
30738,2023,Illinois Fighting Illini,L. Goode,F,,,4.0,1.6,0.4,13.8,1.5,3.1,48.4,0.8,1.9,42.1,0.2,0.2,100.0,0.4,1.2,0.5,0.4,0.2,10.0,
30740,2023,Illinois Fighting Illini,T. Rodgers,G,,,3.3,4.0,1.0,17.5,1.5,2.8,51.6,0.0,0.0,0.0,0.4,0.9,38.7,1.6,2.4,0.7,0.2,0.8,33.0,
30741,2023,Illinois Fighting Illini,B. Lieb,F,,,0.9,1.1,0.1,3.6,0.4,0.8,58.3,0.0,0.0,0.0,0.1,0.3,20.0,0.3,0.8,0.0,0.4,0.3,16.0,
30742,2023,Illinois Fighting Illini,C. Serven,F,,,0.2,0.8,0.0,4.0,0.0,0.2,0.0,0.0,0.2,0.0,0.2,0.4,50.0,0.2,0.6,0.2,0.0,0.4,5.0,
30744,2023,Illinois Fighting Illini,A. Redd,G,,,0.0,0.0,0.0,1.0,0.0,0.5,0.0,0.0,0.0,0.0,0.0,0.0,0.0,0.0,0.0,0.0,0.0,0.0,2.0,
30746,2023,Illinois State Redbirds,D. Burford,G,,,12.9,3.7,2.5,29.3,5.0,10.4,48.0,0.9,2.6,33.3,2.0,2.5,81.6,0.6,3.0,1.0,0.3,2.4,31.0,
30749,2023,Illinois State Redbirds,M. Poindexter,G,,,9.4,2.3,2.2,31.8,3.1,8.4,36.5,1.6,4.2,37.7,1.7,1.8,94.5,0.2,2.1,0.9,0.1,2.0,31.0,
30750,2023,Illinois State Redbirds,L. Kasubke,G,,,6.8,2.5,1.6,26.8,2.2,5.4,40.1,1.3,3.5,35.8,1.2,1.6,77.6,0.5,2.0,0.8,0.2,1.6,31.0,
30752,2023,Illinois State Redbirds,L. McChesney,F,,,6.5,3.2,0.8,19.6,2.6,5.2,49.0,0.8,2.2,34.4,0.6,0.8,73.9,1.0,2.2,0.3,0.9,1.4,28.0,
30753,2023,Illinois State Redbirds,H. Sissoko,F,,,2.6,1.9,0.2,10.5,1.0,1.8,57.1,0.0,0.2,0.0,0.5,0.6,92.3,0.4,1.5,0.1,0.4,0.6,23.0,
30756,2023,Illinois State Redbirds,R. Schmitt,F,,,1.2,1.1,0.1,5.5,0.5,0.8,63.6,0.1,0.1,100.0,0.1,0.2,50.0,0.2,0.8,0.2,0.2,0.4,13.0,
30757,2023,Illinois State Redbirds,A. Kotov,F,,,0.6,1.3,0.3,6.1,0.3,0.6,42.9,0.0,0.1,50.0,0.0,0.0,0.0,0.5,0.8,0.1,0.1,0.6,23.0,
30759,2023,Illinois State Redbirds,N. Stadelman,G,,,0.1,0.3,0.3,4.1,0.0,0.2,0.0,0.0,0.1,0.0,0.1,0.2,50.0,0.0,0.2,0.1,0.0,0.1,8.0,
30762,2023,Incarnate Word Cardinals,C. Yoder,G,,,11.3,3.4,1.0,22.9,4.0,9.9,40.6,0.9,3.0,28.6,2.4,3.1,77.3,1.7,1.7,0.7,0.4,1.6,7.0,
30764,2023,Incarnate Word Cardinals,D. Dennis,F,,,8.3,3.3,0.8,22.0,3.2,6.6,48.9,0.0,0.4,0.0,1.8,2.7,64.5,0.9,2.3,1.1,0.6,1.5,28.0,
30769,2023,Incarnate Word Cardinals,D. Hayman,F,,,4.5,1.8,0.5,14.4,1.5,3.1,49.2,0.7,1.7,42.9,0.8,0.8,94.1,0.6,1.2,0.4,0.1,0.9,21.0,
30771,2023,Incarnate Word Cardinals,G. Beny Til,C,,,0.8,0.9,0.1,3.1,0.2,0.5,50.0,0.0,0.0,0.0,0.2,0.5,50.0,0.2,0.6,0.0,0.3,0.3,8.0,
30772,2023,Indiana Hoosiers,T. Jackson-Davis,F,,,20.9,10.8,4.0,34.6,8.2,14.1,58.1,0.0,0.0,0.0,4.6,6.6,69.5,2.8,8.0,0.8,2.9,2.5,32.0,
30774,2023,Indiana Hoosiers,X. Johnson,G,,,9.9,3.3,4.9,25.1,3.1,7.5,41.5,0.9,2.5,37.0,2.8,3.5,79.5,0.2,3.1,1.2,0.0,2.8,11.0,
30775,2023,Indiana Hoosiers,R. Thompson,F,,,8.4,5.2,1.0,23.2,3.2,6.6,49.2,0.4,1.4,27.9,1.5,2.2,69.2,1.6,3.6,1.0,0.9,1.1,30.0,
30776,2023,Indiana Hoosiers,M. Kopp,F,,,8.1,2.5,1.2,30.3,2.9,5.9,48.1,1.8,4.1,44.4,0.5,0.7,82.6,0.4,2.1,0.7,0.1,0.6,35.0,
30777,2023,Indiana Hoosiers,T. Galloway,G,,,6.7,3.0,2.1,27.7,2.4,5.1,47.2,0.9,2.0,46.2,0.9,1.4,64.4,0.6,2.4,0.7,0.1,0.8,32.0,
30778,2023,Indiana Hoosiers,M. Reneau,F,,,6.1,3.7,0.8,14.9,2.5,4.6,55.3,0.1,0.2,25.0,1.0,1.4,71.4,1.1,2.6,0.5,0.3,1.4,35.0,
30779,2023,Indiana Hoosiers,T. Bates,G,,,6.1,1.6,1.1,20.4,2.2,5.5,39.2,1.1,2.8,37.4,0.7,0.8,92.6,0.3,1.3,0.5,0.1,0.7,35.0,
30780,2023,Indiana Hoosiers,J. Geronimo,F,,,4.2,2.4,0.3,12.4,1.7,3.1,54.8,0.2,0.7,26.3,0.6,1.0,61.5,0.8,1.6,0.5,0.9,0.6,27.0,
30781,2023,Indiana Hoosiers,L. Duncomb,C,,,2.9,1.7,0.2,5.9,1.3,1.8,75.0,0.0,0.0,0.0,0.2,0.8,28.6,0.6,1.1,0.1,0.6,0.3,9.0,
30782,2023,Indiana Hoosiers,K. Banks,F,,,2.0,0.9,0.3,5.6,0.7,1.2,55.2,0.1,0.2,40.0,0.6,1.2,53.6,0.2,0.6,0.2,0.1,0.4,24.0,
30783,2023,Indiana Hoosiers,C. Gunn,G,,,2.0,0.6,0.4,7.5,0.8,2.8,30.9,0.1,1.2,8.3,0.2,0.2,80.0,0.1,0.5,0.5,0.1,0.3,20.0,
30784,2023,Indiana Hoosiers,A. Leal,G,,,0.2,0.2,0.1,2.2,0.0,0.0,0.0,0.0,0.0,0.0,0.2,0.2,100.0,0.0,0.2,0.1,0.0,0.1,11.0,
30786,2023,Indiana Hoosiers,N. Childress,F,,,0.0,0.2,0.2,1.8,0.0,0.2,0.0,0.0,0.2,0.0,0.0,0.0,0.0,0.0,0.2,0.2,0.0,0.0,5.0,
30787,2023,Indiana Hoosiers,M. Shipp,G,,,0.0,0.0,0.0,0.7,0.0,0.0,0.0,0.0,0.0,0.0,0.0,0.0,0.0,0.0,0.0,0.0,0.0,0.0,3.0,
30788,2023,Indiana Hoosiers,S. Burke,G,,,0.0,0.0,0.0,0.0,0.0,0.0,0.0,0.0,0.0,0.0,0.0,0.0,0.0,0.0,0.0,0.0,0.0,0.0,1.0,
30790,2023,Indiana State Sycamores,C. Neese,G,,,11.6,4.4,1.7,29.9,3.9,8.1,48.5,1.7,4.4,38.9,2.1,2.5,84.0,0.3,4.1,0.6,0.1,1.0,33.0,
30792,2023,Indiana State Sycamores,R. Avila,C,,,10.7,4.0,1.6,21.4,4.0,7.4,54.0,0.9,2.7,33.7,1.8,2.6,70.5,0.9,3.1,0.7,0.4,0.9,34.0,
30793,2023,Indiana State Sycamores,J. Larry,G,,,7.0,2.7,3.3,25.5,2.6,4.4,59.2,0.4,0.8,46.4,1.5,1.8,81.8,0.4,2.2,1.3,0.2,2.0,36.0,
30794,2023,Indiana State Sycamores,X. Bledson,G,,,6.4,1.8,1.7,13.3,2.1,4.6,45.1,0.8,2.2,36.2,1.5,1.8,82.1,0.3,1.5,0.5,0.1,1.3,31.0,
30796,2023,Indiana State Sycamores,J. Kent,F,,,5.1,2.1,0.4,14.8,1.9,4.0,46.8,0.5,2.0,27.1,0.9,1.1,79.5,0.6,1.5,0.4,0.2,0.5,35.0,
30798,2023,Indiana State Sycamores,K. Stephens,F,,,4.0,2.1,0.4,11.4,1.5,3.2,46.3,0.2,0.8,18.2,0.9,1.3,72.7,0.6,1.5,0.4,0.1,0.5,26.0,
30799,2023,Indiana State Sycamores,Z. Hobbs,G,,,2.5,1.1,0.2,9.4,0.8,2.3,37.1,0.8,2.2,35.3,0.1,0.1,66.7,0.0,1.1,0.2,0.0,0.2,31.0,
30802,2023,Iona Gaels,W. Clayton Jr.,G,,,16.8,4.3,3.2,30.4,5.7,12.5,45.5,2.2,5.2,43.1,3.2,3.3,95.3,0.6,3.7,1.8,0.6,1.8,32.0,
30804,2023,Iona Gaels,N. Junior Joseph,C,,,14.9,9.3,1.1,31.8,5.5,10.0,55.0,0.0,0.1,0.0,3.9,6.2,62.4,3.5,5.8,1.2,1.5,1.9,35.0,
30805,2023,Iona Gaels,Q. Slazinski,F,,,11.3,5.7,1.9,26.6,4.1,9.7,42.6,1.3,4.4,29.0,1.7,2.3,75.0,1.4,4.3,0.6,0.3,1.7,7.0,
30806,2023,Iona Gaels,B. JeanLouis,G,,,7.9,4.2,1.9,28.6,3.3,6.9,48.2,0.5,2.0,26.2,0.8,1.2,67.6,1.2,3.0,1.0,1.0,0.9,32.0,
30807,2023,Iona Gaels,O. Shema,F,,,7.0,4.7,1.6,26.4,2.7,5.5,49.5,0.7,1.9,35.9,0.9,1.3,67.4,1.6,3.1,0.7,1.3,1.0,34.0,
30812,2023,Iona Gaels,S. Boateng,G,,,2.0,2.0,0.0,1.0,0.0,1.0,0.0,0.0,0.0,0.0,2.0,2.0,100.0,0.0,2.0,0.0,0.0,0.0,1.0,
30814,2023,Iona Gaels,P. Weiss,G,,,1.1,0.4,0.2,9.7,0.4,1.1,34.4,0.3,0.9,36.0,0.0,0.1,0.0,0.2,0.3,0.3,0.0,0.2,29.0,
30818,2023,Iowa Hawkeyes,F. Rebraca,F,,,14.1,7.5,2.0,31.6,5.4,9.4,57.1,0.1,0.2,33.3,3.3,4.9,67.1,2.9,4.7,0.5,0.9,1.6,33.0,
30819,2023,Iowa Hawkeyes,T. Perkins,G,,,12.3,4.1,2.8,29.7,4.5,10.2,44.0,0.7,2.1,33.3,2.7,3.6,76.3,1.4,2.7,1.4,0.4,1.7,32.0,
30821,2023,Iowa Hawkeyes,P. McCaffery,F,,,9.8,3.5,1.0,22.3,3.3,7.9,41.1,1.3,3.7,34.7,2.0,2.6,77.1,0.9,2.6,0.8,0.4,1.0,27.0,
30822,2023,Iowa Hawkeyes,C. McCaffery,G,,,6.5,4.1,3.7,30.2,1.9,5.0,38.4,1.2,3.6,33.3,1.5,1.8,87.5,0.9,3.2,1.3,0.0,0.9,32.0,
30823,2023,Iowa Hawkeyes,A. Ulis,G,,,6.1,1.6,2.1,22.5,2.2,5.7,39.6,0.7,2.2,31.9,0.9,1.3,70.7,0.2,1.4,0.5,0.1,1.1,32.0,
30824,2023,Iowa Hawkeyes,D. Bowen,G,,,3.1,0.9,1.0,9.4,1.1,2.3,47.5,0.2,0.4,36.4,0.7,1.1,67.9,0.3,0.5,0.3,0.0,1.0,26.0,
30825,2023,Iowa Hawkeyes,J. Dix,G,,,2.0,0.9,0.9,9.2,0.7,1.7,40.4,0.5,1.1,40.0,0.2,0.3,66.7,0.2,0.7,0.2,0.1,0.4,31.0,
30826,2023,Iowa Hawkeyes,J. Ogundele,F,,,1.9,1.7,0.5,6.4,0.8,1.1,75.0,0.0,0.0,0.0,0.3,0.6,42.9,0.8,0.9,0.5,0.4,0.6,11.0,
30827,2023,Iowa Hawkeyes,L. Laketa,G,,,1.0,1.0,0.0,2.8,0.2,0.8,33.3,0.2,0.8,33.3,0.2,0.5,50.0,0.2,0.8,0.0,0.0,0.0,4.0,
30828,2023,Iowa Hawkeyes,R. Mulvey,C,,,0.9,0.9,0.2,4.1,0.4,0.8,50.0,0.0,0.1,0.0,0.1,0.2,50.0,0.4,0.5,0.1,0.4,0.1,12.0,
30829,2023,Iowa Hawkeyes,C. Kingsbury,G,,,0.9,0.8,0.5,3.9,0.2,0.6,40.0,0.2,0.2,100.0,0.1,0.2,50.0,0.1,0.6,0.1,0.0,0.1,8.0,
30831,2023,Jackson State Tigers,K. Evans Jr.,G,,,11.3,4.6,2.7,30.7,3.9,10.3,37.7,1.2,3.4,34.9,2.4,3.0,78.4,1.5,3.1,1.2,0.1,2.6,32.0,
30832,2023,Jackson State Tigers,C. Young,G,,,10.9,3.6,0.7,29.8,3.6,10.4,34.6,2.5,7.7,33.2,1.2,1.5,79.6,0.6,3.0,0.8,0.2,1.2,33.0,
30834,2023,Jackson State Tigers,G. Watson,G,,,9.0,3.3,1.5,23.3,3.5,10.5,33.3,1.3,5.7,23.5,0.7,0.8,80.0,0.8,2.5,0.7,0.2,1.8,6.0,
30835,2023,Jackson State Tigers,R. Mansel,F,,,8.9,5.4,2.0,27.1,3.7,6.8,55.2,0.1,0.5,26.7,1.3,2.6,51.2,2.1,3.3,0.8,0.9,1.6,33.0,
30836,2023,Jackson State Tigers,C. Adams,G,,,8.0,2.5,3.7,29.4,3.0,7.3,41.0,0.8,2.1,35.3,1.3,1.6,80.4,0.7,1.8,1.6,0.1,2.8,32.0,
30838,2023,Jackson State Tigers,Z. Cook,F,,,7.2,5.9,0.5,24.1,2.5,5.8,42.6,0.1,0.2,28.6,2.2,3.4,63.7,2.4,3.5,1.1,0.5,1.3,33.0,
30839,2023,Jackson State Tigers,J. Mitchell Jr.,G,,,6.3,1.7,0.3,15.3,2.3,4.7,50.0,0.7,2.0,33.3,1.0,2.0,50.0,0.3,1.3,1.0,0.0,1.3,3.0,
30840,2023,Jackson State Tigers,K. Cornelius,G,,,6.3,1.0,0.3,15.7,2.0,6.0,33.3,1.3,4.0,33.3,1.0,1.3,75.0,0.0,1.0,0.3,0.0,1.7,3.0,
30841,2023,Jackson State Tigers,K. Hunt,G,,,3.2,1.3,1.6,13.5,1.2,3.5,35.4,0.1,0.9,15.4,0.6,0.9,66.7,0.2,1.0,0.8,0.0,1.9,28.0,
30843,2023,Jackson State Tigers,J. Bell,G,,,2.1,0.7,0.3,9.1,0.5,1.7,32.0,0.5,1.1,43.8,0.5,0.6,88.9,0.1,0.7,0.4,0.0,0.5,15.0,
30846,2023,Jacksonville Dolphins,K. Nolan,G,,,13.0,3.9,4.3,31.6,4.5,11.4,39.2,2.2,6.8,32.5,1.8,2.1,86.9,0.4,3.5,1.0,0.3,2.5,29.0,
30850,2023,Jacksonville Dolphins,O. Osifo,F,,,7.5,5.7,0.7,24.1,2.8,5.4,52.6,0.1,0.3,37.5,1.7,2.2,79.4,1.7,3.9,0.3,0.3,1.4,29.0,
30858,2023,Jacksonville State Gamecocks,D. King,G,,,15.3,2.4,3.3,34.9,5.3,12.3,43.3,3.3,8.1,41.2,1.3,1.6,83.7,0.4,2.0,0.9,0.0,1.8,31.0,
30860,2023,Jacksonville State Gamecocks,J. Perdue,F,,,8.3,6.1,0.9,24.0,2.7,5.3,50.9,0.1,0.5,18.8,2.8,3.9,71.9,2.0,4.1,0.9,0.4,1.3,31.0,
30862,2023,Jacksonville State Gamecocks,A. Ngumezi,F,,,6.7,3.0,0.8,17.4,2.4,6.5,37.3,0.7,2.5,26.3,1.1,1.8,63.4,1.0,2.0,0.3,0.5,1.0,23.0,
30865,2023,Jacksonville State Gamecocks,M. Zeliznak,C,,,4.3,3.0,0.5,19.7,1.9,4.0,47.1,0.0,0.0,0.0,0.5,1.2,45.7,1.6,1.4,0.3,0.6,1.1,30.0,
30866,2023,Jacksonville State Gamecocks,T. Roberts,SG,,,3.5,1.3,0.5,11.9,1.2,2.8,42.5,0.7,1.8,41.1,0.4,0.5,75.0,0.3,1.0,0.2,0.1,0.6,31.0,
30869,2023,Jacksonville State Gamecocks,J. Platt,G,,,1.9,1.4,1.2,9.6,0.4,1.1,40.6,0.0,0.1,0.0,1.0,1.6,66.7,0.3,1.1,0.3,0.0,0.8,29.0,
30871,2023,James Madison Dukes,T. Edwards Jr.,G,,,13.3,5.1,1.9,23.7,4.8,9.2,52.9,1.0,2.2,45.8,2.6,3.6,71.9,1.4,3.7,1.2,0.2,2.4,32.0,
30872,2023,James Madison Dukes,V. Morse,G,,,12.0,1.8,2.1,26.1,3.8,10.0,38.1,2.1,5.9,35.3,2.3,3.0,75.9,0.3,1.5,1.1,0.1,1.1,29.0,
30873,2023,James Madison Dukes,T. Molson,G,,,11.3,5.2,2.4,26.1,3.7,8.9,41.5,1.0,2.9,34.4,2.9,4.1,71.5,1.0,4.1,1.6,0.1,2.0,32.0,
30876,2023,James Madison Dukes,J. Wooden,F,,,8.4,2.5,0.7,17.8,3.1,6.0,51.0,0.8,2.1,40.9,1.4,2.1,68.2,1.0,1.5,0.7,0.1,1.1,32.0,
30877,2023,James Madison Dukes,A. Sule,F,,,7.9,4.7,0.7,17.0,2.9,5.8,50.7,0.2,0.9,23.8,1.8,2.5,72.1,2.3,2.4,0.4,0.8,0.8,24.0,
30878,2023,James Madison Dukes,J. Amadi,F,,,4.9,3.6,0.5,18.2,2.0,3.2,61.3,0.0,0.0,0.0,1.0,1.6,59.3,1.5,2.1,0.8,0.4,0.8,33.0,
30879,2023,James Madison Dukes,T. Ihenacho,G,,,4.0,3.2,2.0,20.8,1.3,3.3,39.0,0.6,1.9,34.0,0.8,1.1,71.4,0.4,2.8,1.0,0.5,1.2,25.0,
30881,2023,James Madison Dukes,T. Strickland,G,,,2.8,0.8,1.2,12.7,1.1,2.6,41.2,0.1,0.8,10.0,0.6,0.9,66.7,0.2,0.6,1.2,0.0,1.7,13.0,
30883,2023,James Madison Dukes,S. Feden,F,,,2.6,1.1,0.1,4.7,1.3,2.4,52.9,0.0,0.6,0.0,0.0,0.0,0.0,0.4,0.7,0.4,0.0,0.1,7.0,
30885,2023,James Madison Dukes,H. Smith,G,,,2.2,0.9,0.2,5.3,0.8,2.1,36.8,0.4,1.0,44.4,0.2,0.2,100.0,0.3,0.6,0.2,0.0,0.1,9.0,
30888,2023,Kansas City Roos,S. Allen,G,,,17.0,5.0,2.7,34.7,5.9,14.3,41.4,0.8,2.4,34.3,4.3,6.0,71.8,1.7,3.3,2.0,0.4,2.4,29.0,
30889,2023,Kansas City Roos,A. Kopp,G,,,13.0,4.3,2.8,31.0,4.5,12.2,36.7,2.8,6.2,44.0,1.2,2.0,62.5,1.2,3.0,2.3,0.3,1.3,4.0,
30890,2023,Kansas City Roos,A. Mukeba,F,,,9.4,7.5,1.6,28.6,4.0,7.8,50.6,0.2,1.2,18.5,1.2,2.1,58.7,2.6,5.0,1.1,1.1,2.3,22.0,
30891,2023,Kansas City Roos,J. Ngandu,F,,,5.4,5.9,0.5,25.8,2.3,4.3,54.0,0.0,0.0,0.0,0.8,1.4,56.8,2.6,3.3,0.4,1.4,1.1,32.0,
30892,2023,Kansas City Roos,T. Andrews,G,,,5.4,2.5,0.4,17.2,2.0,5.1,38.9,0.6,2.6,24.4,0.8,1.2,63.2,0.7,1.7,0.3,0.3,1.2,31.0,
30893,2023,Kansas City Roos,B. Diallo,G,,,3.5,3.4,1.3,18.9,1.3,3.0,43.6,0.3,0.7,47.6,0.5,0.7,77.3,1.1,2.2,0.6,0.1,1.2,31.0,
30896,2023,Kansas City Roos,P. Idiaru,F,,,2.3,1.4,0.1,9.4,0.9,2.5,34.3,0.4,1.7,23.9,0.2,0.3,75.0,0.5,0.9,0.3,0.1,0.3,27.0,
30898,2023,Kansas City Roos,S. Martin,G,,,1.3,0.5,0.5,7.3,0.4,1.3,34.3,0.2,0.7,27.8,0.2,0.3,66.7,0.2,0.3,0.1,0.0,0.6,27.0,
30900,2023,Kennesaw State Owls,C. Youngblood,G,,,14.7,4.7,1.8,31.2,4.8,10.3,46.4,2.3,5.6,41.5,2.7,3.3,82.1,1.4,3.3,1.1,0.4,1.3,35.0,
30901,2023,Kennesaw State Owls,T. Burden,G,,,13.5,3.2,4.1,30.2,4.8,9.9,48.4,0.7,2.0,33.8,3.3,4.9,66.7,0.5,2.8,1.6,0.3,2.8,35.0,
30902,2023,Kennesaw State Owls,D. Robinson,F,,,11.0,5.8,0.8,23.1,4.3,8.0,54.1,0.0,0.5,5.9,2.3,3.6,62.2,2.2,3.6,0.8,0.9,1.1,35.0,
30903,2023,Kennesaw State Owls,B. Stroud,G,,,9.2,6.5,1.6,25.4,3.3,7.3,44.5,1.0,3.0,34.6,1.6,3.1,53.3,1.7,4.7,1.4,0.2,1.5,35.0,
30904,2023,Kennesaw State Owls,S. Rodgers,G,,,6.4,3.2,2.1,25.9,2.3,6.3,35.9,1.4,4.1,33.8,0.5,0.8,70.4,0.3,3.0,0.9,0.2,1.3,35.0,
30905,2023,Kennesaw State Owls,K. Jennings,G,,,6.2,1.7,1.7,23.8,2.0,4.9,41.0,1.1,3.0,37.8,1.0,1.3,79.1,0.3,1.5,0.9,0.2,1.0,33.0,
30906,2023,Kennesaw State Owls,A. Peterson,F,,,4.6,2.9,0.7,14.0,2.0,3.6,56.1,0.0,0.0,0.0,0.6,1.2,51.4,0.7,2.2,0.5,0.3,0.9,32.0,
30907,2023,Kennesaw State Owls,Q. Ademokoya,G,,,4.5,1.6,0.5,14.7,1.5,3.4,44.2,0.9,2.5,37.5,0.5,0.8,67.9,0.2,1.4,0.2,0.1,0.7,35.0,
30908,2023,Kennesaw State Owls,S. Cottle,G,,,3.9,0.7,1.1,10.3,1.3,3.2,42.3,0.6,1.5,38.0,0.7,0.9,76.7,0.1,0.7,0.5,0.0,0.9,33.0,
30910,2023,Kennesaw State Owls,C. LaRue,F,,,2.2,1.5,0.1,6.1,0.8,1.9,45.9,0.2,0.5,40.0,0.2,0.6,45.5,0.5,1.0,0.1,0.1,0.8,20.0,
30914,2023,Kennesaw State Owls,C. Stone,G,,,0.3,0.3,0.0,2.0,0.2,0.3,50.0,0.0,0.2,0.0,0.0,0.0,0.0,0.0,0.3,0.2,0.0,0.2,6.0,
30915,2023,Kennesaw State Owls,E. Holland,G,,,0.2,0.7,0.2,2.0,0.0,0.3,0.0,0.0,0.2,0.0,0.2,0.3,50.0,0.0,0.7,0.2,0.0,0.2,6.0,
30916,2023,Kent State Golden Flashes,S. Carry,G,,,17.5,3.7,4.8,36.7,6.1,15.0,40.8,1.8,6.0,30.5,3.5,4.3,81.2,0.4,3.3,1.7,0.2,2.6,35.0,
30917,2023,Kent State Golden Flashes,M. Jacobs,G,,,12.8,5.3,3.7,32.8,4.5,11.6,38.9,0.6,2.0,29.0,3.2,4.9,65.9,1.6,3.7,2.6,0.8,2.7,34.0,
30919,2023,Kent State Golden Flashes,J. Sullinger,G,,,8.6,1.3,0.7,22.2,3.1,6.6,47.2,1.6,3.7,43.1,0.7,0.9,86.7,0.1,1.3,0.6,0.1,0.7,35.0,
30920,2023,Kent State Golden Flashes,G. Santiago,G,,,7.5,1.8,1.7,26.9,2.4,6.1,40.0,1.4,3.8,37.9,1.2,1.3,93.3,0.0,1.8,1.1,0.2,0.9,23.0,
30921,2023,Kent State Golden Flashes,V. Davis,F,,,6.7,3.5,0.4,21.5,2.5,6.4,38.8,0.8,3.0,25.5,1.0,1.3,75.0,1.2,2.2,0.8,0.1,1.0,34.0,
30922,2023,Kent State Golden Flashes,C. Payton Jr.,F,,,6.7,4.8,0.4,16.2,2.6,3.6,73.0,0.0,0.0,0.0,1.4,2.3,63.6,1.6,3.3,0.3,1.0,0.6,34.0,
30923,2023,Kent State Golden Flashes,C. Hornbeak,C,,,5.4,5.0,0.3,16.4,2.3,3.2,71.8,0.0,0.0,0.0,0.8,1.4,58.7,2.1,2.9,0.5,0.9,0.8,34.0,
30924,2023,Kent State Golden Flashes,D. Gillespie,F,,,2.4,1.7,0.1,5.5,1.0,1.4,74.3,0.0,0.1,50.0,0.3,0.5,66.7,0.7,1.0,0.1,0.1,0.5,25.0,
30925,2023,Kent State Golden Flashes,J. Rollins,G,,,2.0,1.6,0.4,8.8,0.7,1.6,43.5,0.2,0.8,30.4,0.4,0.5,76.9,0.6,1.0,0.4,0.1,0.5,28.0,
30926,2023,Kent State Golden Flashes,A. Odusipe,F,,,1.2,0.8,0.0,4.1,0.3,0.5,57.1,0.0,0.0,0.0,0.5,0.6,87.5,0.5,0.3,0.2,0.2,0.3,13.0,
30927,2023,Kentucky Wildcats,O. Tshiebwe,C,,,16.5,13.7,1.6,33.5,6.1,10.9,56.0,0.0,0.1,0.0,4.3,5.9,72.9,5.8,7.9,1.6,1.0,2.0,32.0,
30928,2023,Kentucky Wildcats,A. Reeves,G,,,14.4,2.1,1.1,27.9,4.9,11.9,41.6,2.4,5.9,39.8,2.1,2.7,78.3,0.4,1.7,0.4,0.2,1.5,34.0,
30929,2023,Kentucky Wildcats,J. Toppin,F,,,12.4,6.8,2.2,31.5,4.8,10.3,46.3,0.5,1.8,30.5,2.3,3.4,66.4,1.9,4.9,0.5,0.5,1.5,33.0,
30931,2023,Kentucky Wildcats,S. Wheeler,G,,,7.7,2.3,5.6,28.5,3.1,7.4,41.7,0.7,2.0,36.6,0.8,1.4,53.3,0.2,2.0,0.9,0.1,1.9,21.0,
30934,2023,Kentucky Wildcats,U. Onyenso,C,,,2.5,2.6,0.1,6.9,1.1,2.1,52.9,0.0,0.0,0.0,0.2,0.4,57.1,1.1,1.5,0.2,1.0,0.3,16.0,
30935,2023,Kentucky Wildcats,A. Thiero,F,,,2.3,1.9,0.4,9.7,0.5,1.4,34.5,0.1,0.5,33.3,1.1,1.6,69.7,0.8,1.1,0.5,0.3,0.7,20.0,
30936,2023,Kentucky Wildcats,L. Ware,F,,,2.0,2.0,0.6,9.9,0.9,1.4,65.8,0.0,0.0,0.0,0.2,0.8,33.3,0.8,1.2,0.3,0.4,0.6,28.0,
30937,2023,Kentucky Wildcats,D. Collins,F,,,1.9,1.9,0.2,7.9,0.7,1.6,42.5,0.0,0.1,0.0,0.5,0.8,61.9,0.7,1.2,0.2,0.4,0.7,25.0,
30938,2023,Kentucky Wildcats,B. Canada,F,,,0.6,0.2,0.0,1.8,0.2,0.6,33.3,0.2,0.6,33.3,0.0,0.0,0.0,0.0,0.2,0.0,0.0,0.0,5.0,
30939,2023,Kentucky Wildcats,K. Watkins,G,,,0.0,0.0,0.3,2.0,0.0,0.2,0.0,0.0,0.2,0.0,0.0,0.0,0.0,0.0,0.0,0.0,0.0,0.3,4.0,
30940,2023,Kentucky Wildcats,W. Horn,G,,,0.0,0.3,0.3,2.0,0.0,0.2,0.0,0.0,0.2,0.0,0.0,0.0,0.0,0.0,0.2,0.0,0.0,1.0,4.0,
30944,2023,LSU Tigers,D. Fountain,F,,,8.0,5.5,0.8,23.5,2.8,5.1,54.7,0.3,0.7,34.8,2.2,2.8,77.9,2.3,3.2,1.1,0.5,1.4,31.0,
30945,2023,LSU Tigers,T. Hannibal,G,,,6.8,4.5,2.3,20.7,2.0,4.9,41.2,0.0,0.2,14.3,2.7,3.8,70.8,1.5,3.0,0.8,0.1,1.8,30.0,
30947,2023,LSU Tigers,T. Ward,G,,,3.7,1.5,0.5,14.2,1.3,3.6,36.1,0.7,2.0,34.8,0.4,0.7,66.7,0.4,1.1,0.7,0.0,0.4,23.0,
30950,2023,LSU Tigers,P. Edwards,G,,,3.0,0.0,0.0,4.0,1.0,1.5,66.7,1.0,1.5,66.7,0.0,0.0,0.0,0.0,0.0,0.0,0.0,0.0,2.0,
30951,2023,LSU Tigers,M. Wilkinson,G,,,2.6,1.6,0.8,13.1,0.9,2.2,40.7,0.7,1.5,44.4,0.1,0.2,50.0,0.2,1.4,0.5,0.3,0.6,12.0,
30954,2023,LSU Tigers,B. Egemo,G,,,0.0,1.0,0.0,1.0,0.0,0.0,0.0,0.0,0.0,0.0,0.0,0.0,0.0,0.0,1.0,0.0,0.0,0.0,1.0,
30955,2023,LSU Tigers,A. Benhayoune,G,,,0.0,0.0,0.0,1.0,0.0,0.0,0.0,0.0,0.0,0.0,0.0,0.0,0.0,0.0,0.0,0.0,0.0,0.0,1.0,
30956,2023,La Salle Explorers,K. Brantley,G,,,14.3,4.8,4.1,33.7,4.9,12.8,38.1,1.2,3.4,33.6,3.4,4.6,74.7,1.3,3.5,1.6,0.2,2.7,32.0,
30957,2023,La Salle Explorers,J. Nickelberry,G,,,10.9,2.7,0.7,24.5,3.5,8.5,40.7,2.3,5.8,40.1,1.7,2.1,80.3,0.6,2.1,0.4,0.0,1.3,34.0,
30958,2023,La Salle Explorers,J. Brickus,G,,,9.8,2.5,2.8,32.9,3.4,7.2,47.3,1.2,3.1,38.2,1.8,2.3,78.9,0.4,2.1,1.2,0.1,2.2,33.0,
30960,2023,La Salle Explorers,A. Gill,G,,,7.9,3.3,2.3,20.7,3.2,7.1,44.6,0.5,1.8,28.3,1.1,1.9,55.2,0.6,2.7,0.9,0.6,2.2,30.0,
30962,2023,La Salle Explorers,D. Shepherd,G,,,6.1,4.6,0.6,18.2,2.3,4.8,48.7,0.4,1.4,26.5,1.1,1.8,60.9,1.2,3.4,0.2,0.4,0.7,25.0,
30963,2023,La Salle Explorers,R. Jocius,F,,,4.5,3.3,0.2,14.8,2.0,3.9,50.0,0.2,0.5,38.5,0.4,0.8,45.5,1.4,1.9,0.2,0.9,0.5,28.0,
30964,2023,La Salle Explorers,M. Doucoure,F,,,3.3,2.9,0.2,12.1,1.4,2.7,52.2,0.0,0.0,0.0,0.4,0.7,65.2,0.9,2.1,0.4,0.1,0.4,34.0,
30965,2023,La Salle Explorers,A. Marrero,G,,,2.8,1.4,0.5,10.5,0.9,2.7,32.9,0.5,1.4,35.9,0.5,0.6,86.7,0.3,1.1,0.1,0.1,0.4,27.0,
30966,2023,La Salle Explorers,C. Ireland,G,,,0.7,0.0,0.0,1.3,0.3,0.3,100.0,0.0,0.0,0.0,0.0,0.0,0.0,0.0,0.0,0.3,0.0,0.3,3.0,
30968,2023,La Salle Explorers,T. Gardler,G,,,0.0,0.3,0.0,1.3,0.0,0.2,0.0,0.0,0.2,0.0,0.0,0.0,0.0,0.0,0.2,0.0,0.0,0.0,4.0,
30969,2023,Lafayette Leopards,L. O'Boyle,F,,,11.6,3.6,1.6,31.0,3.6,8.6,42.4,2.2,5.5,40.7,2.1,2.5,86.4,1.0,2.6,0.9,0.3,1.0,33.0,
30971,2023,Lafayette Leopards,C. Fulton,G,,,10.4,5.1,5.0,36.3,3.8,9.0,42.6,1.9,5.0,38.7,0.8,0.9,85.7,0.8,4.3,2.0,0.1,1.8,30.0,
30973,2023,Lafayette Leopards,T. Berger,G,,,7.7,3.8,2.0,29.4,2.6,8.8,29.4,1.8,6.1,28.7,0.8,1.4,56.5,0.5,3.3,0.7,0.2,1.4,33.0,
30974,2023,Lafayette Leopards,J. Vander Baan,C,,,7.1,3.3,1.4,16.4,2.6,5.7,46.4,0.4,1.3,26.7,1.4,2.4,59.3,0.9,2.4,0.2,1.1,1.4,34.0,
30975,2023,Lafayette Leopards,J. Brantley,G,,,6.5,1.5,0.5,24.0,2.5,10.0,25.0,1.5,5.5,27.3,0.0,0.5,0.0,0.0,1.5,0.0,0.0,0.5,2.0,
30976,2023,Lafayette Leopards,R. Zambie,G,,,4.2,2.1,0.9,20.6,1.7,4.6,36.4,0.5,2.1,24.0,0.3,0.4,80.0,0.2,1.9,0.6,0.1,0.3,12.0,
30977,2023,Lafayette Leopards,E. Sondberg,G,,,3.1,1.4,0.2,10.4,1.1,2.7,41.8,0.7,1.8,37.3,0.2,0.3,66.7,0.4,1.0,0.2,0.1,0.3,29.0,
30978,2023,Lafayette Leopards,R. Pettit,G,,,1.9,1.1,1.4,17.4,0.6,2.2,27.5,0.4,1.5,22.9,0.4,0.5,73.3,0.3,0.8,0.5,0.0,0.8,31.0,
30979,2023,Lafayette Leopards,C. Rubayo,F,,,1.9,0.6,0.7,5.9,0.6,0.9,66.7,0.0,0.0,0.0,0.7,1.0,71.4,0.3,0.3,0.0,0.1,0.9,7.0,
30980,2023,Lafayette Leopards,D. Hines,G,,,1.8,0.9,0.5,7.3,0.6,1.5,37.8,0.2,0.8,26.3,0.4,0.6,64.3,0.3,0.5,0.2,0.0,0.3,24.0,
30981,2023,Lafayette Leopards,I. Thompson,G,,,0.3,0.9,0.4,3.5,0.1,0.5,25.0,0.0,0.1,0.0,0.0,0.0,0.0,0.2,0.6,0.4,0.0,0.4,8.0,
30983,2023,Le Moyne Dolphins,T. Chambers,G,,,9.0,1.0,2.0,15.0,3.0,5.0,60.0,3.0,5.0,60.0,0.0,0.0,0.0,0.0,1.0,0.0,0.0,1.0,1.0,
30984,2023,Le Moyne Dolphins,W. Self,G,,,3.0,1.0,0.0,6.0,1.0,1.0,100.0,1.0,1.0,100.0,0.0,0.0,0.0,0.0,1.0,0.0,0.0,1.0,1.0,
30985,2023,Liberty Flames,D. McGhee,G,,,22.8,3.3,3.0,31.9,7.6,17.3,43.9,4.5,11.4,39.4,3.1,3.6,86.7,0.4,2.9,1.6,0.2,1.9,36.0,
30986,2023,Liberty Flames,K. Rode,F,,,10.9,3.5,3.5,29.2,4.1,8.9,45.6,2.0,4.9,39.9,0.9,1.0,86.1,0.5,3.0,0.6,0.2,1.4,36.0,
30987,2023,Liberty Flames,C. Porter,G,,,7.8,2.6,3.8,27.3,2.6,6.3,40.4,1.3,3.4,39.7,1.4,1.8,78.1,0.2,2.4,1.4,0.1,1.6,36.0,
30988,2023,Liberty Flames,S. Robinson,F,,,7.6,3.6,0.9,20.8,2.8,5.1,55.7,0.5,1.6,32.2,1.4,2.0,70.4,0.5,3.0,0.4,0.6,0.9,36.0,
30989,2023,Liberty Flames,B. Peebles,G,,,7.4,1.8,0.6,16.7,2.6,5.6,47.3,1.2,3.0,41.3,0.9,1.0,88.9,0.3,1.6,0.3,0.1,0.7,36.0,
30990,2023,Liberty Flames,B. Preston,F,,,6.7,5.1,1.4,17.3,2.9,4.5,66.0,0.0,0.1,0.0,0.8,1.9,39.7,1.8,3.3,0.4,0.5,1.1,35.0,
30991,2023,Liberty Flames,J. Venzant,G,,,4.2,5.0,0.4,21.1,1.7,2.7,62.5,0.2,0.7,25.0,0.7,1.1,58.5,1.8,3.2,0.5,0.1,0.4,36.0,
30992,2023,Liberty Flames,Z. Cleveland,F,,,3.4,3.4,1.8,13.3,1.3,2.7,48.1,0.0,0.3,0.0,0.8,1.3,61.5,0.9,2.6,0.3,0.5,1.2,29.0,
30993,2023,Liberty Flames,I. Warfield,G,,,2.9,2.3,0.9,17.9,1.0,2.1,45.3,0.2,0.9,25.8,0.7,0.9,75.8,0.5,1.8,0.6,0.2,0.6,35.0,
30995,2023,Liberty Flames,G. McKay,G,,,0.5,0.4,0.1,3.5,0.2,0.9,20.0,0.2,0.9,21.1,0.0,0.0,0.0,0.0,0.4,0.0,0.0,0.1,22.0,
30996,2023,Liberty Flames,B. Spell,F,,,0.5,0.6,0.0,3.0,0.1,0.8,11.8,0.0,0.6,7.7,0.3,0.4,75.0,0.1,0.4,0.0,0.0,0.1,21.0,
30998,2023,Lipscomb Bisons,J. Ognacevic,F,,,17.7,4.4,0.6,26.6,6.7,11.0,60.7,0.8,2.7,29.5,3.5,4.1,85.2,1.4,3.0,0.2,0.3,1.3,33.0,
31000,2023,Lipscomb Bisons,W. Pruitt,G,,,9.9,5.3,2.9,30.0,3.2,7.0,46.0,1.3,3.1,41.4,2.2,2.7,80.5,1.0,4.3,1.1,0.3,1.3,32.0,
31001,2023,Lipscomb Bisons,A. McGinnis,G,,,7.0,2.1,1.1,20.8,2.5,6.5,37.5,1.6,4.4,36.6,0.5,0.7,66.7,0.2,1.9,0.4,0.1,1.0,33.0,
31002,2023,Lipscomb Bisons,A. Asadullah,C,,,6.8,5.9,3.2,22.9,3.2,6.8,46.5,0.0,0.3,9.1,0.4,1.2,35.9,1.3,4.6,0.7,0.8,2.5,33.0,
31003,2023,Lipscomb Bisons,T. Benham,G,,,6.6,2.8,0.4,18.3,2.4,6.2,37.9,1.6,4.3,36.4,0.3,0.5,62.5,0.9,1.9,0.2,0.1,0.7,33.0,
31005,2023,Lipscomb Bisons,Q. Clark,G,,,5.7,1.6,1.7,15.1,2.4,4.7,51.7,0.1,0.5,13.3,0.8,1.3,59.5,0.3,1.3,0.6,0.2,1.1,32.0,
31006,2023,Lipscomb Bisons,T. Murr,G,,,3.3,1.2,0.7,11.3,1.0,2.3,45.6,0.4,0.9,40.7,0.9,0.9,92.9,0.1,1.1,0.5,0.0,0.7,30.0,
31007,2023,Lipscomb Bisons,G. Asman,F,,,2.8,1.9,0.7,7.7,1.0,2.3,42.9,0.4,1.4,30.2,0.4,0.6,63.2,0.6,1.2,0.2,0.4,0.6,30.0,
31008,2023,Lipscomb Bisons,J. Ingold,G,,,1.6,0.8,0.0,3.2,0.8,1.0,80.0,0.0,0.0,0.0,0.0,0.0,0.0,0.4,0.4,0.2,0.0,0.0,5.0,
31009,2023,Lipscomb Bisons,J. Montgomery,G,,,0.9,1.1,0.4,6.7,0.3,2.0,14.3,0.1,1.3,11.1,0.1,0.3,50.0,0.0,1.1,0.3,0.3,0.3,7.0,
31010,2023,Lipscomb Bisons,H. Hutcheson,F,,,0.8,0.8,0.6,4.6,0.2,1.2,16.7,0.0,0.6,0.0,0.4,0.4,100.0,0.6,0.2,0.4,0.0,0.0,5.0,
31012,2023,Little Rock Trojans,M. Gardner,F,,,13.2,9.1,3.6,30.8,4.2,10.0,42.3,1.2,3.5,35.6,3.5,4.6,75.5,2.2,7.0,1.3,0.5,2.7,30.0,
31016,2023,Little Rock Trojans,I. Palermo,G,,,7.4,1.9,1.0,19.3,2.7,6.2,43.9,0.2,1.0,20.7,1.8,2.5,69.9,0.7,1.2,1.2,0.2,1.0,29.0,
31020,2023,Little Rock Trojans,A. Beljan,F,,,2.1,0.9,0.4,6.9,0.9,1.8,51.5,0.0,0.1,0.0,0.2,0.5,44.4,0.6,0.3,0.0,0.1,0.7,18.0,
31022,2023,Little Rock Trojans,J. Stulic,G,,,0.5,0.8,0.0,8.0,0.2,1.5,16.7,0.0,0.8,0.0,0.0,0.0,0.0,0.2,0.5,0.5,0.3,0.5,4.0,
31025,2023,Long Beach State Beach,M. Tsohonis,G,,,14.1,3.4,2.0,26.2,5.2,13.3,39.0,1.0,3.8,26.4,2.8,4.0,70.3,0.6,2.7,0.9,0.1,2.5,28.0,
31026,2023,Long Beach State Beach,L. Traore,F,,,12.9,10.5,1.2,28.1,5.2,9.7,53.4,0.0,0.0,0.0,2.5,3.7,68.3,3.4,7.1,0.8,0.6,1.8,33.0,
31027,2023,Long Beach State Beach,A. Traore,F,,,10.1,8.8,3.5,31.6,3.8,6.9,55.3,0.1,0.3,30.0,2.4,3.6,66.9,3.2,5.6,1.2,0.7,2.5,33.0,
31028,2023,Long Beach State Beach,A. George,G,,,8.6,3.1,1.1,26.1,3.3,5.9,56.2,0.4,0.9,41.4,1.6,2.4,67.9,1.1,2.0,0.7,0.5,0.9,33.0,
31031,2023,Long Beach State Beach,A. Stroud,F,,,5.2,3.2,0.6,13.5,2.2,4.0,54.8,0.0,0.1,0.0,0.9,1.5,60.5,1.3,2.0,0.4,0.3,0.6,29.0,
31032,2023,Long Beach State Beach,T. Rotegaard,F,,,3.7,1.3,0.7,14.8,1.3,3.2,39.6,0.9,2.5,38.3,0.2,0.5,50.0,0.3,1.0,0.2,0.1,0.5,33.0,
31033,2023,Long Beach State Beach,C. Polynice,C,,,3.3,1.6,0.3,8.5,1.3,3.0,45.6,0.1,0.6,23.1,0.4,1.0,41.7,0.4,1.1,0.1,0.3,0.5,23.0,
31034,2023,Long Beach State Beach,J. Yan,C,,,1.1,0.6,0.1,3.6,0.3,0.8,42.9,0.0,0.0,0.0,0.4,0.4,100.0,0.2,0.3,0.0,0.0,0.4,9.0,
31035,2023,Long Beach State Beach,M. Monson,G,,,0.7,0.1,0.1,3.5,0.2,1.1,15.4,0.2,0.8,22.2,0.2,0.2,100.0,0.0,0.1,0.2,0.0,0.2,12.0,
31036,2023,Long Beach State Beach,J. Hart Jr.,G,,,0.0,0.2,0.2,2.6,0.0,0.6,0.0,0.0,0.0,0.0,0.0,0.0,0.0,0.0,0.2,0.0,0.0,0.6,5.0,
31038,2023,Long Island University Sharks,A. Washington,G,,,11.5,2.3,2.5,30.9,4.5,11.9,37.7,1.0,2.9,34.0,1.5,1.7,87.1,0.4,1.9,1.5,0.3,2.1,18.0,
31041,2023,Long Island University Sharks,Q. Burns,G,,,7.6,4.8,1.5,22.2,2.8,6.5,43.1,1.1,3.1,35.6,0.9,1.5,60.7,0.8,4.0,0.7,0.5,1.6,19.0,
31043,2023,Long Island University Sharks,C. Delancy,F,,,5.7,4.2,0.7,19.1,2.3,4.5,51.8,0.0,0.0,0.0,1.0,1.7,60.5,1.6,2.6,0.4,1.3,0.9,25.0,
31045,2023,Long Island University Sharks,A. Essahaty,G,,,4.8,1.3,1.9,16.9,2.1,4.9,43.6,0.2,0.9,28.6,0.2,0.4,66.7,0.0,1.2,0.6,0.1,2.3,8.0,
31048,2023,Long Island University Sharks,N. Crawford,F,,,3.0,0.8,1.2,9.2,1.0,1.8,55.6,0.2,0.4,50.0,0.8,1.6,50.0,0.4,0.4,1.2,0.2,0.8,5.0,
31051,2023,Long Island University Sharks,J. Kamich,F,,,0.8,0.6,0.1,2.3,0.3,0.7,50.0,0.1,0.4,25.0,0.0,0.0,0.0,0.1,0.4,0.0,0.0,0.1,9.0,
31052,2023,Longwood Lancers,I. Wilkins,G,,,13.3,5.7,1.5,26.9,4.5,9.7,46.7,1.6,4.4,37.5,2.6,3.0,85.1,1.5,4.2,1.1,0.4,1.6,31.0,
31053,2023,Longwood Lancers,D. Wade,G,,,9.5,3.6,1.9,30.6,2.9,7.8,36.6,1.9,5.1,36.5,1.8,2.4,78.1,0.6,3.0,0.7,0.1,1.6,31.0,
31054,2023,Longwood Lancers,W. Napper,G,,,9.4,3.5,3.5,28.9,3.8,9.3,40.6,0.4,1.9,23.0,1.4,2.7,51.8,0.6,2.9,1.4,0.0,2.5,32.0,
31055,2023,Longwood Lancers,L. Nkereuwem,F,,,8.4,3.1,0.3,17.0,3.5,5.5,62.8,0.0,0.1,0.0,1.5,2.8,54.1,1.5,1.6,0.7,0.2,1.1,22.0,
31056,2023,Longwood Lancers,M. Christmas,F,,,7.9,3.6,0.5,16.6,2.8,6.1,46.9,0.6,1.7,35.2,1.6,2.1,76.1,1.8,1.8,0.4,0.2,0.7,32.0,
31057,2023,Longwood Lancers,Z. Watson,F,,,7.5,5.1,0.8,21.1,2.6,4.2,61.0,0.0,0.0,0.0,2.3,2.9,78.7,1.8,3.3,0.5,0.4,0.9,32.0,
31058,2023,Longwood Lancers,D. Houston,G,,,7.2,2.6,2.2,22.9,2.4,5.6,43.9,0.8,2.2,33.9,1.6,2.2,72.2,0.8,1.8,0.9,0.1,1.6,25.0,
31059,2023,Longwood Lancers,J. Granlund,F,,,5.9,2.0,1.3,22.7,2.2,5.2,41.6,0.9,2.6,33.3,0.7,1.0,71.0,0.8,1.2,0.3,0.2,0.6,32.0,
31060,2023,Longwood Lancers,N. Lliteras,G,,,5.6,2.8,0.3,14.5,1.9,4.8,40.5,1.1,3.1,35.4,0.6,0.7,82.6,0.5,2.4,0.5,0.6,0.6,31.0,
31061,2023,Longwood Lancers,J. Darden,G,,,2.9,1.9,0.8,9.8,1.0,2.6,39.4,0.4,1.0,45.8,0.4,0.6,64.3,0.6,1.3,0.3,0.0,0.8,25.0,
31064,2023,Longwood Lancers,C. O'Conner,G,,,1.0,0.6,0.3,3.4,0.2,0.4,66.7,0.0,0.0,0.0,0.5,0.5,100.0,0.2,0.4,0.3,0.0,0.1,8.0,
31065,2023,Longwood Lancers,T. Hicks,F,,,1.0,0.3,0.0,1.3,0.3,0.3,100.0,0.0,0.0,0.0,0.3,0.7,50.0,0.3,0.0,0.7,0.0,0.0,3.0,
31069,2023,Louisiana Ragin Cajuns,G. Williams Jr.,G,,,12.7,3.4,1.3,29.2,4.1,8.5,47.8,1.8,4.5,39.2,2.8,4.0,70.6,0.8,2.6,1.1,0.5,1.0,34.0,
31071,2023,Louisiana Ragin Cajuns,T. Fulks,G,,,9.2,2.9,6.0,29.0,3.4,7.9,43.5,0.4,1.2,34.1,1.9,2.8,69.5,0.5,2.5,0.9,0.0,3.1,34.0,
31072,2023,Louisiana Ragin Cajuns,K. Garnett,G,,,6.5,2.1,0.8,27.4,2.1,5.0,41.4,1.6,3.9,41.7,0.7,0.9,80.6,0.2,1.9,0.9,0.1,0.7,34.0,
31073,2023,Louisiana Ragin Cajuns,J. Dalcourt,G,,,5.9,1.3,0.8,16.3,2.1,5.4,38.3,1.2,3.3,37.5,0.6,0.8,74.1,0.4,0.9,0.6,0.2,0.7,34.0,
31075,2023,Louisiana Ragin Cajuns,K. Julien,F,,,4.1,1.3,0.6,10.2,1.5,3.6,40.0,0.7,2.0,36.4,0.5,0.7,73.3,0.6,0.7,0.4,0.2,0.5,22.0,
31079,2023,Louisiana Ragin Cajuns,I. Richards,F,,,1.5,1.9,0.1,6.2,0.5,0.9,51.7,0.0,0.0,0.0,0.6,1.0,56.3,0.6,1.3,0.3,0.2,0.5,32.0,
31081,2023,Louisiana Tech Bulldogs,I. Crawford,F,,,13.7,5.3,2.7,29.7,5.1,10.2,49.5,1.1,2.5,42.0,2.5,3.4,72.7,1.3,3.9,1.9,0.7,2.6,32.0,
31082,2023,Louisiana Tech Bulldogs,K. Willis,G,,,12.4,3.5,1.5,32.0,3.8,10.1,38.0,2.5,6.7,37.6,2.2,2.8,78.0,0.4,3.0,0.8,0.2,1.6,32.0,
31083,2023,Louisiana Tech Bulldogs,D. Mangum,F,,,7.2,3.8,0.6,22.6,2.4,5.6,42.7,1.3,3.6,37.1,1.1,1.3,81.4,1.2,2.6,0.6,0.1,0.8,32.0,
31084,2023,Louisiana Tech Bulldogs,D. Green,F,,,6.5,2.8,0.2,16.5,2.3,6.7,35.0,1.2,3.3,35.0,0.7,0.8,80.0,0.5,2.3,0.2,0.0,0.7,6.0,
31085,2023,Louisiana Tech Bulldogs,K. Hunter,F,,,6.0,5.1,0.2,20.1,2.7,4.3,63.4,0.0,0.0,0.0,0.6,0.9,63.3,2.2,2.9,0.7,1.0,0.7,33.0,
31086,2023,Louisiana Tech Bulldogs,J. Crawford,G,,,5.5,2.4,3.0,23.3,2.1,6.3,33.2,0.4,1.8,23.3,0.9,1.2,73.2,0.5,1.9,1.2,0.0,2.2,33.0,
31089,2023,Louisiana Tech Bulldogs,B. Ponder,G,,,5.0,1.5,0.0,13.0,2.0,5.0,40.0,1.0,4.0,25.0,0.0,0.0,0.0,1.0,0.5,0.0,0.0,0.5,2.0,
31091,2023,Louisiana Tech Bulldogs,W. Allen,F,,,2.7,2.6,0.1,12.8,1.1,1.6,68.5,0.0,0.0,0.0,0.5,0.8,59.3,1.2,1.4,0.3,0.0,0.4,33.0,
31093,2023,Louisiana Tech Bulldogs,L. Bradford,G,,,1.0,1.1,1.4,6.9,0.5,1.2,41.7,0.0,0.3,0.0,0.0,0.0,0.0,0.3,0.8,0.4,0.0,1.6,10.0,
31094,2023,Louisville Cardinals,E. Ellis,G,,,17.7,2.6,4.4,36.0,5.9,14.4,41.0,1.8,5.8,31.9,4.0,4.9,81.0,0.3,2.3,1.0,0.1,3.8,32.0,
31096,2023,Louisville Cardinals,J. Withers,F,,,8.9,5.3,0.8,25.2,3.0,7.0,43.3,1.2,3.0,41.7,1.6,2.1,73.5,0.8,4.6,0.7,0.4,2.2,32.0,
31097,2023,Louisville Cardinals,J. Traynor,F,,,6.9,3.8,0.6,25.5,2.8,6.0,47.4,0.7,2.3,31.5,0.5,0.7,72.7,1.2,2.5,0.4,0.5,1.0,32.0,
31098,2023,Louisville Cardinals,B. Huntley-Hatfield,F,,,6.7,5.4,0.6,25.6,2.5,5.3,47.2,0.2,0.8,27.8,1.5,2.0,75.0,1.6,3.8,0.6,0.8,1.9,24.0,
31100,2023,Louisville Cardinals,S. Curry,F,,,4.9,4.3,0.3,17.6,2.0,3.8,53.3,0.0,0.0,0.0,0.9,1.7,52.7,1.5,2.8,0.3,0.3,1.2,32.0,
31101,2023,Louisville Cardinals,E. Okorafor,F,,,4.4,4.2,0.4,15.0,1.8,4.2,42.9,0.2,0.2,100.0,0.6,1.0,60.0,2.0,2.2,0.0,1.4,1.0,5.0,
31102,2023,Louisville Cardinals,H. Miller,G,,,1.8,1.1,0.4,7.3,0.5,1.8,28.6,0.2,0.9,21.7,0.6,0.8,68.2,0.4,0.7,0.1,0.0,0.4,27.0,
31104,2023,Louisville Cardinals,R. Wheeler,C,,,1.2,2.0,0.1,8.7,0.5,1.3,37.5,0.0,0.0,0.0,0.2,0.7,33.3,0.9,1.1,0.2,0.2,0.3,25.0,
31106,2023,Louisville Cardinals,Z. Payne,G,,,0.2,0.6,0.0,3.4,0.1,0.3,25.0,0.0,0.1,0.0,0.0,0.1,50.0,0.3,0.3,0.0,0.0,0.0,23.0,
31107,2023,Louisville Cardinals,A. Myles-Devore,G,,,0.0,0.0,0.0,1.2,0.0,0.5,0.0,0.0,0.2,0.0,0.0,0.0,0.0,0.0,0.0,0.0,0.0,0.0,6.0,
31108,2023,Louisville Cardinals,A. McCool,G,,,0.0,0.3,0.0,1.3,0.0,0.0,0.0,0.0,0.0,0.0,0.0,0.0,0.0,0.0,0.3,0.0,0.0,0.0,3.0,
31109,2023,Loyola Chicago Ramblers,P. Alston,F,,,14.6,5.6,1.0,27.5,5.0,10.6,46.8,0.9,2.3,40.0,3.8,5.5,69.2,1.8,3.8,0.7,1.1,2.0,31.0,
31110,2023,Loyola Chicago Ramblers,B. Norris,G,,,10.9,2.6,4.0,37.3,3.6,8.6,41.6,2.2,6.1,35.8,1.6,2.1,76.6,0.3,2.4,1.1,0.0,2.3,31.0,
31111,2023,Loyola Chicago Ramblers,B. Schwieger,F,,,9.2,3.8,2.1,29.5,3.5,7.6,45.4,1.3,3.6,34.9,1.0,1.7,60.8,0.5,3.3,0.6,0.3,2.3,30.0,
31113,2023,Loyola Chicago Ramblers,T. Welch,F,,,7.0,4.2,1.5,21.8,2.9,4.4,65.9,0.1,0.6,21.1,1.1,1.6,68.6,1.3,2.8,0.5,0.4,1.5,31.0,
31115,2023,Loyola Chicago Ramblers,S. Edwards Jr.,G,,,5.0,1.8,0.8,11.6,1.7,4.5,37.0,0.8,3.0,26.9,0.9,1.0,90.5,0.3,1.5,0.7,0.3,0.6,22.0,
31116,2023,Loyola Chicago Ramblers,J. Dawson,G,,,3.6,1.2,0.4,14.1,1.1,3.2,35.6,0.6,1.6,40.9,0.6,0.9,69.2,0.0,1.2,0.3,0.3,0.7,14.0,
31117,2023,Loyola Chicago Ramblers,J. Quinn,G,,,3.5,1.3,1.3,15.6,1.3,3.0,43.7,0.3,0.8,36.4,0.6,0.9,63.0,0.2,1.1,0.6,0.1,1.5,29.0,
31120,2023,Loyola Chicago Ramblers,J. Hutson,C,,,1.8,0.8,0.3,5.9,0.8,1.0,79.2,0.1,0.1,100.0,0.2,0.5,41.7,0.3,0.5,0.1,0.2,0.4,25.0,
31121,2023,Loyola Chicago Ramblers,W. Smythe,G,,,0.3,0.0,0.0,1.5,0.1,0.5,25.0,0.0,0.4,0.0,0.0,0.0,0.0,0.0,0.0,0.0,0.1,0.3,8.0,
31122,2023,Loyola Chicago Ramblers,C. Reese,G,,,0.0,0.0,0.0,1.5,0.0,0.5,0.0,0.0,0.0,0.0,0.0,0.0,0.0,0.0,0.0,0.0,0.0,0.2,6.0,
31125,2023,Loyola Maryland Greyhounds,D. Perry,G,,,11.4,2.1,2.0,28.0,3.6,9.6,37.4,2.2,5.4,41.8,1.9,2.1,91.3,0.3,1.8,1.5,0.1,1.5,33.0,
31126,2023,Loyola Maryland Greyhounds,J. Andrews,G,,,11.3,4.2,1.7,31.7,4.0,9.2,43.7,0.8,2.7,29.3,2.4,3.3,73.7,0.9,3.3,1.0,0.4,1.0,30.0,
31127,2023,Loyola Maryland Greyhounds,A. Faure,F,,,8.9,6.1,1.1,23.0,3.6,6.2,58.1,0.3,1.0,30.3,1.4,2.4,58.4,1.8,4.3,0.5,0.6,1.6,32.0,
31128,2023,Loyola Maryland Greyhounds,G. Dike,F,,,7.3,6.7,2.2,24.2,3.2,6.2,52.4,0.1,0.3,25.0,0.8,2.3,33.3,2.2,4.5,0.7,0.6,1.9,31.0,
31129,2023,Loyola Maryland Greyhounds,C. Kuzemka,G,,,6.5,1.3,1.1,21.8,2.2,5.0,42.8,1.4,3.5,39.1,0.8,1.0,84.4,0.3,1.0,0.8,0.0,1.1,33.0,
31130,2023,Loyola Maryland Greyhounds,V. Ilic,F,,,4.0,2.9,1.0,12.0,1.9,3.4,55.3,0.0,0.1,0.0,0.3,1.0,28.6,1.1,1.7,0.4,0.3,1.5,14.0,
31132,2023,Loyola Maryland Greyhounds,D. Brown III,G,,,3.7,1.9,0.7,14.8,1.3,3.0,43.7,0.6,1.7,34.7,0.5,0.8,68.2,0.4,1.5,0.4,0.3,0.7,29.0,
31133,2023,Loyola Maryland Greyhounds,T. Commander,G,,,3.6,1.2,0.5,13.0,1.3,3.3,40.0,0.3,1.2,24.1,0.7,1.1,59.3,0.5,0.7,0.3,0.0,0.8,24.0,
31134,2023,Loyola Maryland Greyhounds,G. Brennan,G,,,2.2,0.8,0.4,8.2,1.0,3.0,33.3,0.2,1.0,20.0,0.0,0.0,0.0,0.6,0.2,0.6,0.0,0.4,5.0,
31135,2023,Loyola Maryland Greyhounds,S. Gibbs,G,,,1.7,0.8,0.8,6.0,0.7,1.7,42.1,0.3,0.6,42.9,0.0,0.0,0.0,0.4,0.5,0.5,0.1,0.3,11.0,
31136,2023,Loyola Maryland Greyhounds,M. Redding,F,,,1.3,1.7,0.5,7.4,0.5,1.2,41.7,0.0,0.1,0.0,0.2,0.7,38.5,0.5,1.2,0.2,0.3,0.7,20.0,
31137,2023,Loyola Maryland Greyhounds,D. Gray,G,,,0.4,0.4,0.0,3.0,0.1,0.8,16.7,0.1,0.8,16.7,0.0,0.0,0.0,0.1,0.2,0.1,0.0,0.4,8.0,
31140,2023,Loyola Marymount Lions,K. Leaupepe,F,,,13.3,6.8,1.1,32.1,4.3,9.6,44.6,1.6,3.8,43.6,3.0,4.0,75.2,2.1,4.7,0.7,0.2,1.4,31.0,
31142,2023,Loyola Marymount Lions,A. Merkviladze,F,,,7.1,4.0,1.1,21.1,2.5,6.0,42.5,0.9,2.8,33.3,1.1,1.5,75.6,0.7,3.3,0.3,0.4,1.0,28.0,
31145,2023,Loyola Marymount Lions,M. Graham,F,,,4.5,5.3,0.4,15.3,2.1,2.9,71.9,0.0,0.0,0.0,0.4,0.8,45.8,1.9,3.4,0.3,0.7,0.9,31.0,
31146,2023,Loyola Marymount Lions,R. Issanza,C,,,3.6,4.2,0.3,16.0,1.5,2.5,62.3,0.0,0.0,0.0,0.5,1.2,45.5,1.5,2.7,0.2,1.0,1.2,28.0,
31148,2023,Loyola Marymount Lions,K. Marble,G,,,2.8,2.1,0.5,13.0,0.8,2.0,40.4,0.3,0.8,35.0,1.0,1.4,67.6,0.5,1.7,0.4,0.0,0.8,24.0,
31153,2023,Maine Black Bears,K. Tynes,G,,,14.3,4.6,3.8,35.1,5.7,11.2,50.9,0.4,1.3,30.0,2.5,3.8,67.3,1.0,3.5,3.3,0.5,2.4,30.0,
31154,2023,Maine Black Bears,P. Filipovity,F,,,9.2,5.7,0.6,19.8,3.3,6.9,47.1,0.3,1.4,21.1,2.4,3.0,79.3,1.8,3.9,1.0,0.2,1.3,27.0,
31155,2023,Maine Black Bears,K. Feierbergs,F,,,8.4,4.7,0.8,23.1,3.4,6.8,50.0,0.9,2.6,34.4,0.7,1.1,60.7,1.2,3.5,0.7,0.2,1.2,25.0,
31156,2023,Maine Black Bears,J. Wright-McLeish,G,,,7.8,2.3,0.9,29.9,3.0,7.3,40.9,1.3,4.3,31.3,0.5,0.7,70.0,0.4,1.9,1.3,0.2,0.7,30.0,
31157,2023,Maine Black Bears,J. Clayton,G,,,6.9,3.4,3.9,32.7,2.6,6.7,38.8,0.6,2.2,26.2,1.2,1.6,72.9,0.3,3.1,1.8,0.2,2.2,30.0,
31158,2023,Maine Black Bears,A. Turgut,F,,,4.0,2.1,1.0,16.6,1.6,3.3,47.8,0.3,1.0,33.3,0.4,0.6,70.6,0.6,1.5,0.4,0.1,1.0,27.0,
31160,2023,Maine Black Bears,L. DuHart,G,,,2.7,0.3,0.0,4.7,1.0,2.0,50.0,0.7,1.3,57.1,0.0,0.0,0.0,0.1,0.2,0.1,0.0,0.1,11.0,
31161,2023,Maine Black Bears,M. Nenadic,C,,,2.2,1.3,0.3,7.7,0.8,2.1,38.6,0.2,0.6,33.3,0.4,0.6,75.0,0.5,0.9,0.1,0.3,0.7,21.0,
31162,2023,Maine Black Bears,B. Ireland,G,,,2.1,0.6,1.0,5.1,0.9,1.8,50.0,0.1,0.6,14.3,0.2,0.5,40.0,0.1,0.5,0.4,0.0,0.3,11.0,
31163,2023,Maine Black Bears,A. Adetogun,G,,,1.5,1.7,0.4,8.5,0.5,1.5,35.0,0.1,0.6,25.0,0.3,0.4,66.7,0.4,1.3,0.3,0.1,0.2,27.0,
31164,2023,Maine Black Bears,K. Steele,F,,,1.0,1.3,0.3,5.0,0.5,1.2,42.9,0.0,0.0,0.0,0.0,0.0,0.0,1.0,0.3,0.2,0.2,0.5,6.0,
31165,2023,Maine Black Bears,A. Daguilh,G,,,0.7,0.0,0.0,2.3,0.3,0.7,50.0,0.0,0.0,0.0,0.0,0.0,0.0,0.0,0.0,0.0,0.0,0.0,3.0,
31167,2023,Manhattan Jaspers,A. Nelson,G,,,15.1,3.7,4.7,33.5,5.7,14.2,39.9,0.9,3.1,28.0,2.9,4.7,62.4,0.7,3.0,1.9,0.2,4.0,30.0,
31168,2023,Manhattan Jaspers,S. Stewart,G,,,12.3,1.4,2.8,28.8,3.7,10.3,35.9,2.6,6.8,38.0,2.2,2.9,78.3,0.3,1.0,1.2,0.0,2.6,24.0,
31170,2023,Manhattan Jaspers,E. Buchanan,G,,,11.0,5.2,1.8,24.6,3.8,9.2,41.3,1.6,3.6,44.4,1.8,2.6,69.2,1.4,3.8,0.8,0.6,3.2,5.0,
31171,2023,Manhattan Jaspers,N. Brennen,G,,,9.2,3.2,1.5,31.9,3.2,7.4,43.3,1.6,4.0,38.9,1.2,1.7,70.2,0.6,2.6,0.7,0.2,1.4,28.0,
31173,2023,Manhattan Jaspers,R. Hayun,G,,,4.0,1.1,0.4,15.6,1.2,3.4,35.0,0.8,2.5,30.3,0.8,1.1,72.7,0.1,1.0,0.8,0.1,0.7,30.0,
31174,2023,Manhattan Jaspers,L. Padgett,G,,,3.7,3.0,0.8,21.5,1.4,4.0,34.8,0.6,2.2,27.7,0.3,0.6,56.3,0.9,2.1,0.6,0.3,0.9,29.0,
31175,2023,Manhattan Jaspers,A. Cisse,F,,,3.5,4.0,0.5,15.7,1.2,2.4,47.5,0.0,0.3,12.5,1.2,1.9,60.4,1.4,2.6,0.9,0.6,0.6,25.0,
31177,2023,Manhattan Jaspers,D. Schreier,F,,,1.4,1.1,0.1,4.4,0.5,1.0,50.0,0.0,0.1,0.0,0.4,0.4,83.3,0.2,0.9,0.0,0.3,0.4,14.0,
31178,2023,Manhattan Jaspers,A. Arora,G,,,1.0,0.8,0.0,3.6,0.4,0.8,50.0,0.2,0.2,100.0,0.0,0.0,0.0,0.2,0.6,0.0,0.0,0.4,5.0,
31180,2023,Manhattan Jaspers,M. Glassman,G,,,0.5,0.4,0.1,3.9,0.2,0.4,50.0,0.1,0.2,33.3,0.1,0.1,50.0,0.1,0.3,0.0,0.0,0.2,17.0,
31181,2023,Manhattan Jaspers,D. Hackett,G,,,0.0,0.3,0.0,5.3,0.0,0.7,0.0,0.0,0.7,0.0,0.0,0.0,0.0,0.0,0.3,0.0,0.0,0.0,3.0,
31183,2023,Marist Red Foxes,N. Harris,G,,,8.7,2.2,2.0,29.8,2.8,9.0,31.6,1.9,6.5,29.9,1.1,1.4,74.5,0.1,2.1,0.8,0.0,1.4,33.0,
31184,2023,Marist Red Foxes,K. Farris,G,,,7.9,2.4,0.9,23.5,2.5,7.8,32.4,1.4,4.4,31.7,1.4,1.9,73.4,0.3,2.1,0.4,0.1,1.2,33.0,
31185,2023,Marist Red Foxes,I. Brickner,G,,,7.4,3.3,2.6,26.1,2.5,6.2,39.3,0.6,1.8,33.9,1.9,2.2,84.9,0.2,3.1,0.8,0.5,2.0,33.0,
31187,2023,Marist Red Foxes,J. Cooley,G,,,7.0,4.5,0.9,26.7,2.3,5.8,39.8,1.3,3.6,35.3,1.1,1.4,80.0,0.9,3.6,0.7,0.5,1.2,32.0,
31189,2023,Marist Red Foxes,J. Daughtry,F,,,3.7,3.4,0.7,17.1,1.3,3.5,38.3,0.4,1.4,28.3,0.7,1.4,47.8,1.1,2.3,0.7,0.3,1.0,33.0,
31190,2023,Marist Red Foxes,T. Salton,F,,,2.8,2.0,0.3,13.5,1.1,2.4,47.4,0.2,0.7,21.7,0.4,0.7,59.1,0.8,1.1,0.4,0.2,0.5,32.0,
31191,2023,Marist Red Foxes,T. Saint-Furcy,G,,,1.9,2.1,0.6,11.0,0.7,1.3,53.8,0.0,0.1,25.0,0.5,0.9,60.7,0.6,1.5,0.5,0.1,0.3,31.0,
31192,2023,Marist Red Foxes,R. Belton,C,,,1.0,0.4,0.2,4.9,0.4,0.9,48.3,0.0,0.0,0.0,0.1,0.2,66.7,0.1,0.3,0.2,0.2,0.3,32.0,
31193,2023,Marist Red Foxes,M. McCool,F,,,0.0,1.0,0.0,4.3,0.0,0.3,0.0,0.0,0.3,0.0,0.0,0.0,0.0,0.0,1.0,0.3,0.0,0.0,3.0,
31195,2023,Marist Red Foxes,M. Wall,F,,,0.0,0.0,0.0,0.7,0.0,0.7,0.0,0.0,0.7,0.0,0.0,0.0,0.0,0.0,0.0,0.0,0.0,0.0,3.0,
31197,2023,Marquette Golden Eagles,T. Kolek,G,,,12.9,4.1,7.5,32.3,4.6,9.7,47.1,1.3,3.3,39.8,2.5,3.1,80.2,0.8,3.4,1.8,0.1,2.5,36.0,
31198,2023,Marquette Golden Eagles,O. Prosper,F,,,12.5,4.7,0.7,29.0,4.2,8.1,51.2,1.1,3.2,33.9,3.1,4.2,73.5,1.7,3.0,0.9,0.1,1.4,36.0,
31199,2023,Marquette Golden Eagles,O. Ighodaro,C,,,11.4,5.9,3.3,31.0,5.2,7.8,66.0,0.0,0.0,0.0,1.1,2.1,54.1,1.9,4.1,0.9,1.5,1.6,36.0,
31200,2023,Marquette Golden Eagles,D. Joplin,F,,,9.2,3.2,0.8,19.1,3.1,7.5,42.0,1.9,4.7,39.9,1.1,1.3,81.3,0.8,2.4,0.6,0.3,1.3,36.0,
31202,2023,Marquette Golden Eagles,C. Ross,G,,,4.6,1.7,0.8,16.4,1.7,3.7,45.5,0.6,1.7,32.3,0.8,1.0,77.1,0.4,1.3,1.1,0.1,0.6,36.0,
31204,2023,Marquette Golden Eagles,B. Gold,F,,,2.7,1.0,0.2,7.9,1.0,2.3,43.4,0.4,1.4,30.0,0.2,0.4,69.2,0.5,0.5,0.3,0.5,0.4,36.0,
31211,2023,Marquette Golden Eagles,J. Ciardo,G,,,0.0,0.0,0.0,1.2,0.0,0.2,0.0,0.0,0.0,0.0,0.0,0.0,0.0,0.0,0.0,0.0,0.0,0.0,5.0,
31212,2023,Marshall Thundering Herd,T. Kinsey,G,,,22.1,4.9,5.4,37.8,8.5,15.6,54.2,0.6,1.5,40.4,4.5,6.1,74.4,1.5,3.4,1.7,0.5,2.2,32.0,
31213,2023,Marshall Thundering Herd,A. Taylor,G,,,20.2,4.7,4.7,36.5,7.9,19.0,41.7,2.6,7.1,36.4,1.8,2.2,80.0,1.2,3.5,2.1,0.0,3.0,32.0,
31214,2023,Marshall Thundering Herd,K. Curfman,G,,,11.5,2.4,3.0,35.4,3.7,9.2,39.9,3.2,8.0,40.4,0.9,1.1,77.8,0.5,1.9,1.1,0.0,1.7,32.0,
31215,2023,Marshall Thundering Herd,O. Anochili-Killen,F,,,8.7,4.8,1.0,25.4,3.3,6.8,48.9,0.2,1.6,14.0,1.8,2.8,63.3,1.4,3.4,1.0,1.4,0.9,32.0,
31217,2023,Marshall Thundering Herd,J. Conner,F,,,5.0,3.7,1.3,20.9,1.7,4.2,40.0,0.9,2.8,31.1,0.8,0.9,86.2,0.8,2.9,1.3,0.3,0.6,32.0,
31218,2023,Marshall Thundering Herd,W. Fricks,F,,,3.8,2.3,0.4,10.8,1.3,3.3,39.6,0.6,1.9,28.6,0.7,1.1,61.3,0.7,1.7,0.3,0.2,0.7,29.0,
31219,2023,Marshall Thundering Herd,D. Early,G,,,2.8,1.8,0.8,8.9,1.0,3.0,33.3,0.4,1.8,21.7,0.4,0.5,83.3,0.5,1.3,0.2,0.0,0.6,13.0,
31220,2023,Marshall Thundering Herd,G. Miladinovic,C,,,2.1,2.1,0.3,6.7,0.9,1.9,48.3,0.0,0.3,0.0,0.3,0.4,66.7,1.1,0.9,0.1,0.6,0.5,15.0,
31221,2023,Marshall Thundering Herd,A. Toussaint,G,,,1.6,1.6,0.2,5.8,0.7,1.3,55.6,0.0,0.0,0.0,0.2,1.0,21.4,0.6,0.9,0.1,0.5,0.7,14.0,
31222,2023,Marshall Thundering Herd,M. Sarenac,G,,,1.3,1.0,0.2,5.0,0.5,2.0,25.0,0.3,1.8,18.2,0.0,0.2,0.0,0.5,0.5,0.5,0.0,0.3,6.0,
31223,2023,Marshall Thundering Herd,K. Braun,G,,,1.0,0.8,0.2,4.2,0.5,1.7,30.0,0.0,0.7,0.0,0.0,0.0,0.0,0.3,0.5,0.2,0.0,0.7,6.0,
31226,2023,Maryland Terrapins,J. Reese,F,,,11.4,7.2,1.0,26.9,4.6,7.4,63.2,0.0,0.0,0.0,2.1,4.0,53.3,2.6,4.6,0.8,1.2,1.9,34.0,
31227,2023,Maryland Terrapins,H. Hart,G,,,11.4,4.1,2.6,32.8,4.0,8.3,47.9,1.2,3.5,33.3,2.2,2.8,80.4,0.7,3.4,1.2,0.2,1.4,35.0,
31230,2023,Maryland Terrapins,I. Martinez,G,,,5.7,2.5,0.6,17.8,1.9,4.3,44.7,0.7,1.8,40.3,1.1,1.4,79.6,0.6,1.9,0.4,0.3,0.9,35.0,
31232,2023,Maryland Terrapins,J. Long,G,,,2.1,0.7,1.1,9.9,0.7,1.8,40.6,0.3,0.7,40.0,0.4,0.6,61.9,0.2,0.5,0.3,0.0,0.5,35.0,
31233,2023,Maryland Terrapins,N. Batchelor,G,,,1.6,1.2,0.3,6.7,0.5,1.6,27.8,0.4,1.4,25.8,0.3,0.5,58.3,0.1,1.1,0.1,0.1,0.4,22.0,
31235,2023,Maryland Terrapins,C. Swanton-Rodger,F,,,0.8,0.9,0.0,3.8,0.3,0.5,70.0,0.0,0.0,0.0,0.1,0.4,37.5,0.4,0.4,0.0,0.1,0.2,21.0,
31236,2023,Maryland Terrapins,A. Revaz,F,,,0.0,0.4,0.0,1.9,0.0,0.1,0.0,0.0,0.0,0.0,0.0,0.0,0.0,0.1,0.3,0.0,0.0,0.0,7.0,
31237,2023,Maryland Terrapins,P. Dziuba,F,,,0.0,0.2,0.0,2.2,0.0,0.2,0.0,0.0,0.0,0.0,0.0,0.0,0.0,0.0,0.2,0.0,0.0,0.2,6.0,
31238,2023,Maryland Terrapins,B. Karkus,G,,,0.0,0.0,0.0,1.0,0.0,0.0,0.0,0.0,0.0,0.0,0.0,0.0,0.0,0.0,0.0,0.0,0.0,0.0,3.0,
31240,2023,Massachusetts Minutemen,N. Fernandes,G,,,13.4,2.5,4.1,29.5,4.4,9.1,48.0,1.7,3.8,45.2,2.9,4.5,64.0,0.3,2.3,1.3,0.0,2.2,11.0,
31241,2023,Massachusetts Minutemen,M. Cross,F,,,12.2,6.3,1.8,26.9,4.1,10.2,40.2,1.0,3.0,35.1,3.0,3.7,79.6,2.3,4.0,1.5,0.6,2.2,25.0,
31242,2023,Massachusetts Minutemen,R. Luis Jr.,G,,,11.5,4.6,1.3,22.8,4.1,9.0,45.5,0.6,1.7,34.8,2.8,3.5,78.9,1.6,3.0,1.1,0.3,2.2,27.0,
31244,2023,Massachusetts Minutemen,D. Dominguez,F,,,8.7,4.4,1.1,19.5,3.3,6.4,51.6,0.8,2.1,39.1,1.3,1.7,73.1,1.1,3.3,0.4,0.5,1.2,30.0,
31248,2023,Massachusetts Minutemen,R. Diggins,G,,,4.7,1.3,2.4,17.5,1.8,5.2,34.3,0.8,2.6,29.9,0.3,1.0,36.0,0.3,0.9,0.7,0.0,1.5,26.0,
31252,2023,Massachusetts Minutemen,J. Cronin,G,,,1.0,0.0,0.0,1.0,0.5,0.5,100.0,0.0,0.0,0.0,0.0,0.0,0.0,0.0,0.0,0.0,0.0,0.0,2.0,
31253,2023,Massachusetts Minutemen,J. Kelly,F,,,0.7,0.6,0.0,2.0,0.1,0.6,25.0,0.1,0.4,33.3,0.3,0.3,100.0,0.1,0.4,0.0,0.0,0.1,7.0,
31254,2023,Massachusetts Minutemen,R. Marcus,G,,,0.0,0.3,0.0,2.0,0.0,0.0,0.0,0.0,0.0,0.0,0.0,0.0,0.0,0.0,0.3,0.0,0.0,0.0,3.0,
31255,2023,McNeese Cowboys,C. Shumate,F,,,15.1,9.7,1.0,32.8,5.9,10.7,54.8,0.4,1.2,34.1,2.9,5.0,57.6,3.7,6.0,0.9,0.8,2.6,34.0,
31256,2023,McNeese Cowboys,Z. Scott,G,,,12.3,3.3,1.1,31.1,4.4,11.5,38.3,2.2,6.5,33.2,1.4,1.9,71.0,0.4,2.9,1.5,0.1,1.5,32.0,
31257,2023,McNeese Cowboys,T. English,G,,,10.8,1.9,3.6,29.4,4.2,10.2,40.8,1.1,3.4,31.9,1.3,2.0,67.3,0.5,1.3,1.7,0.0,2.5,28.0,
31258,2023,McNeese Cowboys,J. Massie,G,,,10.5,4.6,2.7,30.7,3.4,8.9,38.3,0.7,2.3,29.1,3.0,3.6,82.3,1.2,3.4,1.3,0.1,2.9,34.0,
31259,2023,McNeese Cowboys,H. Francois,G,,,6.8,3.6,0.6,27.1,2.4,5.9,40.1,1.9,5.1,36.0,0.2,0.3,77.8,1.1,2.6,0.6,0.2,0.7,34.0,
31262,2023,McNeese Cowboys,R. Berze,F,,,4.1,1.3,0.5,11.9,1.4,3.6,38.8,1.1,3.1,36.2,0.3,0.3,81.8,0.6,0.7,0.3,0.0,0.5,34.0,
31271,2023,Memphis Tigers,A. Lomax,G,,,6.8,3.1,3.2,27.6,2.6,5.8,44.9,0.4,1.4,30.3,1.2,1.6,78.9,0.5,2.6,2.3,0.1,1.8,24.0,
31272,2023,Memphis Tigers,M. Dandridge,F,,,5.7,3.6,0.4,14.5,2.1,3.6,57.5,0.0,0.1,0.0,1.4,1.9,76.3,0.9,2.6,0.6,1.0,1.2,20.0,
31273,2023,Memphis Tigers,J. Hardaway,G,,,5.4,1.0,0.6,17.0,2.0,4.6,43.2,0.8,2.3,33.8,0.7,0.9,80.8,0.3,0.7,0.4,0.1,0.6,29.0,
31274,2023,Memphis Tigers,C. Lawson,F,,,5.0,4.5,0.8,19.5,1.9,3.4,56.7,0.2,0.4,50.0,0.9,1.5,61.5,1.3,3.1,0.7,0.5,1.0,35.0,
31278,2023,Memphis Tigers,C. Glennon,G,,,0.0,0.0,2.0,2.0,0.0,0.0,0.0,0.0,0.0,0.0,0.0,0.0,0.0,0.0,0.0,0.0,0.0,1.0,1.0,
31279,2023,Mercer Bears,J. McCreary,F,,,15.2,5.4,0.5,24.2,6.9,12.6,54.7,0.0,0.0,0.0,1.4,2.1,65.2,2.4,3.0,0.7,0.6,1.3,33.0,
31280,2023,Mercer Bears,K. Robertson,G,,,10.6,2.7,1.5,26.3,3.4,7.8,44.0,1.5,3.9,38.4,2.3,2.8,83.7,0.6,2.0,0.9,0.2,1.6,29.0,
31281,2023,Mercer Bears,S. Walker Jr.,G,,,8.5,2.4,1.9,27.8,3.2,7.2,43.7,1.2,2.9,39.8,1.0,1.5,70.2,0.7,1.7,0.7,0.1,1.2,32.0,
31283,2023,Mercer Bears,M. Zanoni,F,,,6.2,2.0,0.5,19.8,2.2,5.7,38.3,1.1,3.2,35.6,0.7,0.9,74.2,0.2,1.8,0.3,0.0,0.4,33.0,
31284,2023,Mercer Bears,J. Glisson III,F,,,5.6,3.9,0.8,21.6,1.9,5.8,32.3,0.5,2.7,20.3,1.4,1.7,78.9,1.1,2.8,0.5,0.3,0.9,22.0,
31285,2023,Mercer Bears,J. Quinones,G,,,5.6,3.5,1.6,21.2,2.0,5.0,40.9,0.3,1.2,23.1,1.3,1.8,70.7,1.4,2.1,1.0,0.1,1.0,32.0,
31287,2023,Mercer Bears,S. Grant,C,,,5.1,3.3,0.5,13.5,2.1,3.8,54.8,0.0,0.0,0.0,0.8,1.5,57.1,1.2,2.2,0.2,0.2,1.7,19.0,
31288,2023,Mercer Bears,J. Cobb,G,,,4.8,1.0,2.0,11.8,1.8,3.0,58.3,1.2,2.0,62.5,0.0,0.0,0.0,0.0,1.0,0.3,0.0,0.0,4.0,
31290,2023,Mercer Bears,T. Grant,G,,,2.2,2.3,0.6,10.0,0.8,1.8,44.4,0.1,0.8,12.5,0.5,1.1,40.9,0.7,1.6,0.5,0.4,0.5,20.0,
31292,2023,Mercer Bears,H. Drake,SG,,,1.8,0.7,0.6,9.3,0.6,1.8,35.7,0.5,1.2,40.0,0.0,0.0,0.0,0.4,0.2,0.4,0.1,0.1,16.0,
31293,2023,Mercer Bears,J. Treanor,F,,,1.3,0.8,0.3,4.6,0.5,1.0,50.0,0.2,0.5,50.0,0.0,0.2,0.0,0.5,0.2,0.1,0.0,0.1,8.0,
31294,2023,Mercer Bears,D. Rivera,G,,,0.7,0.9,1.1,4.6,0.0,0.4,0.0,0.0,0.3,0.0,0.7,1.3,55.6,0.1,0.7,0.3,0.0,0.3,7.0,
31295,2023,Miami OH RedHawks,M. Lairy,G,,,17.3,3.3,3.9,34.6,5.7,12.2,46.5,1.8,4.9,36.9,4.1,4.4,92.2,0.7,2.6,1.2,0.1,2.7,32.0,
31297,2023,Miami OH RedHawks,A. Mirambeaux,C,,,14.3,5.7,2.6,25.4,5.4,10.1,53.7,0.2,0.9,25.0,3.2,4.2,76.7,2.0,3.7,0.5,0.9,2.7,32.0,
31298,2023,Miami OH RedHawks,R. Mabrey,G,,,8.4,1.9,1.1,27.6,3.0,8.1,37.5,1.7,5.2,32.5,0.7,0.8,87.5,0.3,1.6,0.6,0.1,1.4,32.0,
31301,2023,Miami OH RedHawks,J. Lewis,G,,,5.8,3.3,1.6,22.5,2.0,4.7,43.6,0.6,2.2,29.1,1.1,1.7,65.1,0.9,2.4,0.7,0.3,1.4,25.0,
31302,2023,Miami OH RedHawks,J. Etzler,F,,,3.0,1.0,0.0,12.0,1.0,2.0,50.0,1.0,1.0,100.0,0.0,0.0,0.0,1.0,0.0,0.0,0.0,1.0,1.0,
31303,2023,Miami OH RedHawks,E. Yofan,G,,,2.6,1.7,0.9,10.6,0.9,2.1,42.9,0.4,1.3,31.8,0.5,0.7,66.7,0.4,1.4,0.8,0.1,0.4,17.0,
31304,2023,Miami OH RedHawks,B. Tatum,G,,,2.3,1.8,0.5,11.9,0.9,2.1,41.4,0.2,0.6,37.5,0.4,0.4,90.9,0.4,1.4,0.5,0.1,0.6,28.0,
31305,2023,Miami OH RedHawks,C. Harrison IV,F,,,2.0,0.5,0.5,7.0,1.0,1.0,100.0,0.0,0.0,0.0,0.0,0.0,0.0,0.5,0.0,0.5,0.0,0.0,2.0,
31307,2023,Miami OH RedHawks,J. Morris,F,,,1.6,2.4,0.8,11.1,0.8,1.2,60.0,0.0,0.0,0.0,0.1,0.4,28.6,0.9,1.4,0.3,0.9,1.0,32.0,
31308,2023,Miami OH RedHawks,W. Stevens,G,,,1.3,0.8,0.1,4.8,0.4,1.2,30.8,0.2,0.4,50.0,0.4,0.5,66.7,0.5,0.4,0.0,0.0,0.2,11.0,
31309,2023,Miami OH RedHawks,J. Kenyon,F,,,1.0,0.8,0.2,2.8,0.4,0.8,50.0,0.0,0.0,0.0,0.2,0.5,40.0,0.2,0.6,0.1,0.0,0.5,10.0,
31310,2023,Miami Hurricanes,I. Wong,G,,,16.2,4.3,3.2,33.4,5.2,11.6,44.5,1.6,4.3,38.4,4.1,4.9,84.5,1.1,3.3,1.4,0.4,2.1,37.0,
31312,2023,Miami Hurricanes,N. Pack,G,,,13.6,2.7,2.3,31.6,4.9,11.2,44.1,2.5,6.1,40.4,1.3,1.5,88.2,0.6,2.1,1.0,0.2,1.7,35.0,
31313,2023,Miami Hurricanes,N. Omier,F,,,13.1,10.0,1.3,28.9,5.0,8.8,57.4,0.1,0.4,31.3,2.9,4.0,73.6,3.6,6.4,1.1,1.1,1.9,37.0,
31314,2023,Miami Hurricanes,W. Poplar,G,,,8.4,3.3,1.5,23.6,3.2,6.7,47.0,1.1,2.8,37.5,1.1,1.2,86.7,0.5,2.8,1.1,0.2,1.2,37.0,
31315,2023,Miami Hurricanes,B. Joseph,G,,,5.3,2.1,2.0,19.9,1.7,4.1,41.7,0.9,2.4,39.8,0.9,1.3,69.4,0.4,1.7,0.6,0.3,1.1,37.0,
31316,2023,Miami Hurricanes,H. Beverly,G,,,3.5,1.2,1.2,12.2,1.2,2.7,46.5,0.4,1.1,31.7,0.6,0.8,80.0,0.1,1.1,0.5,0.1,0.8,37.0,
31317,2023,Miami Hurricanes,A. Walker,F,,,2.8,1.2,0.3,10.1,1.2,2.8,42.3,0.1,0.6,12.5,0.4,0.6,63.6,0.4,0.9,0.3,0.2,0.4,37.0,
31318,2023,Miami Hurricanes,C. Watson,G,,,1.5,0.5,0.1,3.5,0.5,1.6,33.3,0.3,0.7,37.5,0.2,0.5,40.0,0.2,0.3,0.0,0.0,0.1,11.0,
31319,2023,Miami Hurricanes,A. Casey,F,,,0.9,1.0,0.2,6.3,0.3,0.9,33.3,0.0,0.3,10.0,0.3,0.4,66.7,0.4,0.7,0.0,0.2,0.1,29.0,
31322,2023,Miami Hurricanes,F. Gkogkos,G,,,0.0,0.0,0.0,1.5,0.0,0.5,0.0,0.0,0.5,0.0,0.0,0.0,0.0,0.0,0.0,0.0,0.0,0.0,2.0,
31324,2023,Michigan Wolverines,H. Dickinson,C,,,18.5,9.0,1.5,32.7,7.2,12.8,56.0,0.7,1.7,42.1,3.4,4.7,72.7,2.3,6.7,0.5,1.8,2.0,34.0,
31325,2023,Michigan Wolverines,J. Howard,G,,,1.2,0.9,0.1,7.8,0.4,1.1,36.4,0.2,0.6,41.2,0.2,0.4,46.2,0.2,0.6,0.1,0.1,0.3,30.0,
31326,2023,Michigan Wolverines,K. Bufkin,G,,,14.0,4.5,2.9,34.0,5.2,10.9,48.2,1.3,3.7,35.5,2.2,2.6,84.9,0.8,3.8,1.3,0.7,1.9,33.0,
31328,2023,Michigan Wolverines,J. Llewellyn,G,,,7.0,3.3,2.8,26.4,2.1,6.9,30.9,0.6,3.4,18.5,2.1,3.1,68.0,0.4,2.9,0.6,0.1,1.1,8.0,
31329,2023,Michigan Wolverines,T. Williams II,F,,,6.1,5.9,0.8,26.6,2.1,5.4,38.5,0.5,2.1,25.0,1.4,1.9,75.0,1.6,4.2,0.3,0.2,0.9,32.0,
31332,2023,Michigan Wolverines,W. Tschetter,F,,,2.3,1.4,0.4,10.8,0.9,1.8,49.0,0.2,0.7,25.0,0.4,0.6,58.8,0.5,0.9,0.0,0.1,0.6,27.0,
31334,2023,Michigan Wolverines,Y. Khayat,F,,,1.3,0.7,0.2,6.2,0.4,1.3,33.3,0.4,1.0,44.4,0.0,0.0,0.0,0.2,0.4,0.0,0.0,0.2,9.0,
31335,2023,Michigan Wolverines,I. Barnes,G,,,1.1,1.1,0.1,6.1,0.3,1.1,31.3,0.1,0.6,22.2,0.3,0.3,80.0,0.4,0.7,0.0,0.1,0.2,15.0,
31337,2023,Michigan Wolverines,I. Burns,G,,,0.0,0.0,0.0,2.7,0.0,0.3,0.0,0.0,0.3,0.0,0.0,0.0,0.0,0.0,0.0,0.0,0.0,0.0,3.0,
31338,2023,Michigan Wolverines,J. Selvala,F,,,0.0,0.3,0.0,1.8,0.0,0.2,0.0,0.0,0.0,0.0,0.0,0.0,0.0,0.0,0.2,0.0,0.0,0.5,4.0,
31339,2023,Middle Tennessee Blue Raiders,E. Lawrence,G,,,12.2,4.1,1.4,30.2,4.2,9.9,42.1,1.7,4.9,34.0,2.2,2.7,81.6,1.0,3.1,1.1,0.3,1.6,32.0,
31340,2023,Middle Tennessee Blue Raiders,C. Weston,G,,,10.6,4.6,2.8,27.9,3.7,8.2,45.0,0.7,2.3,28.9,2.6,3.3,77.3,1.3,3.2,1.2,0.1,2.6,33.0,
31341,2023,Middle Tennessee Blue Raiders,D. Dishman,F,,,10.5,5.7,2.1,27.2,4.2,8.4,50.4,0.0,0.1,50.0,2.0,3.5,57.3,2.5,3.3,1.1,0.6,2.1,33.0,
31342,2023,Middle Tennessee Blue Raiders,E. King,G,,,9.3,4.0,0.5,22.2,3.4,7.5,44.9,1.7,4.2,40.9,0.9,1.2,74.4,1.0,3.0,0.6,0.6,0.8,33.0,
31343,2023,Middle Tennessee Blue Raiders,T. Lenard Jr.,G,,,8.3,4.0,1.7,27.9,3.4,7.0,49.1,0.6,2.5,23.2,0.9,1.7,54.5,1.3,2.7,1.6,1.8,1.8,33.0,
31344,2023,Middle Tennessee Blue Raiders,J. Porter,G,,,5.9,1.4,0.7,15.4,2.2,5.1,42.3,0.6,1.9,32.8,1.0,1.3,74.4,0.4,1.0,0.3,0.1,1.3,33.0,
31345,2023,Middle Tennessee Blue Raiders,J. Bufford,G,,,5.1,2.3,0.6,22.4,1.7,4.0,41.9,0.9,2.2,40.0,0.8,1.1,69.7,0.7,1.6,1.0,1.0,0.6,29.0,
31346,2023,Middle Tennessee Blue Raiders,T. Millin,F,,,4.0,1.9,0.4,15.1,1.6,3.9,40.2,0.5,1.9,27.6,0.3,0.8,41.7,0.7,1.3,0.5,0.2,0.7,30.0,
31347,2023,Middle Tennessee Blue Raiders,J. Coleman-Jones,F,,,3.7,2.5,0.4,11.5,1.6,3.1,52.6,0.1,0.1,50.0,0.4,0.6,66.7,0.8,1.7,0.2,0.2,1.1,31.0,
31349,2023,Middle Tennessee Blue Raiders,C. Fussell,F,,,1.6,0.4,0.5,6.1,0.6,1.2,47.1,0.3,0.6,50.0,0.1,0.3,50.0,0.1,0.3,0.1,0.1,0.4,14.0,
31350,2023,Middle Tennessee Blue Raiders,I. Lightsy,G,,,1.2,0.2,0.0,1.4,0.4,0.8,50.0,0.4,0.8,50.0,0.0,0.0,0.0,0.0,0.2,0.0,0.0,0.0,5.0,
31351,2023,Middle Tennessee Blue Raiders,T. Green,G,,,0.8,0.8,0.1,3.8,0.1,0.6,20.0,0.0,0.4,0.0,0.5,0.6,80.0,0.4,0.4,0.0,0.0,0.1,8.0,
31352,2023,Middle Tennessee Blue Raiders,J. Jubenville,G,,,0.0,0.2,0.4,1.6,0.0,0.8,0.0,0.0,0.0,0.0,0.0,0.4,0.0,0.0,0.2,0.0,0.0,0.2,5.0,
31353,2023,Milwaukee Panthers,B. Freeman,G,,,18.2,5.1,2.9,30.6,5.8,14.4,40.6,2.3,6.9,33.6,4.2,5.0,83.1,1.0,4.1,0.8,0.3,3.2,32.0,
31354,2023,Milwaukee Panthers,K. Pullian,G,,,10.6,4.4,1.7,26.0,3.5,8.2,43.2,1.8,4.5,39.2,1.8,2.2,80.3,1.6,2.8,1.0,0.2,1.6,34.0,
31356,2023,Milwaukee Panthers,E. Jamison,G,,,7.6,2.7,1.6,20.6,2.6,5.6,46.3,0.9,2.1,43.1,1.5,2.2,66.7,0.5,2.2,0.6,0.0,1.6,34.0,
31358,2023,Milwaukee Panthers,A. Stuart,G,,,4.2,1.1,0.4,13.2,1.3,3.7,35.3,0.8,2.8,28.4,0.7,0.9,82.1,0.2,0.9,0.3,0.0,0.6,31.0,
31360,2023,Milwaukee Panthers,Z. Howell,G,,,2.7,0.9,0.2,8.7,0.8,2.9,28.2,0.4,2.1,21.7,0.6,0.7,76.2,0.2,0.7,0.5,0.0,0.4,29.0,
31361,2023,Milwaukee Panthers,V. Baker Jr.,F,,,2.0,1.4,0.2,7.3,0.9,1.7,53.3,0.0,0.1,0.0,0.3,0.6,43.8,0.4,0.9,0.3,0.3,0.5,27.0,
31362,2023,Milwaukee Panthers,V. Polovic,F,,,1.3,0.7,0.7,2.7,0.7,0.7,100.0,0.0,0.0,0.0,0.0,0.0,0.0,0.0,0.7,0.3,0.3,0.0,3.0,
31365,2023,Milwaukee Panthers,D. Ham,G,,,0.7,1.4,0.3,3.2,0.2,0.6,28.6,0.0,0.3,0.0,0.4,0.4,100.0,0.5,0.8,0.3,0.0,0.0,11.0,
31366,2023,Minnesota Golden Gophers,D. Garcia,F,,,15.3,6.7,2.2,31.8,5.7,12.5,45.7,1.2,3.3,34.5,2.7,3.8,71.4,1.4,5.2,0.7,0.7,1.8,26.0,
31370,2023,Minnesota Golden Gophers,J. Ola-Joseph,F,,,7.4,2.7,0.4,22.1,3.1,5.7,54.5,0.3,0.7,38.1,0.9,1.6,57.1,1.0,1.7,0.4,0.4,1.4,31.0,
31371,2023,Minnesota Golden Gophers,B. Carrington,G,,,5.9,3.6,0.8,20.0,1.7,5.1,32.7,1.3,3.8,33.3,1.3,1.8,71.8,0.8,2.8,0.5,0.2,0.8,22.0,
31374,2023,Minnesota Golden Gophers,W. Ramberg,G,,,2.1,3.1,0.3,12.6,1.0,1.4,69.6,0.0,0.2,0.0,0.1,0.5,25.0,0.8,2.2,0.2,0.1,0.3,16.0,
31376,2023,Minnesota Golden Gophers,J. Purcell,G,,,0.0,0.0,0.0,3.0,0.0,0.0,0.0,0.0,0.0,0.0,0.0,0.0,0.0,0.0,0.0,0.0,0.0,0.0,1.0,
31381,2023,Mississippi State Bulldogs,C. Matthews,F,,,6.9,5.6,2.3,26.8,2.4,5.0,48.5,0.1,1.0,15.2,1.9,2.7,69.6,2.1,3.5,1.5,0.6,1.7,34.0,
31385,2023,Mississippi State Bulldogs,K. Murphy,F,,,3.3,1.7,0.8,10.2,1.2,2.9,41.8,0.5,1.7,28.1,0.4,0.6,63.6,0.6,1.1,0.5,0.5,0.6,19.0,
31386,2023,Mississippi State Bulldogs,S. Jones Jr.,G,,,3.2,1.6,0.4,12.1,1.2,3.1,37.3,0.5,2.1,26.0,0.3,0.5,61.5,0.8,0.9,0.6,0.4,0.7,24.0,
31388,2023,Mississippi State Bulldogs,M. Russell,G,,,1.7,0.6,0.1,6.6,0.7,2.3,30.4,0.2,1.2,16.7,0.1,0.1,100.0,0.4,0.2,0.4,0.1,0.4,10.0,
31389,2023,Mississippi State Bulldogs,J. Horton Jr.,G,,,1.4,1.0,1.4,12.3,0.5,2.1,24.1,0.3,1.1,26.7,0.1,0.4,40.0,0.1,0.9,0.4,0.1,0.9,14.0,
31390,2023,Mississippi State Bulldogs,J. Rumph,G,,,0.8,0.1,0.0,1.0,0.2,0.2,100.0,0.2,0.2,100.0,0.0,0.0,0.0,0.0,0.1,0.0,0.0,0.0,8.0,
31391,2023,Mississippi State Bulldogs,I. Stansbury,G,,,0.0,0.0,0.1,1.3,0.0,0.0,0.0,0.0,0.0,0.0,0.0,0.1,0.0,0.0,0.0,0.0,0.0,0.1,8.0,
31392,2023,Mississippi Valley State Delta Devils,T. Collins,G,,,15.2,4.5,2.0,34.7,4.8,13.9,34.4,2.5,7.3,34.3,3.1,3.9,79.4,0.7,3.9,1.7,0.3,3.0,32.0,
31395,2023,Mississippi Valley State Delta Devils,A. Stredic,F,,,7.0,3.3,1.1,27.4,2.9,6.2,46.2,0.0,0.0,0.0,1.3,3.0,42.7,0.9,2.3,0.8,0.1,2.5,32.0,
31396,2023,Mississippi Valley State Delta Devils,K. Waller,G,,,6.8,1.8,1.6,17.1,1.9,4.5,42.1,0.5,1.4,36.4,2.5,3.1,81.0,0.3,1.5,0.8,0.0,1.7,32.0,
31399,2023,Mississippi Valley State Delta Devils,A. Gipson,G,,,4.4,3.4,0.7,22.0,1.6,5.3,31.1,0.1,0.3,25.0,1.1,2.2,48.4,1.2,2.2,0.7,0.1,1.8,14.0,
31400,2023,Mississippi Valley State Delta Devils,E. Minton,G,,,2.5,2.5,0.5,14.5,1.1,2.1,51.5,0.1,0.3,25.0,0.3,0.6,42.1,0.8,1.7,0.4,0.2,0.7,31.0,
31402,2023,Mississippi Valley State Delta Devils,W. Hamilton,F,,,1.5,2.2,0.0,9.6,0.6,1.8,33.3,0.1,0.1,100.0,0.2,0.5,42.9,0.6,1.6,0.4,0.1,0.6,13.0,
31404,2023,Mississippi Valley State Delta Devils,D. Umoh,C,,,0.5,1.1,0.1,5.3,0.2,0.8,28.6,0.0,0.0,0.0,0.0,0.2,0.0,0.5,0.5,0.1,0.2,0.4,26.0,
31405,2023,Mississippi Valley State Delta Devils,Q. Waldon,F,,,0.4,0.5,0.2,3.7,0.2,0.3,50.0,0.0,0.0,0.0,0.1,0.3,40.0,0.3,0.3,0.1,0.1,0.2,19.0,
31406,2023,Mississippi Valley State Delta Devils,R. Williams,C,,,0.4,0.3,0.1,3.9,0.1,0.4,12.5,0.0,0.0,0.0,0.3,0.5,55.6,0.1,0.2,0.1,0.2,0.3,19.0,
31407,2023,Mississippi Valley State Delta Devils,G. Ivory III,G,,,0.2,0.5,0.4,4.9,0.1,0.3,22.2,0.0,0.2,0.0,0.1,0.2,33.3,0.1,0.4,0.1,0.0,0.4,30.0,
31409,2023,Missouri State Bears,D. Clay,G,,,11.9,5.5,3.6,32.0,4.6,9.9,46.8,0.6,2.0,30.0,2.1,3.1,67.4,1.8,3.7,0.7,1.0,2.8,30.0,
31411,2023,Missouri State Bears,A. Mason,G,,,9.9,2.3,2.8,27.0,3.5,8.8,39.1,1.3,4.1,30.5,1.8,2.0,88.7,0.4,1.9,0.6,0.0,2.0,31.0,
31415,2023,Missouri State Bears,M. Lee,G,,,5.0,2.5,4.0,19.0,2.0,6.5,30.8,0.5,2.5,20.0,0.5,1.0,50.0,0.5,2.0,0.5,0.5,2.0,2.0,
31417,2023,Missouri State Bears,D. Carper,F,,,4.6,2.7,0.3,13.7,1.9,3.3,56.5,0.0,0.0,0.0,0.9,2.1,40.0,1.0,1.7,0.1,0.6,1.0,7.0,
31418,2023,Missouri State Bears,D. Mayo Jr.,G,,,4.5,2.7,1.0,20.7,1.9,4.3,43.6,0.3,1.3,20.0,0.5,1.0,46.7,0.9,1.8,0.5,0.5,1.0,31.0,
31421,2023,Missouri State Bears,R. Ayres,G,,,1.4,0.8,0.1,8.4,0.4,1.1,38.5,0.3,0.9,33.3,0.3,0.3,87.5,0.1,0.7,0.3,0.0,0.4,24.0,
31425,2023,Missouri Tigers,N. Carter,F,,,9.6,4.0,1.8,21.9,3.5,7.1,49.4,1.1,3.5,32.2,1.4,2.0,72.1,1.3,2.7,0.5,0.4,1.2,34.0,
31426,2023,Missouri Tigers,N. Honor,G,,,7.9,1.6,2.9,29.9,2.5,6.2,40.3,1.6,3.9,39.9,1.4,1.6,87.5,0.4,1.2,1.5,0.0,0.9,35.0,
31427,2023,Missouri Tigers,S. East II,G,,,7.3,2.1,2.5,23.4,2.7,6.1,44.4,0.4,1.9,22.1,1.5,1.7,83.6,0.4,1.6,1.3,0.1,1.5,35.0,
31430,2023,Missouri Tigers,A. Shaw,G,,,2.7,1.7,0.1,10.6,1.1,2.0,56.3,0.2,0.7,28.6,0.2,0.4,58.3,0.6,1.1,0.3,0.3,0.3,32.0,
31431,2023,Missouri Tigers,R. DeGray III,F,,,2.1,1.8,0.2,9.8,0.7,1.6,42.9,0.2,0.6,27.3,0.5,0.6,80.0,0.9,0.9,0.5,0.4,0.2,17.0,
31433,2023,Missouri Tigers,M. Majak,C,,,0.1,0.4,0.0,2.6,0.0,0.1,0.0,0.0,0.0,0.0,0.1,0.2,50.0,0.2,0.1,0.0,0.1,0.3,8.0,
31434,2023,Missouri Tigers,J. Francois,G,,,0.0,0.0,0.0,0.8,0.0,0.2,0.0,0.0,0.1,0.0,0.0,0.1,0.0,0.0,0.0,0.1,0.0,0.0,8.0,
31436,2023,Monmouth Hawks,J. Collins,G,,,10.5,4.1,1.6,31.2,3.5,10.0,35.3,1.9,6.3,29.7,1.5,2.2,71.8,1.3,2.8,1.9,0.5,1.8,33.0,
31437,2023,Monmouth Hawks,K. Vuga,F,,,9.5,5.3,0.7,25.6,3.8,8.0,47.1,0.1,0.6,22.2,1.8,2.6,72.0,2.2,3.1,1.0,0.8,1.5,32.0,
31438,2023,Monmouth Hawks,M. Ruth,G,,,6.2,1.9,2.2,20.5,1.9,5.2,36.8,0.3,1.2,28.2,2.1,2.7,77.3,0.4,1.5,1.0,0.1,2.2,33.0,
31439,2023,Monmouth Hawks,J. Spence,G,,,4.1,2.2,3.5,22.5,1.2,3.6,34.5,0.2,0.5,46.7,1.4,1.8,77.0,0.4,1.7,1.5,0.1,1.7,33.0,
31440,2023,Monmouth Hawks,A. Ball,G,,,4.0,1.7,0.5,13.2,1.5,4.1,36.2,0.5,1.6,31.4,0.5,0.7,68.2,0.2,1.5,0.3,0.3,0.8,31.0,
31441,2023,Monmouth Hawks,J. Holmstrom,G,,,2.9,1.7,0.4,16.9,1.0,2.9,33.7,0.7,2.3,32.0,0.3,0.4,75.0,0.2,1.5,0.2,0.1,0.4,33.0,
31442,2023,Monmouth Hawks,J. Vaughan,F,,,2.6,2.8,0.9,13.5,1.1,3.0,37.8,0.2,1.0,20.0,0.1,0.2,66.7,0.9,1.9,0.1,0.2,0.5,15.0,
31443,2023,Monmouth Hawks,A. Sandhu,C,,,2.0,1.9,0.1,9.4,0.6,2.0,30.5,0.1,0.5,14.3,0.7,1.1,63.6,0.3,1.6,0.1,0.1,1.5,29.0,
31444,2023,Monmouth Hawks,J. Doyle,G,,,2.0,1.1,0.1,8.8,0.8,1.8,46.8,0.1,0.3,25.0,0.2,0.5,35.7,0.3,0.8,0.5,0.2,0.5,26.0,
31445,2023,Montana State Bobcats,R. Battle,G,,,17.7,2.9,0.9,29.7,6.4,13.6,46.9,1.5,4.3,35.3,3.4,4.1,83.3,0.6,2.3,0.8,0.5,1.5,35.0,
31446,2023,Montana State Bobcats,J. Belo,F,,,12.8,6.0,1.0,24.5,4.3,7.3,58.2,0.0,0.0,0.0,4.3,5.9,72.7,2.1,3.9,0.7,0.9,2.3,35.0,
31447,2023,Montana State Bobcats,G. Osobor,F,,,10.1,4.6,1.0,18.9,3.6,5.7,62.4,0.0,0.1,50.0,2.9,4.4,66.4,1.4,3.1,0.6,0.9,2.1,34.0,
31451,2023,Montana State Bobcats,P. McMahon,G,,,4.5,2.0,0.5,16.9,1.9,3.7,50.0,0.4,0.8,50.0,0.3,1.0,33.3,0.5,1.5,0.4,0.2,0.5,15.0,
31452,2023,Montana State Bobcats,R. Ford III,G,,,4.4,3.2,1.8,20.8,1.2,4.2,28.6,0.6,2.4,26.2,1.4,1.8,76.6,0.8,2.4,0.9,0.1,1.3,35.0,
31453,2023,Montana State Bobcats,S. Lecholat,F,,,3.3,2.2,0.5,11.6,0.9,1.9,48.5,0.3,0.9,35.5,1.1,1.7,65.6,0.7,1.5,0.2,0.2,0.5,35.0,
31456,2023,Montana State Bobcats,N. Gazelas,G,,,1.6,0.5,0.4,9.6,0.5,1.8,25.9,0.2,1.1,21.9,0.4,0.5,75.0,0.0,0.5,0.2,0.0,0.4,30.0,
31457,2023,Montana State Bobcats,C. Ash,G,,,1.5,0.7,0.3,3.2,0.5,1.2,42.9,0.3,0.8,40.0,0.2,0.3,50.0,0.0,0.7,0.0,0.0,0.0,6.0,
31461,2023,Morehead State Eagles,D. Thelwell,G,,,11.1,4.3,2.8,32.2,3.9,8.4,46.3,1.5,3.9,38.1,1.8,2.4,73.2,0.3,4.0,0.8,0.3,1.6,34.0,
31462,2023,Morehead State Eagles,J. Wolfe,G,,,9.1,3.2,2.5,31.4,2.9,7.2,40.4,1.1,3.1,36.2,2.1,3.3,65.8,0.7,2.4,0.6,0.3,2.0,34.0,
31464,2023,Morehead State Eagles,K. Thomas,G,,,7.8,4.9,0.9,26.4,2.6,6.8,38.6,1.9,5.2,37.4,0.7,0.9,73.3,0.9,4.0,0.8,0.2,0.7,33.0,
31466,2023,Morehead State Eagles,L. Bryan,F,,,3.9,3.4,0.4,14.6,1.5,2.7,54.8,0.0,0.0,0.0,0.9,1.6,59.3,1.6,1.8,0.3,0.3,0.9,34.0,
31467,2023,Morehead State Eagles,T. Redding,G,,,2.8,1.1,0.8,9.9,0.9,3.6,25.5,0.2,1.7,13.6,0.7,0.8,90.0,0.4,0.7,0.5,0.0,0.6,13.0,
31468,2023,Morehead State Eagles,T. Scott,G,,,2.4,1.9,0.8,11.9,0.7,2.0,35.4,0.2,0.6,33.3,0.8,1.3,62.8,0.4,1.5,0.3,0.2,0.6,33.0,
31472,2023,Morgan State Bears,I. Burke,G,,,18.7,2.3,2.8,34.5,6.5,14.3,45.1,3.0,7.1,42.0,2.8,3.9,71.9,0.8,1.5,1.5,0.3,2.8,31.0,
31475,2023,Morgan State Bears,W. Thomas,F,,,8.9,3.9,1.3,21.2,3.6,8.3,43.4,0.6,1.6,34.0,1.1,1.4,78.6,1.0,3.0,0.7,0.2,1.3,29.0,
31476,2023,Morgan State Bears,K. Hobbs,G,,,8.4,2.8,2.7,28.1,3.0,6.7,44.7,1.5,3.2,45.0,0.9,1.2,80.6,0.9,1.9,1.4,0.1,1.9,31.0,
31480,2023,Morgan State Bears,R. Lawson,G,,,5.3,1.8,1.8,19.3,1.9,4.7,39.4,0.3,1.3,24.3,1.2,1.8,70.6,0.5,1.3,0.9,0.0,1.5,29.0,
31482,2023,Morgan State Bears,T. Horner,F,,,2.6,1.9,0.7,11.9,1.1,3.0,35.9,0.3,1.5,21.1,0.1,0.2,60.0,0.5,1.4,0.4,0.4,0.4,26.0,
31483,2023,Morgan State Bears,C. Nnamene,F,,,2.2,3.0,0.5,12.6,0.7,1.7,44.0,0.0,0.0,0.0,0.7,1.4,51.2,1.1,1.8,0.4,1.4,1.2,30.0,
31484,2023,Morgan State Bears,K. Wiggins,G,,,1.8,0.7,0.3,6.3,0.7,2.0,35.3,0.1,0.5,12.5,0.4,0.4,85.7,0.2,0.5,0.2,0.0,0.5,17.0,
31485,2023,Mount St Marys Mountaineers,J. Benjamin,G,,,16.0,2.8,3.8,31.4,5.5,13.2,41.8,1.6,4.3,36.8,3.4,4.3,79.1,0.5,2.3,0.6,0.1,2.8,31.0,
31486,2023,Mount St Marys Mountaineers,D. Leffew,G,,,13.1,2.7,1.7,33.5,4.8,11.6,41.0,2.4,6.2,38.0,1.2,1.6,75.5,0.1,2.7,1.3,0.4,2.7,31.0,
31487,2023,Mount St Marys Mountaineers,M. Jefferson,F,,,8.3,7.3,1.1,23.3,3.6,7.1,50.6,0.0,0.0,0.0,1.2,2.1,56.0,2.2,5.1,0.6,0.7,1.4,24.0,
31489,2023,Mount St Marys Mountaineers,G. Tinsley,F,,,7.1,6.0,1.3,32.3,2.7,6.6,41.3,0.7,2.5,28.9,0.9,1.3,69.8,2.5,3.5,0.8,0.5,1.3,33.0,
31490,2023,Mount St Marys Mountaineers,J. Cordilia,F,,,6.7,3.8,0.5,17.8,2.8,4.8,58.2,0.0,0.2,16.7,1.1,1.2,87.5,1.2,2.6,0.3,0.4,1.0,32.0,
31491,2023,Mount St Marys Mountaineers,J. Reaves,G,,,5.3,1.3,1.0,15.7,2.0,5.3,37.5,1.3,3.7,36.4,0.0,1.0,0.0,0.7,0.7,0.0,0.0,1.0,3.0,
31492,2023,Mount St Marys Mountaineers,X. Lipscomb,G,,,4.0,2.6,1.3,18.8,1.3,3.1,41.0,0.6,1.2,46.2,0.9,1.0,84.8,0.1,2.4,0.8,0.1,1.1,32.0,
31494,2023,Mount St Marys Mountaineers,F. Barton,F,,,2.3,3.0,0.5,15.1,0.9,2.5,35.4,0.0,0.1,0.0,0.5,1.0,50.0,1.0,2.1,0.1,0.4,0.6,31.0,
31495,2023,Mount St Marys Mountaineers,D. Adebayo,F,,,1.8,0.9,0.0,5.7,0.6,1.5,42.5,0.1,0.4,36.4,0.4,0.6,68.8,0.4,0.5,0.1,0.3,0.4,27.0,
31497,2023,Mount St Marys Mountaineers,W. Moore,G,,,0.0,0.0,0.0,1.0,0.0,0.6,0.0,0.0,0.6,0.0,0.0,0.0,0.0,0.0,0.0,0.0,0.0,0.0,5.0,
31503,2023,Murray State Racers,D. Burns,F,,,8.7,6.6,1.5,25.1,3.3,5.8,56.8,0.0,0.0,0.0,2.1,2.7,77.0,2.8,3.8,0.5,0.3,1.2,32.0,
31504,2023,Murray State Racers,B. Moore Jr.,G,,,8.2,1.7,1.5,23.5,2.8,6.1,45.8,0.4,1.0,37.5,2.2,2.7,82.1,0.5,1.3,0.7,0.2,1.3,31.0,
31506,2023,Murray State Racers,Q. Anderson,G,,,7.0,3.0,0.7,18.7,2.2,5.2,43.6,1.0,2.5,39.2,1.5,2.0,76.2,0.5,2.5,0.6,0.1,0.8,32.0,
31508,2023,Murray State Racers,S. Murray,F,,,1.7,1.9,0.3,6.4,0.8,2.1,35.7,0.0,0.1,0.0,0.1,0.5,30.0,0.6,1.3,0.1,0.5,0.4,20.0,
31509,2023,Murray State Racers,R. Thomas,G,,,1.0,0.2,0.0,2.2,0.2,0.4,50.0,0.2,0.4,50.0,0.4,0.4,100.0,0.0,0.2,0.0,0.0,0.8,5.0,
31515,2023,NC State Wolfpack,D. Burns,F,,,12.5,4.8,1.5,22.9,5.5,9.9,56.1,0.0,0.0,0.0,1.4,2.3,61.5,1.8,3.0,0.7,0.9,1.9,34.0,
31516,2023,NC State Wolfpack,C. Morsell,G,,,11.8,4.4,0.9,35.1,4.1,8.9,46.7,2.3,5.6,41.1,1.2,1.5,78.8,1.4,3.0,1.1,0.6,0.7,34.0,
31519,2023,NC State Wolfpack,E. Ross,F,,,3.5,2.5,0.3,11.4,1.3,2.6,50.0,0.1,0.6,20.0,0.8,1.3,59.1,0.9,1.6,0.4,0.8,0.6,34.0,
31520,2023,NC State Wolfpack,L. Thomas,G,,,2.4,2.1,0.5,9.3,0.9,1.9,48.3,0.3,0.6,47.4,0.3,0.4,66.7,0.6,1.4,0.5,0.1,0.4,30.0,
31523,2023,NC State Wolfpack,B. Pass,G,,,1.5,0.8,0.3,7.6,0.6,1.5,37.0,0.2,0.7,23.8,0.2,0.2,100.0,0.2,0.7,0.4,0.0,0.5,30.0,
31524,2023,NC State Wolfpack,J. Snell,G,,,0.4,0.2,0.0,1.5,0.1,0.3,33.3,0.1,0.1,100.0,0.1,0.2,50.0,0.1,0.1,0.0,0.1,0.1,10.0,
31525,2023,NC State Wolfpack,C. Graham,G,,,0.3,0.3,0.0,1.5,0.1,0.6,14.3,0.1,0.6,14.3,0.0,0.0,0.0,0.0,0.3,0.2,0.1,0.3,11.0,
31526,2023,NC State Wolfpack,K. Keatts,G,,,0.0,0.1,0.0,1.4,0.0,0.2,0.0,0.0,0.1,0.0,0.0,0.0,0.0,0.0,0.1,0.0,0.0,0.3,9.0,
31527,2023,NJIT Highlanders,M. Coleman,F,,,14.5,4.1,2.2,29.6,4.8,11.8,40.3,1.8,4.9,37.3,3.2,4.4,72.0,0.5,3.5,0.9,0.1,2.6,17.0,
31529,2023,NJIT Highlanders,A. Hess,G,,,10.7,2.2,0.8,27.9,3.7,8.0,45.9,2.0,4.7,43.4,1.4,1.8,78.4,0.3,1.9,0.7,0.2,1.0,29.0,
31531,2023,NJIT Highlanders,M. Gray,G,,,6.9,3.2,1.9,27.9,2.7,6.3,43.4,0.5,1.6,31.9,1.0,1.4,69.0,0.9,2.3,1.1,0.6,1.7,30.0,
31532,2023,NJIT Highlanders,K. de Graaf,F,,,5.9,2.5,0.7,17.8,1.9,4.4,43.5,0.8,2.3,35.3,1.3,2.1,62.9,0.6,1.9,0.4,0.5,0.5,30.0,
31533,2023,NJIT Highlanders,S. Diakite,F,,,5.9,4.5,1.4,21.7,2.6,5.4,48.0,0.0,0.0,0.0,0.7,1.5,44.2,1.5,3.0,0.6,0.6,1.1,28.0,
31535,2023,NJIT Highlanders,D. Faison,F,,,3.5,2.8,0.5,13.3,1.3,2.1,61.7,0.1,0.3,33.3,0.7,1.2,61.5,0.7,2.1,0.2,0.5,0.5,22.0,
31537,2023,NJIT Highlanders,K. Mason,F,,,2.8,1.0,0.2,7.4,1.1,2.8,39.3,0.0,0.3,0.0,0.6,1.0,60.0,0.5,0.5,0.1,0.0,0.3,10.0,
31538,2023,NJIT Highlanders,E. Nankin,F,,,0.3,0.5,0.0,2.8,0.1,0.2,50.0,0.1,0.2,50.0,0.0,0.0,0.0,0.2,0.4,0.1,0.0,0.1,11.0,
31539,2023,Navy Midshipmen,D. Deaver,F,,,13.6,6.9,2.9,27.7,5.7,10.8,53.0,0.4,1.1,39.4,1.7,2.6,65.4,2.5,4.4,0.9,0.5,2.3,31.0,
31540,2023,Navy Midshipmen,T. Nelson,F,,,12.4,5.9,1.7,30.4,4.7,10.6,44.5,1.8,4.9,36.2,1.2,1.6,70.6,1.4,4.5,1.1,1.0,0.9,31.0,
31541,2023,Navy Midshipmen,S. Yoder,G,,,10.6,5.1,2.6,29.3,3.7,8.3,44.6,1.5,3.6,40.7,1.7,2.3,74.3,1.0,4.1,0.8,0.3,2.1,30.0,
31543,2023,Navy Midshipmen,P. Dorsey,G,,,6.9,2.9,1.2,22.9,2.4,5.9,40.7,1.3,3.7,36.0,0.8,1.1,72.7,0.6,2.3,1.0,0.2,0.5,31.0,
31544,2023,Navy Midshipmen,A. Inge,G,,,6.0,1.5,2.3,22.8,2.1,5.1,40.9,0.4,1.6,26.5,1.4,1.8,74.5,0.3,1.2,0.8,0.1,1.2,30.0,
31545,2023,Navy Midshipmen,A. Benigni,G,,,4.7,1.9,2.2,18.5,1.5,4.1,37.8,0.2,1.0,20.0,1.5,1.7,84.9,0.4,1.5,0.7,0.1,1.2,31.0,
31546,2023,Navy Midshipmen,M. MacDonald,G,,,3.8,0.9,0.8,9.7,1.2,2.6,46.0,1.1,2.0,52.6,0.3,0.3,100.0,0.3,0.6,0.1,0.0,0.6,19.0,
31547,2023,Navy Midshipmen,N. Allison,F,,,2.8,2.2,0.4,11.2,1.2,2.5,48.3,0.0,0.0,0.0,0.3,0.8,44.4,0.7,1.5,0.2,0.2,0.6,23.0,
31548,2023,Navy Midshipmen,K. Summers,G,,,2.4,1.5,0.3,9.1,0.9,1.9,50.0,0.4,1.1,41.2,0.1,0.2,50.0,0.4,1.1,0.3,0.0,0.6,16.0,
31549,2023,Navy Midshipmen,L. Rehnstrom,G,,,2.3,0.1,0.3,2.6,0.9,1.3,66.7,0.6,1.0,57.1,0.0,0.0,0.0,0.0,0.1,0.1,0.1,0.0,7.0,
31550,2023,Navy Midshipmen,M. Woods,F,,,1.8,1.6,0.2,8.4,0.9,1.6,55.2,0.0,0.3,0.0,0.1,0.3,16.7,1.2,0.4,0.3,0.1,0.4,18.0,
31552,2023,Navy Midshipmen,A. Kehoe,C,,,0.8,0.9,0.3,4.8,0.4,0.6,71.4,0.0,0.0,0.0,0.0,0.0,0.0,0.2,0.7,0.2,0.3,0.6,12.0,
31553,2023,Navy Midshipmen,M. Fischer,F,,,0.6,1.3,0.4,5.0,0.3,1.4,20.0,0.0,0.7,0.0,0.0,0.1,0.0,0.7,0.6,0.0,0.1,0.3,7.0,
31554,2023,Navy Midshipmen,T. Atkinson,F,,,0.5,1.3,0.0,6.3,0.2,1.3,12.5,0.0,0.0,0.0,0.2,0.3,50.0,0.8,0.5,0.2,0.2,0.3,6.0,
31557,2023,Nebraska Cornhuskers,D. Walker,F,,,13.6,7.1,3.9,30.7,6.1,10.4,58.4,0.0,0.1,50.0,1.4,2.7,52.1,2.0,5.1,0.7,0.7,3.6,27.0,
31558,2023,Nebraska Cornhuskers,K. Tominaga,G,,,13.1,1.6,0.7,25.1,4.8,9.6,50.3,2.1,5.2,40.0,1.4,1.7,86.8,0.3,1.3,0.6,0.1,0.8,32.0,
31560,2023,Nebraska Cornhuskers,J. Gary,F,,,9.5,6.5,0.8,29.5,3.8,8.6,43.5,0.9,3.4,26.3,1.1,1.7,62.1,2.1,4.4,1.4,0.5,0.9,17.0,
31562,2023,Nebraska Cornhuskers,C. Wilcher,G,,,8.0,2.4,1.4,27.2,3.0,7.4,39.9,1.3,4.2,31.3,0.7,1.1,63.9,0.5,1.9,0.6,0.2,1.5,32.0,
31564,2023,Nebraska Cornhuskers,S. Hoiberg,G,,,4.1,1.8,0.3,12.7,1.3,2.3,55.1,0.4,1.0,40.9,1.1,1.3,82.1,0.4,1.4,0.6,0.0,0.4,21.0,
31565,2023,Nebraska Cornhuskers,W. Breidenbach,F,,,3.6,2.7,0.5,12.9,1.5,3.8,38.5,0.3,1.5,23.4,0.3,0.6,61.1,0.8,1.9,0.2,0.3,0.8,32.0,
31569,2023,Nebraska Cornhuskers,J. Grace III,G,,,0.4,0.3,0.1,1.0,0.1,0.2,50.0,0.0,0.1,0.0,0.2,0.4,50.0,0.2,0.1,0.1,0.0,0.2,11.0,
31571,2023,Nevada Wolf Pack,K. Blackshear,G,,,14.1,4.0,4.6,32.4,4.7,10.6,44.4,0.5,1.9,28.1,4.1,5.2,78.0,0.5,3.5,1.5,0.3,3.1,33.0,
31572,2023,Nevada Wolf Pack,W. Baker,F,,,13.6,5.2,0.8,25.3,5.0,8.9,56.0,0.7,1.9,35.5,3.0,3.6,84.2,1.0,4.2,0.6,0.3,1.9,32.0,
31575,2023,Nevada Wolf Pack,N. Davidson,F,,,6.9,4.1,0.4,17.5,2.1,4.7,44.2,0.7,2.0,35.8,2.1,2.6,80.2,1.5,2.6,0.4,0.5,0.8,33.0,
31578,2023,Nevada Wolf Pack,H. McIntosh,G,,,2.3,0.8,1.7,15.3,0.7,3.2,21.1,0.7,2.0,33.3,0.3,0.3,100.0,0.2,0.7,0.0,0.0,0.5,6.0,
31581,2023,Nevada Wolf Pack,S. Wigington,G,,,0.7,0.3,0.0,1.7,0.0,0.3,0.0,0.0,0.3,0.0,0.7,1.3,50.0,0.0,0.3,0.0,0.0,0.0,3.0,
31592,2023,New Hampshire Wildcats,T. Woodyard,F,,,2.0,1.5,0.9,18.2,0.7,2.0,36.1,0.5,1.7,30.0,0.1,0.1,50.0,0.5,1.0,0.1,0.1,0.4,30.0,
31593,2023,New Hampshire Wildcats,R. Sunderland,G,,,1.2,0.5,0.4,5.5,0.5,1.1,42.1,0.2,0.5,44.4,0.0,0.1,0.0,0.1,0.4,0.1,0.1,0.4,17.0,
31594,2023,New Hampshire Wildcats,J. Willeman,G,,,0.3,0.7,0.3,3.7,0.0,0.3,0.0,0.0,0.2,0.0,0.3,0.7,50.0,0.1,0.6,0.3,0.2,0.2,12.0,
31601,2023,New Mexico Lobos,D. Dent,G,,,5.6,2.0,2.3,18.5,2.0,4.0,50.7,0.1,0.6,21.1,1.5,2.1,68.5,0.3,1.7,0.9,0.7,1.6,34.0,
31602,2023,New Mexico Lobos,J. Allen-Tovar,F,,,2.7,3.3,0.7,15.0,1.3,3.0,44.4,0.0,0.7,0.0,0.0,0.0,0.0,1.3,2.0,0.0,0.7,0.0,3.0,
31603,2023,New Mexico Lobos,S. Forsling,C,,,1.5,1.6,0.2,6.6,0.5,0.7,71.4,0.0,0.0,0.0,0.6,0.7,80.0,0.6,1.0,0.2,0.5,0.4,21.0,
31604,2023,New Mexico Lobos,B. Seck,F,,,1.0,1.3,0.1,6.1,0.4,0.8,47.8,0.0,0.0,0.0,0.2,0.4,63.6,0.6,0.7,0.0,0.3,0.3,28.0,
31605,2023,New Mexico Lobos,B. Appelhans,G,,,1.0,1.2,0.1,6.2,0.4,1.5,26.7,0.2,1.1,18.2,0.0,0.2,0.0,0.0,1.2,0.1,0.3,0.1,10.0,
31606,2023,New Mexico Lobos,S. Fino-A-Laself,G,,,0.5,0.1,0.1,1.3,0.2,0.9,22.2,0.1,0.4,25.0,0.0,0.0,0.0,0.0,0.1,0.0,0.0,0.0,10.0,
31608,2023,New Mexico Lobos,E. Kuac,G,,,0.0,1.0,0.0,2.0,0.0,1.0,0.0,0.0,0.0,0.0,0.0,0.0,0.0,1.0,0.0,0.0,1.0,0.0,1.0,
31614,2023,New Mexico State Aggies,M. Peake,F,,,9.0,3.5,0.0,20.5,3.5,7.0,50.0,2.0,4.5,44.4,0.0,0.0,0.0,1.5,2.0,0.5,2.0,1.0,2.0,
31615,2023,New Mexico State Aggies,M. Avery,F,,,8.2,4.5,0.9,18.3,3.1,6.5,47.4,1.1,2.6,41.8,1.0,1.5,62.5,1.7,2.8,0.5,0.2,1.1,21.0,
31623,2023,New Orleans Privateers,K. Wilson-Rouse,G,,,9.6,3.2,2.3,29.8,3.2,8.4,38.2,1.3,4.4,30.4,1.9,2.4,81.1,0.7,2.5,1.5,0.2,1.8,31.0,
31624,2023,New Orleans Privateers,J. Vincent,G,,,7.2,5.0,1.4,22.0,2.7,5.7,46.9,0.2,0.9,25.0,1.6,2.5,63.4,1.4,3.5,0.6,0.4,1.3,28.0,
31625,2023,New Orleans Privateers,K. Doughty,G,,,6.9,2.8,1.6,17.4,2.0,5.2,38.9,0.8,2.0,37.5,2.1,2.5,86.1,1.1,1.7,1.1,0.4,1.9,32.0,
31626,2023,New Orleans Privateers,S. Kirkland,F,,,6.9,4.8,0.8,20.1,2.8,6.4,44.7,0.0,0.0,0.0,1.2,2.1,58.5,1.6,3.2,0.6,0.4,2.3,25.0,
31627,2023,New Orleans Privateers,O. Henry,F,,,6.8,3.3,1.0,18.8,2.8,5.1,54.3,0.2,0.7,33.3,1.1,1.7,64.2,0.8,2.4,0.3,0.7,1.0,32.0,
31629,2023,New Orleans Privateers,D. Bell,F,,,4.0,2.1,0.2,12.7,1.5,2.6,56.4,0.0,0.0,0.0,1.1,1.9,55.2,1.1,1.0,0.5,0.2,1.5,15.0,
31630,2023,New Orleans Privateers,D. Sackey,G,,,3.1,1.0,2.2,19.0,1.1,3.0,37.5,0.4,1.3,34.3,0.5,0.6,86.7,0.0,0.9,0.6,0.0,1.6,27.0,
31634,2023,New Orleans Privateers,D. Hill,G,,,0.4,0.2,0.2,1.4,0.0,0.2,0.0,0.0,0.2,0.0,0.4,0.4,100.0,0.0,0.2,0.0,0.0,0.0,5.0,
31637,2023,Niagara Purple Eagles,N. Thomasson,G,,,19.5,3.8,3.5,36.4,7.5,15.5,48.1,1.7,4.5,38.6,2.8,4.3,66.7,0.5,3.3,0.7,0.4,2.5,31.0,
31639,2023,Niagara Purple Eagles,S. Iorio,F,,,8.0,5.5,1.3,26.7,2.9,6.2,47.6,0.6,1.7,36.0,1.6,2.0,77.0,1.9,3.6,0.7,0.6,0.8,30.0,
31640,2023,Niagara Purple Eagles,B. Bayless,G,,,5.4,3.1,1.7,20.1,2.1,5.1,41.4,0.1,0.6,11.1,1.1,1.5,73.9,0.3,2.8,0.9,0.0,1.6,30.0,
31644,2023,Niagara Purple Eagles,L. Erving,G,,,3.9,1.9,1.1,18.8,1.3,3.0,43.0,0.7,1.8,40.4,0.6,0.8,79.2,0.2,1.7,0.5,0.1,1.0,31.0,
31646,2023,Niagara Purple Eagles,H. Obioha,C,,,2.9,3.1,0.3,9.7,1.1,1.7,68.1,0.0,0.0,0.0,0.6,0.9,64.0,1.0,2.1,0.3,0.3,0.8,28.0,
31648,2023,Niagara Purple Eagles,T. Traore,F,,,1.3,1.0,0.3,6.9,0.4,0.4,100.0,0.0,0.0,0.0,0.4,0.6,75.0,0.3,0.7,0.0,0.6,0.1,7.0,
31652,2023,Nicholls Colonels,M. Nelson,F,,,8.5,3.9,1.4,22.3,3.3,6.5,51.2,0.3,1.3,25.0,1.6,2.5,62.8,1.5,2.4,1.2,0.5,1.7,31.0,
31654,2023,Nicholls Colonels,M. Littles,F,,,7.7,6.9,1.0,24.9,3.3,7.0,46.6,0.0,0.5,7.1,1.1,1.8,64.6,2.4,4.4,0.6,0.6,1.8,27.0,
31655,2023,Nicholls Colonels,P. Spencer,G,,,7.7,4.2,2.9,29.0,2.9,7.4,39.1,1.0,3.1,30.3,0.9,1.5,61.3,1.0,3.2,1.6,0.3,1.9,21.0,
31659,2023,Nicholls Colonels,M. Collins,F,,,3.2,2.6,0.2,11.4,1.2,2.2,56.1,0.0,0.0,0.0,0.8,1.8,42.9,0.9,1.7,0.3,0.8,0.5,19.0,
31660,2023,Nicholls Colonels,Q. Strander,G,,,1.6,0.7,0.7,4.0,0.4,1.0,42.9,0.1,0.6,25.0,0.6,0.6,100.0,0.1,0.6,0.0,0.0,0.3,7.0,
31661,2023,Nicholls Colonels,T. Blanchard,F,,,1.5,0.5,0.0,2.3,0.5,0.8,66.7,0.5,0.8,66.7,0.0,0.0,0.0,0.0,0.5,0.0,0.0,0.0,4.0,
31663,2023,Norfolk State Spartans,K. Bankston,F,,,14.2,7.1,0.9,29.9,5.6,8.1,68.8,0.1,0.2,40.0,3.0,4.2,70.9,2.4,4.8,0.9,1.5,1.8,32.0,
31666,2023,Norfolk State Spartans,C. Ings,G,,,10.1,2.2,3.5,25.8,4.0,6.5,61.2,0.5,1.5,36.8,1.5,2.2,69.0,0.7,1.5,1.0,0.2,2.3,13.0,
31668,2023,Norfolk State Spartans,G. Beale Jr.,G,,,4.4,2.0,0.6,11.9,1.6,3.7,43.9,0.6,1.6,39.1,0.6,0.7,76.2,0.6,1.4,0.6,0.0,0.3,29.0,
31671,2023,Norfolk State Spartans,N. Chambers,F,,,3.8,3.2,0.4,15.5,1.6,3.2,49.3,0.2,0.6,28.6,0.5,1.1,41.7,1.3,1.9,0.1,0.5,0.6,22.0,
31672,2023,Norfolk State Spartans,T. Jenkins,G,,,3.6,2.9,0.8,17.5,1.2,3.7,33.9,0.6,2.3,27.0,0.4,0.7,63.6,1.1,1.8,0.3,0.0,1.0,16.0,
31673,2023,Norfolk State Spartans,C. Ford,F,,,1.4,1.0,0.1,7.2,0.5,1.1,43.8,0.0,0.0,0.0,0.4,0.8,52.4,0.4,0.5,0.1,0.6,0.3,28.0,
31674,2023,Norfolk State Spartans,G. Brown,G,,,1.0,0.3,0.6,4.0,0.2,0.9,25.0,0.0,0.1,0.0,0.6,0.7,83.3,0.1,0.2,0.3,0.0,0.6,9.0,
31675,2023,Norfolk State Spartans,Y. Sidibe,G,,,0.7,1.1,0.0,4.6,0.2,0.7,25.0,0.0,0.2,0.0,0.3,0.5,66.7,0.5,0.6,0.1,0.0,0.3,12.0,
31676,2023,Norfolk State Spartans,A. Bottoms,G,,,0.5,0.2,0.4,5.2,0.2,0.7,30.8,0.1,0.3,20.0,0.0,0.1,0.0,0.1,0.1,0.2,0.0,0.7,18.0,
31677,2023,North Alabama Lions,D. Ortiz,G,,,14.8,3.8,1.0,28.3,5.2,12.0,42.8,3.2,7.8,40.9,1.3,1.7,77.2,0.3,3.4,1.1,0.2,1.6,33.0,
31678,2023,North Alabama Lions,J. Lane,G,,,12.7,2.7,3.3,25.7,4.5,8.6,52.8,0.4,1.1,32.4,3.2,4.0,81.7,0.3,2.4,0.8,0.0,2.0,33.0,
31680,2023,North Alabama Lions,W. Soucie,G,,,8.0,3.7,1.2,26.1,3.0,6.8,44.4,0.5,1.0,44.1,1.5,1.9,79.4,0.9,2.8,0.5,0.3,1.8,33.0,
31681,2023,North Alabama Lions,D. Forrest,F,,,7.7,6.8,0.6,27.0,3.1,6.1,51.5,0.0,0.0,0.0,1.5,2.6,57.6,1.9,5.0,0.6,1.2,0.8,33.0,
31682,2023,North Alabama Lions,D. Howell,F,,,6.7,4.1,0.6,22.8,2.4,6.1,39.2,1.7,4.5,38.4,0.2,0.3,70.0,0.7,3.4,0.7,0.6,0.8,31.0,
31688,2023,North Alabama Lions,D. Agbaosi,F,,,1.7,2.1,0.3,8.9,0.7,1.5,45.9,0.1,0.3,25.0,0.2,0.5,30.8,0.8,1.3,0.3,0.3,0.4,24.0,
31691,2023,North Alabama Lions,B. Floyd,G,,,0.5,0.3,0.3,3.0,0.0,1.2,0.0,0.0,1.2,0.0,0.5,0.5,100.0,0.0,0.2,0.5,0.0,0.5,4.0,
31694,2023,North Carolina AT Aggies,D. Horton,G,,,10.8,5.2,2.6,33.8,3.8,8.4,45.9,2.1,4.8,44.1,1.0,1.4,75.0,0.6,4.6,1.7,0.3,1.2,32.0,
31695,2023,North Carolina AT Aggies,D. Powell,F,,,8.0,5.7,0.8,22.5,2.8,6.6,42.2,0.4,1.6,22.4,2.0,3.2,62.5,1.5,4.2,0.7,0.7,1.2,30.0,
31700,2023,North Carolina AT Aggies,K. Duke,G,,,2.9,0.9,0.6,9.7,1.1,2.2,50.0,0.1,0.2,50.0,0.6,0.8,70.4,0.3,0.7,0.3,0.2,0.6,32.0,
31701,2023,North Carolina AT Aggies,W. Filmore,F,,,2.9,2.7,0.5,14.0,1.2,2.3,52.7,0.0,0.0,0.0,0.5,0.7,65.2,1.0,1.7,0.3,0.3,0.6,32.0,
31706,2023,North Carolina AT Aggies,T. Crews,G,,,0.0,0.7,0.7,2.7,0.0,1.3,0.0,0.0,0.7,0.0,0.0,0.0,0.0,0.0,0.7,0.0,0.3,0.7,3.0,
31709,2023,North Carolina Central Eagles,K. Monroe,F,,,10.1,5.3,0.7,26.8,3.7,8.7,42.7,1.6,5.0,31.3,1.1,1.4,74.4,1.2,4.1,0.6,0.2,1.6,30.0,
31710,2023,North Carolina Central Eagles,E. Boone,G,,,7.5,4.7,5.2,27.1,2.6,6.3,40.2,0.7,1.9,33.9,1.8,2.4,72.9,0.9,3.8,2.2,0.4,2.8,29.0,
31711,2023,North Carolina Central Eagles,M. Maultsby,G,,,7.2,2.7,1.0,24.5,2.7,6.6,41.4,1.1,3.3,34.7,0.6,1.0,61.3,0.9,1.8,0.8,0.1,0.8,30.0,
31716,2023,North Carolina Central Eagles,N. Fennell,G,,,2.5,1.7,0.3,12.1,0.8,1.6,48.4,0.2,0.4,50.0,0.8,1.2,62.5,0.5,1.1,0.6,0.2,0.5,20.0,
31717,2023,North Carolina Central Eagles,T. Adedire,F,,,2.2,0.8,0.4,3.6,0.8,1.4,57.1,0.0,0.0,0.0,0.6,1.0,60.0,0.0,0.8,0.2,0.0,0.4,5.0,
31719,2023,North Carolina Central Eagles,T. Crawford,G,,,1.8,0.6,0.2,2.8,0.6,0.6,100.0,0.4,0.4,100.0,0.2,0.6,33.3,0.0,0.6,0.2,0.0,0.2,5.0,
31720,2023,North Carolina Central Eagles,C. Butler,F,,,1.7,2.2,0.2,7.2,0.7,1.0,69.6,0.0,0.0,0.0,0.2,0.7,33.3,0.6,1.5,0.2,0.2,0.6,22.0,
31723,2023,North Carolina Tar Heels,C. Love,G,,,16.7,3.7,2.8,35.8,5.7,15.1,37.8,2.2,7.4,29.9,3.1,4.0,76.5,0.3,3.3,1.1,0.2,2.4,33.0,
31724,2023,North Carolina Tar Heels,R. Davis,G,,,16.1,5.1,3.2,35.0,5.4,12.4,43.8,1.9,5.3,36.2,3.4,3.8,88.1,0.6,4.5,1.1,0.1,1.9,33.0,
31725,2023,North Carolina Tar Heels,A. Bacot,F,,,15.9,10.4,1.4,30.3,5.8,10.4,55.4,0.0,0.2,0.0,4.3,6.5,66.5,4.2,6.2,0.6,1.0,2.2,32.0,
31727,2023,North Carolina Tar Heels,L. Black,F,,,7.3,6.5,1.5,32.1,2.6,6.3,41.1,0.8,2.6,32.6,1.2,1.7,70.2,1.8,4.8,1.3,0.8,0.9,33.0,
31728,2023,North Carolina Tar Heels,P. Johnson,G,,,4.1,2.7,0.4,15.9,1.3,3.4,38.7,0.5,1.7,28.3,0.9,1.4,65.8,1.1,1.6,0.6,0.0,0.3,27.0,
31730,2023,North Carolina Tar Heels,J. Washington,C,,,2.2,1.4,0.1,5.6,0.8,1.8,45.7,0.0,0.3,0.0,0.6,0.8,64.7,0.1,1.2,0.1,0.1,0.4,20.0,
31732,2023,North Carolina Tar Heels,S. Trimble,G,,,1.8,0.8,0.6,9.7,0.6,1.3,45.5,0.0,0.2,16.7,0.5,0.9,54.8,0.1,0.7,0.2,0.3,0.6,33.0,
31733,2023,North Carolina Tar Heels,J. McKoy,F,,,1.7,1.2,0.1,5.3,0.5,1.2,46.2,0.2,0.5,33.3,0.5,0.5,100.0,0.3,0.9,0.0,0.4,0.2,11.0,
31734,2023,North Carolina Tar Heels,D. Styles,G,,,1.4,0.9,0.1,5.9,0.5,1.3,36.8,0.2,0.6,33.3,0.3,0.4,66.7,0.3,0.7,0.1,0.1,0.3,15.0,
31737,2023,North Carolina Tar Heels,C. Lebo,G,,,0.7,0.0,0.3,1.0,0.3,1.0,33.3,0.0,0.3,0.0,0.0,0.0,0.0,0.0,0.0,0.3,0.0,0.0,3.0,
31738,2023,North Carolina Tar Heels,D. Farris,F,,,0.0,0.0,0.0,1.0,0.0,0.0,0.0,0.0,0.0,0.0,0.0,0.0,0.0,0.0,0.0,0.0,0.0,0.0,2.0,
31739,2023,North Carolina Tar Heels,R. Landry,G,,,0.0,0.0,0.0,1.0,0.0,0.3,0.0,0.0,0.3,0.0,0.0,0.0,0.0,0.0,0.0,0.0,0.0,0.0,3.0,
31741,2023,North Dakota Fighting Hawks,B. Omot,F,,,12.0,3.7,1.4,31.7,4.0,10.0,39.6,1.3,4.4,30.1,2.7,3.6,74.2,1.0,2.7,0.4,0.9,1.2,33.0,
31742,2023,North Dakota Fighting Hawks,M. Norman,G,,,11.4,2.4,1.4,25.5,3.8,8.4,45.0,2.5,5.8,42.4,1.3,1.6,84.6,0.4,2.0,0.4,0.2,1.5,33.0,
31743,2023,North Dakota Fighting Hawks,T. Tsartsidze,F,,,10.9,5.6,1.3,27.0,4.3,9.0,48.3,1.1,3.2,34.6,1.1,1.7,67.3,1.8,3.8,0.5,0.4,1.6,33.0,
31744,2023,North Dakota Fighting Hawks,T. Eaglestaff,F,,,8.4,2.5,1.7,19.5,3.2,7.8,40.5,1.7,4.6,37.5,0.4,0.8,48.0,0.3,2.2,0.8,0.3,1.4,33.0,
31745,2023,North Dakota Fighting Hawks,B. Danielson,F,,,7.8,3.8,1.0,26.3,2.8,5.7,48.4,1.2,3.2,35.8,1.1,1.5,74.0,0.9,2.9,0.5,0.1,0.5,33.0,
31747,2023,North Dakota Fighting Hawks,E. Brooks,G,,,4.9,2.5,0.6,14.4,1.9,3.0,62.2,0.1,0.3,22.2,1.0,1.6,66.7,0.9,1.6,0.6,0.2,1.0,27.0,
31748,2023,North Dakota Fighting Hawks,M. Sueker,F,,,4.8,1.8,0.4,10.8,1.9,4.1,45.0,0.3,1.3,27.0,0.8,1.0,73.3,0.5,1.3,0.1,0.1,0.6,29.0,
31749,2023,North Dakota Fighting Hawks,C. Nero,G,,,4.8,1.5,1.1,13.4,1.4,4.6,31.1,0.9,2.8,31.8,1.0,1.2,84.2,0.2,1.2,0.3,0.0,0.8,16.0,
31751,2023,North Dakota Fighting Hawks,B. Mathews,F,,,1.9,2.8,0.4,9.3,0.7,1.6,43.5,0.0,0.0,0.0,0.5,0.9,54.2,1.0,1.9,0.2,0.3,0.5,28.0,
31752,2023,North Dakota Fighting Hawks,R. Grant,G,,,0.4,0.9,1.0,8.1,0.2,0.7,23.1,0.1,0.3,16.7,0.0,0.0,0.0,0.1,0.8,0.1,0.1,0.6,18.0,
31753,2023,North Dakota State Bison,G. Nelson,F,,,17.9,9.3,2.1,30.6,6.6,12.7,52.1,0.8,3.1,26.9,3.8,5.2,72.0,2.2,7.1,0.8,1.7,2.6,30.0,
31754,2023,North Dakota State Bison,B. Skunberg,G,,,15.1,5.3,1.5,31.6,5.3,11.7,45.3,1.8,4.6,39.5,2.8,3.2,86.3,0.7,4.6,0.5,0.2,1.4,32.0,
31755,2023,North Dakota State Bison,A. Morgan,F,,,10.5,5.3,1.2,21.6,4.2,7.2,58.9,0.1,0.2,33.3,1.9,3.5,54.9,1.7,3.7,0.4,0.3,2.2,32.0,
31758,2023,North Dakota State Bison,D. Wheeler-Thomas,G,,,7.1,2.0,1.6,25.2,2.3,5.8,40.3,0.6,1.9,30.0,1.8,2.1,85.3,0.2,1.7,0.6,0.0,1.5,32.0,
31759,2023,North Dakota State Bison,L. Waddles,G,,,3.8,1.8,0.7,13.8,1.3,4.6,29.1,0.9,3.1,27.8,0.3,0.4,66.7,0.2,1.6,0.2,0.1,0.5,29.0,
31760,2023,North Dakota State Bison,S. Hastreiter,F,,,3.7,2.5,0.3,13.7,1.2,2.5,48.6,0.8,1.9,43.6,0.4,0.6,70.6,0.7,1.8,0.1,0.0,0.5,29.0,
31762,2023,North Dakota State Bison,J. Streit,F,,,1.8,3.1,0.5,16.6,0.8,1.2,71.8,0.0,0.0,0.0,0.1,0.4,28.6,1.4,1.6,0.3,0.4,0.3,33.0,
31763,2023,North Dakota State Bison,R. Sletten,G,,,0.3,0.4,0.1,1.9,0.1,0.6,20.0,0.0,0.3,0.0,0.1,0.2,50.0,0.1,0.3,0.1,0.0,0.1,9.0,
31764,2023,North Florida Ospreys,C. Hendricksen,F,,,16.5,6.2,2.1,31.7,5.4,12.0,45.3,2.3,6.0,38.7,3.3,3.9,85.1,1.2,5.0,0.6,0.4,2.0,31.0,
31765,2023,North Florida Ospreys,J. Placer,G,,,14.0,2.3,2.9,32.6,4.9,11.9,41.1,2.4,6.5,36.6,1.8,2.3,76.4,0.2,2.1,0.6,0.1,2.2,31.0,
31766,2023,North Florida Ospreys,J. Hicklen,G,,,12.5,3.5,3.2,32.8,3.9,10.2,38.4,2.6,7.3,36.1,2.0,2.6,75.6,0.5,3.0,1.0,0.0,2.0,31.0,
31767,2023,North Florida Ospreys,J. Aybar,F,,,8.3,3.3,0.9,16.1,3.2,5.9,54.8,0.3,1.0,34.5,1.5,2.5,59.2,1.3,2.1,0.5,0.6,1.8,30.0,
31768,2023,North Florida Ospreys,J. Parker,F,,,6.8,4.7,0.7,20.2,2.9,4.9,58.9,0.0,0.0,0.0,1.0,2.0,51.7,1.4,3.3,0.4,1.8,0.9,30.0,
31770,2023,North Florida Ospreys,O. Berry,G,,,4.8,2.1,0.7,19.5,1.6,4.0,40.8,1.3,3.3,39.6,0.2,0.3,66.7,0.5,1.6,0.6,0.1,0.6,31.0,
31771,2023,North Florida Ospreys,C. Lanier,G,,,4.7,2.5,0.9,19.6,1.7,3.8,45.4,0.9,2.2,39.1,0.3,0.3,100.0,0.5,2.0,0.4,0.2,0.5,31.0,
31772,2023,North Florida Ospreys,J. Nze,G,,,2.9,0.9,0.7,8.0,1.0,2.7,37.5,0.4,1.6,25.0,0.5,0.7,69.2,0.1,0.8,0.5,0.2,1.0,18.0,
31774,2023,North Florida Ospreys,M. Hrdlicka,G,,,2.3,1.5,0.4,9.4,0.8,2.5,30.0,0.4,0.9,42.9,0.4,0.8,50.0,0.5,1.0,0.4,0.0,1.0,8.0,
31775,2023,North Florida Ospreys,B. Rasmussen,G,,,1.7,1.0,0.3,3.2,0.7,1.3,50.0,0.3,0.5,66.7,0.0,0.0,0.0,0.3,0.7,0.0,0.0,0.0,6.0,
31777,2023,North Texas Mean Green,T. Perry,G,,,17.3,3.4,2.1,34.1,4.9,11.2,43.7,3.1,7.5,41.3,4.4,5.0,87.2,0.5,2.9,1.3,0.1,1.7,36.0,
31779,2023,North Texas Mean Green,A. Ousmane,F,,,11.1,6.0,1.1,24.3,4.4,9.1,48.7,0.0,0.1,0.0,2.2,3.2,70.4,2.5,3.5,0.9,1.3,1.5,34.0,
31780,2023,North Texas Mean Green,A. Scott,G,,,7.0,5.5,1.1,27.3,2.7,4.6,58.4,0.5,1.3,40.8,1.2,1.7,69.2,1.9,3.7,1.0,0.8,1.1,38.0,
31784,2023,North Texas Mean Green,M. Stone,G,,,2.5,2.2,0.8,15.5,1.0,2.5,39.4,0.4,1.5,24.6,0.2,0.3,72.7,0.7,1.6,0.3,0.0,0.5,38.0,
31785,2023,North Texas Mean Green,M. Sissoko,F,,,2.5,2.4,0.2,9.6,1.1,1.6,71.2,0.0,0.0,0.0,0.2,0.5,53.3,1.0,1.4,0.3,0.1,0.6,33.0,
31787,2023,North Texas Mean Green,R. Browne,G,,,0.4,0.7,0.0,4.8,0.2,0.8,22.2,0.1,0.5,16.7,0.0,0.0,0.0,0.1,0.6,0.0,0.0,0.4,12.0,
31788,2023,North Texas Mean Green,G. Allo,G,,,0.3,0.0,0.0,1.6,0.1,0.1,100.0,0.1,0.1,100.0,0.0,0.0,0.0,0.0,0.0,0.1,0.0,0.0,9.0,
31789,2023,North Texas Mean Green,C. Morgan,F,,,0.2,0.6,0.0,2.2,0.1,1.0,10.0,0.0,0.0,0.0,0.0,0.0,0.0,0.1,0.5,0.0,0.1,0.3,10.0,
31791,2023,Northeastern Huskies,J. Telfort,F,,,16.4,4.5,2.2,33.9,5.9,13.0,45.0,1.5,4.6,32.1,3.2,4.0,79.8,1.0,3.5,1.0,0.5,2.4,30.0,
31792,2023,Northeastern Huskies,C. Doherty,F,,,8.9,5.7,2.3,24.2,3.6,6.7,54.4,0.0,0.0,0.0,1.6,2.2,75.0,2.0,3.7,0.4,0.7,1.9,24.0,
31793,2023,Northeastern Huskies,C. Stucke,F,,,8.6,2.7,1.1,24.6,2.9,7.3,39.5,1.9,4.9,38.2,0.9,1.4,65.0,0.9,1.9,0.1,0.2,0.6,28.0,
31794,2023,Northeastern Huskies,J. Pridgen,G,,,7.3,4.9,1.5,22.0,3.0,7.8,38.7,0.8,2.2,34.5,0.5,0.9,56.5,1.4,3.5,0.6,0.6,1.7,26.0,
31795,2023,Northeastern Huskies,M. Troutman,G,,,6.3,2.1,0.6,16.7,1.9,5.2,37.1,0.5,1.8,26.5,1.9,2.8,69.3,0.7,1.4,0.2,0.3,0.9,27.0,
31797,2023,Northeastern Huskies,A. Nwagha,F,,,4.0,4.5,0.8,14.5,1.7,2.9,61.0,0.0,0.0,0.0,0.6,0.9,60.0,1.6,2.9,0.8,0.7,0.9,27.0,
31799,2023,Northeastern Huskies,G. McClintock,G,,,3.5,1.7,1.4,16.5,1.0,3.2,31.6,0.5,1.9,28.1,1.0,1.2,83.3,0.3,1.5,0.7,0.0,1.4,30.0,
31800,2023,Northeastern Huskies,R. King,G,,,2.9,2.2,1.1,16.6,1.1,3.7,30.2,0.2,1.0,20.7,0.4,0.7,65.0,0.6,1.6,0.4,0.3,1.7,29.0,
31802,2023,Northeastern Huskies,C. Metcalf,C,,,1.3,2.4,0.4,8.3,0.5,1.2,45.5,0.0,0.0,0.0,0.2,0.9,22.2,1.2,1.3,0.2,0.9,0.9,19.0,
31803,2023,Northeastern Huskies,T. Randriasalama,G,,,0.5,0.1,0.1,3.3,0.2,0.7,27.3,0.0,0.3,0.0,0.1,0.1,50.0,0.1,0.1,0.0,0.1,0.3,15.0,
31804,2023,Northern Arizona Lumberjacks,J. Cone,G,,,17.6,2.8,2.5,33.1,5.7,13.5,42.4,2.9,7.3,40.0,3.2,3.7,86.2,0.5,2.3,0.8,0.0,2.5,33.0,
31806,2023,Northern Arizona Lumberjacks,C. Towt,F,,,10.1,7.8,3.0,28.5,4.5,8.4,53.2,0.0,0.0,0.0,1.1,2.9,40.0,3.2,4.6,0.6,0.3,1.9,35.0,
31807,2023,Northern Arizona Lumberjacks,N. Mains,F,,,9.2,5.3,1.0,30.4,3.4,7.1,47.4,1.2,3.3,37.1,1.3,1.5,83.0,1.0,4.3,0.5,0.2,0.9,35.0,
31808,2023,Northern Arizona Lumberjacks,L. Lloyd,G,,,6.0,1.9,2.2,21.5,2.0,5.8,34.3,1.0,3.4,29.7,1.0,1.5,64.2,0.3,1.5,0.8,0.2,1.2,35.0,
31809,2023,Northern Arizona Lumberjacks,O. Fort,G,,,5.2,1.5,1.6,14.4,1.7,4.5,37.1,0.6,1.7,37.9,1.2,1.4,84.0,0.2,1.3,0.3,0.0,1.1,35.0,
31810,2023,Northern Arizona Lumberjacks,T. McLaughlin,G,,,4.9,2.4,1.0,20.2,1.6,4.1,39.6,1.1,2.7,38.9,0.6,0.7,84.6,0.4,2.0,0.6,0.2,0.3,35.0,
31811,2023,Northern Arizona Lumberjacks,J. Wistrcill,F,,,4.3,2.6,0.9,14.3,1.5,3.4,44.1,0.4,1.4,30.0,0.9,1.1,76.9,0.7,1.9,0.5,0.2,0.4,35.0,
31812,2023,Northern Arizona Lumberjacks,K. Haymon II,F,,,3.8,1.2,0.5,9.9,1.3,3.1,43.4,0.8,2.1,36.8,0.3,0.5,69.2,0.2,1.0,0.3,0.1,0.5,27.0,
31813,2023,Northern Arizona Lumberjacks,E. Richards,C,,,3.0,1.7,0.1,9.6,1.1,1.9,61.5,0.0,0.0,0.0,0.7,0.7,100.0,0.4,1.3,0.1,0.3,0.7,7.0,
31814,2023,Northern Arizona Lumberjacks,D. Campisano,F,,,1.7,0.8,0.1,3.9,0.7,1.1,61.9,0.2,0.4,37.5,0.2,0.3,50.0,0.3,0.6,0.1,0.0,0.1,19.0,
31816,2023,Northern Colorado Bears,D. Knecht,G,,,20.2,7.2,1.8,35.3,7.3,15.3,47.9,2.4,6.3,38.1,3.2,4.1,77.1,0.7,6.5,0.8,0.6,2.1,32.0,
31818,2023,Northern Colorado Bears,R. Abercrombie,F,,,8.2,4.2,0.9,24.6,2.7,6.2,44.1,2.0,4.6,42.9,0.7,1.2,59.4,1.1,3.1,0.2,0.4,0.8,26.0,
31820,2023,Northern Colorado Bears,B. Wisne,F,,,5.2,3.6,0.4,17.0,2.3,3.6,63.4,0.0,0.1,25.0,0.5,0.8,65.4,1.5,2.1,0.7,0.1,0.7,31.0,
31821,2023,Northern Colorado Bears,T. Hughes,C,,,2.9,4.0,0.5,16.1,1.1,1.7,64.2,0.0,0.0,0.0,0.8,1.0,77.4,1.2,2.9,0.2,0.3,1.0,32.0,
31822,2023,Northern Colorado Bears,J. Melvin,F,,,1.9,0.9,0.1,6.2,0.4,0.5,80.0,0.0,0.0,0.0,1.2,1.5,81.3,0.5,0.4,0.2,0.0,0.3,11.0,
31823,2023,Northern Colorado Bears,L. Reynolds,G,,,1.7,1.0,0.8,10.5,0.7,2.0,36.7,0.1,0.4,18.2,0.2,0.4,40.0,0.1,0.9,0.3,0.1,0.9,25.0,
31824,2023,Northern Colorado Bears,C. Creech,G,,,1.6,1.8,0.4,11.9,0.5,1.4,37.5,0.2,0.3,55.6,0.3,0.6,56.3,0.4,1.4,0.4,0.0,0.4,28.0,
31825,2023,Northern Colorado Bears,B. Kennedy,F,,,1.6,1.9,0.3,11.8,0.3,1.1,30.0,0.1,0.9,12.5,0.8,1.1,70.0,0.3,1.6,0.3,0.0,0.9,9.0,
31827,2023,Northern Colorado Bears,J. Page,G,,,0.8,0.0,0.0,2.5,0.2,0.5,50.0,0.2,0.5,50.0,0.0,0.0,0.0,0.0,0.0,0.0,0.0,0.0,4.0,
31828,2023,Northern Colorado Bears,J. Ramirez,F,,,0.6,1.7,0.4,8.3,0.1,1.4,10.5,0.0,0.3,0.0,0.3,0.4,66.7,0.6,1.1,0.1,0.1,0.4,14.0,
31830,2023,Northern Illinois Huskies,D. Coit,G,,,15.5,2.8,2.8,34.3,5.4,12.7,42.9,2.8,7.4,37.7,1.8,2.1,86.7,0.3,2.6,1.2,0.0,1.7,29.0,
31831,2023,Northern Illinois Huskies,Z. Nutter,F,,,12.5,4.8,1.0,29.4,4.7,11.0,42.6,0.7,2.6,25.9,2.4,3.9,62.0,1.0,3.8,0.6,0.2,2.2,31.0,
31833,2023,Northern Illinois Huskies,K. Thornton,G,,,8.8,2.8,5.3,29.0,3.1,7.3,41.8,1.2,3.4,36.6,1.4,2.2,65.2,0.6,2.2,1.7,0.1,3.2,30.0,
31834,2023,Northern Illinois Huskies,A. Crump,F,,,7.7,5.1,1.3,24.4,2.7,4.3,61.2,0.0,0.1,25.0,2.3,4.8,48.7,1.1,4.1,1.0,0.5,1.9,32.0,
31835,2023,Northern Illinois Huskies,H. Ibarguen,F,,,5.8,4.4,0.3,20.7,2.6,3.5,74.5,0.0,0.0,0.0,0.5,0.8,65.4,1.6,2.8,0.5,0.2,0.9,31.0,
31836,2023,Northern Illinois Huskies,Z. Russell,G,,,3.2,1.4,0.7,12.4,1.2,3.1,39.3,0.3,1.0,33.3,0.4,0.8,57.1,0.4,1.0,0.4,0.1,0.9,9.0,
31837,2023,Northern Illinois Huskies,X. Amos,F,,,2.9,2.8,0.5,14.1,1.1,3.5,32.1,0.2,1.5,16.7,0.4,0.5,75.0,0.8,2.0,0.3,0.5,1.0,8.0,
31838,2023,Northern Illinois Huskies,O. Durosinmi,F,,,2.2,2.9,0.0,10.9,0.7,1.8,35.8,0.0,0.0,0.0,0.9,1.4,61.9,1.2,1.7,0.3,0.8,1.0,29.0,
31839,2023,Northern Illinois Huskies,Y. Niederhauser,F,,,2.2,1.5,0.2,7.6,0.9,2.1,42.9,0.1,0.8,18.8,0.2,0.2,80.0,0.3,1.1,0.2,0.5,0.8,20.0,
31841,2023,Northern Illinois Huskies,D. Wiemers,F,,,1.0,0.3,0.1,1.6,0.1,0.7,20.0,0.0,0.3,0.0,0.7,0.7,100.0,0.1,0.1,0.1,0.0,0.0,7.0,
31843,2023,Northern Illinois Huskies,S. Tipton,G,,,0.0,0.0,0.0,1.5,0.0,0.5,0.0,0.0,0.5,0.0,0.0,0.0,0.0,0.0,0.0,0.0,0.0,0.0,2.0,
31844,2023,Northern Iowa Panthers,B. Born,G,,,17.9,2.3,2.7,33.3,5.5,13.5,40.9,2.5,6.8,36.7,4.3,5.2,83.7,0.2,2.1,0.9,0.0,2.3,32.0,
31846,2023,Northern Iowa Panthers,N. Heise,G,,,12.0,3.0,1.5,28.5,4.0,8.5,47.1,0.5,3.0,16.7,3.5,6.0,58.3,0.0,3.0,1.5,0.0,1.0,2.0,
31847,2023,Northern Iowa Panthers,M. Duax,F,,,10.0,4.7,1.1,29.5,4.2,7.3,57.4,0.4,1.2,30.8,1.2,2.2,55.7,1.2,3.4,1.3,0.3,1.6,32.0,
31849,2023,Northern Iowa Panthers,L. Wolf,G,,,7.4,1.6,0.5,24.1,2.5,6.1,40.3,1.6,4.3,36.2,0.9,1.2,76.3,0.3,1.3,0.6,0.2,0.6,32.0,
31852,2023,Northern Iowa Panthers,D. Daniel,G,,,2.4,1.3,0.1,9.5,0.9,2.3,37.5,0.6,1.7,34.0,0.0,0.1,50.0,0.4,0.9,0.3,0.1,0.2,31.0,
31854,2023,Northern Iowa Panthers,D. Krogmann,F,,,0.7,1.4,0.4,5.5,0.4,0.6,60.0,0.0,0.0,0.0,0.0,0.2,0.0,0.5,0.8,0.0,0.0,0.1,17.0,
31855,2023,Northern Iowa Panthers,C. Courbat,F,,,0.6,1.0,0.0,1.5,0.2,0.2,100.0,0.0,0.0,0.0,0.3,0.4,75.0,0.1,0.9,0.0,0.0,0.0,11.0,
31856,2023,Northern Kentucky Norse,M. Warrick,G,,,18.8,2.3,2.6,34.4,6.5,15.0,43.1,2.5,6.5,38.2,3.4,4.2,81.6,0.5,1.8,1.3,0.3,2.1,35.0,
31857,2023,Northern Kentucky Norse,S. Vinson,G,,,11.8,4.3,2.8,32.8,4.1,10.2,39.9,1.5,4.7,32.2,2.1,3.1,69.4,1.4,2.9,2.4,0.3,1.8,32.0,
31858,2023,Northern Kentucky Norse,T. Faulkner,G,,,8.4,2.7,0.9,24.7,2.9,7.5,39.1,1.4,4.1,33.1,1.2,1.5,82.7,0.5,2.2,1.0,0.1,0.9,35.0,
31860,2023,Northern Kentucky Norse,T. Robinson,G,,,7.0,3.7,1.6,22.3,2.4,6.2,37.9,1.0,3.0,34.0,1.3,1.7,75.9,1.3,2.4,1.0,0.4,1.3,34.0,
31861,2023,Northern Kentucky Norse,C. Brandon,F,,,6.7,9.9,0.8,29.0,2.9,4.5,65.2,0.0,0.1,0.0,0.9,1.6,53.6,3.9,6.0,1.0,0.7,1.1,35.0,
31863,2023,Northern Kentucky Norse,H. Pivorius,G,,,2.8,0.6,0.5,11.0,0.9,2.9,31.4,0.8,2.5,33.3,0.2,0.3,60.0,0.1,0.4,0.1,0.0,0.5,30.0,
31865,2023,Northern Kentucky Norse,L. Wells,F,,,1.6,2.0,0.4,8.8,0.6,1.7,36.6,0.1,0.3,25.0,0.3,0.5,63.6,0.8,1.2,0.4,0.2,0.3,24.0,
31866,2023,Northern Kentucky Norse,J. Evans,G,,,0.7,0.2,0.7,6.8,0.2,1.0,23.5,0.2,0.5,33.3,0.1,0.1,50.0,0.1,0.2,0.3,0.0,0.1,17.0,
31867,2023,Northern Kentucky Norse,I. Mason,G,,,0.4,0.6,0.0,3.6,0.2,1.0,18.2,0.0,0.5,0.0,0.0,0.1,0.0,0.4,0.3,0.1,0.0,0.2,11.0,
31868,2023,Northern Kentucky Norse,N. Hupmann,C,,,0.3,1.0,0.0,1.7,0.0,0.3,0.0,0.0,0.0,0.0,0.3,0.7,50.0,0.3,0.7,0.0,0.0,0.7,3.0,
31869,2023,Northern Kentucky Norse,M. Minor,G,,,0.0,0.0,0.0,1.0,0.0,0.0,0.0,0.0,0.0,0.0,0.0,0.0,0.0,0.0,0.0,0.0,0.0,0.0,2.0,
31870,2023,Northern Kentucky Norse,C. Sherman,G,,,0.0,0.0,0.0,1.5,0.0,0.0,0.0,0.0,0.0,0.0,0.0,0.0,0.0,0.0,0.0,0.0,0.0,0.0,2.0,
31875,2023,Northwestern State Demons,E. McDonald,G,,,6.1,0.9,0.8,15.4,2.2,5.3,42.4,1.3,3.5,38.7,0.2,0.3,88.9,0.3,0.6,0.4,0.0,0.8,32.0,
31881,2023,Northwestern State Demons,C. Garrett,G,,,1.4,1.0,0.1,5.1,0.5,1.4,36.4,0.2,1.0,18.2,0.2,0.3,62.5,0.3,0.7,0.1,0.0,0.3,23.0,
31883,2023,Northwestern State Demons,J. Zelenbaba,G,,,0.7,0.5,0.3,5.7,0.4,1.0,36.4,0.0,0.2,0.0,0.0,0.3,0.0,0.0,0.5,0.4,0.0,0.5,11.0,
31885,2023,Northwestern State Demons,K. Hardy,SG,,,0.0,0.1,0.1,3.0,0.0,0.1,0.0,0.0,0.0,0.0,0.0,0.0,0.0,0.0,0.1,0.0,0.0,0.0,7.0,
31886,2023,Northwestern Wildcats,B. Buie,G,,,17.3,3.4,4.5,34.9,5.9,14.4,40.6,1.9,5.9,31.8,3.7,4.3,86.9,0.6,2.9,1.1,0.1,2.4,34.0,
31887,2023,Northwestern Wildcats,C. Audige,G,,,14.1,3.4,2.9,34.4,4.9,13.3,36.8,2.0,6.1,32.5,2.3,2.8,83.2,0.7,2.7,2.4,0.6,2.4,34.0,
31888,2023,Northwestern Wildcats,T. Berry,G,,,8.5,4.8,1.1,28.3,2.8,8.2,34.2,1.5,5.1,29.1,1.4,1.7,81.4,0.8,4.0,1.4,0.1,0.8,34.0,
31889,2023,Northwestern Wildcats,B. Barnhizer,G,,,7.6,4.9,1.1,24.2,2.6,6.4,41.0,0.8,2.5,31.0,1.6,2.0,83.6,1.3,3.6,0.8,0.4,0.8,34.0,
31890,2023,Northwestern Wildcats,R. Beran,F,,,7.5,4.5,0.6,25.8,2.4,6.4,36.9,1.1,3.3,34.5,1.6,1.9,84.8,1.1,3.4,0.5,0.7,0.6,34.0,
31892,2023,Northwestern Wildcats,J. Roper II,G,,,4.4,3.7,1.1,21.5,1.6,3.5,45.3,0.5,1.3,42.1,0.7,1.5,45.5,0.6,3.1,0.7,0.3,0.7,15.0,
31893,2023,Northwestern Wildcats,L. Hunger,F,,,2.7,1.3,0.2,6.5,1.0,2.3,42.9,0.2,0.3,50.0,0.5,0.8,60.0,1.3,0.0,0.0,0.0,0.2,6.0,
31894,2023,Northwestern Wildcats,N. Martinelli,F,,,2.6,1.5,0.3,9.9,1.1,2.0,51.2,0.2,0.4,50.0,0.3,0.6,50.0,0.9,0.6,0.3,0.0,0.3,20.0,
31897,2023,Northwestern Wildcats,R. Dixon III,G,,,0.1,0.2,0.1,1.2,0.0,0.2,0.0,0.0,0.1,0.0,0.1,0.1,100.0,0.0,0.2,0.1,0.0,0.2,14.0,
31898,2023,Notre Dame Fighting Irish,N. Laszewski,F,,,13.7,7.2,1.3,34.2,4.5,8.8,50.9,1.8,4.5,39.2,2.9,3.5,84.7,0.9,6.3,0.4,0.7,1.3,32.0,
31899,2023,Notre Dame Fighting Irish,C. Ryan,G,,,12.3,4.0,2.5,34.0,4.2,10.2,40.9,2.0,5.7,34.4,1.9,2.3,82.7,0.7,3.3,1.3,0.4,1.5,32.0,
31900,2023,Notre Dame Fighting Irish,D. Goodwin,G,,,11.3,5.1,2.0,35.5,4.3,9.9,43.5,1.4,3.6,38.8,1.2,1.5,83.0,1.1,4.0,0.8,0.3,0.9,32.0,
31904,2023,Notre Dame Fighting Irish,M. Zona,F,,,1.7,1.4,0.3,6.9,0.7,1.3,50.0,0.3,0.6,54.5,0.1,0.1,66.7,0.3,1.1,0.1,0.2,0.4,20.0,
31906,2023,Notre Dame Fighting Irish,A. Wade,G,,,0.2,0.0,0.2,1.2,0.0,0.4,0.0,0.0,0.0,0.0,0.2,0.6,33.3,0.0,0.0,0.0,0.0,0.4,5.0,
31907,2023,Notre Dame Fighting Irish,R. Carmody,G,,,0.2,0.3,0.0,3.2,0.0,0.2,0.0,0.0,0.0,0.0,0.2,0.7,25.0,0.0,0.3,0.2,0.0,0.3,6.0,
31908,2023,Notre Dame Fighting Irish,T. Sanders Jr.,G,,,0.0,0.2,0.0,1.4,0.0,0.0,0.0,0.0,0.0,0.0,0.0,0.4,0.0,0.2,0.0,0.2,0.0,0.2,5.0,
31910,2023,Oakland Golden Grizzlies,T. Townsend,F,,,16.5,7.6,1.5,36.2,6.6,12.8,51.8,0.6,1.6,38.5,2.6,3.6,73.7,2.2,5.3,1.0,1.0,2.1,32.0,
31912,2023,Oakland Golden Grizzlies,B. Lampman,G,,,10.0,2.7,1.7,34.3,3.3,9.9,33.3,2.4,7.7,31.5,1.0,1.4,70.0,0.5,2.2,1.9,0.6,1.1,28.0,
31913,2023,Oakland Golden Grizzlies,R. Watts,G,,,8.7,2.7,1.2,26.4,3.3,8.9,37.5,1.1,4.3,26.6,0.9,1.4,61.9,0.7,2.1,1.0,0.1,1.0,29.0,
31914,2023,Oakland Golden Grizzlies,C. Conway,F,,,4.5,2.7,0.3,15.4,1.9,2.9,67.4,0.0,0.1,0.0,0.6,0.8,76.0,0.9,1.8,0.2,0.4,0.5,32.0,
31915,2023,Oakland Golden Grizzlies,O. Price,G,,,3.1,1.6,0.6,16.3,1.0,2.6,39.3,0.7,1.8,35.6,0.4,0.5,80.0,0.5,1.1,0.5,0.1,0.6,32.0,
31916,2023,Oakland Golden Grizzlies,L. Bowman II,G,,,2.9,1.0,0.9,6.8,0.9,3.1,29.7,0.6,1.9,30.4,0.5,0.5,100.0,0.0,1.0,0.3,0.0,0.7,12.0,
31917,2023,Oakland Golden Grizzlies,W. Shepherd,F,,,2.0,1.1,0.2,7.7,0.7,2.1,32.0,0.4,1.4,29.4,0.2,0.2,83.3,0.5,0.6,0.3,0.0,0.1,24.0,
31921,2023,Ohio Bobcats,D. Wilson III,F,,,15.4,9.2,1.3,25.3,6.4,10.3,61.8,0.0,0.0,0.0,2.7,3.8,71.1,3.6,5.6,0.4,0.2,1.6,32.0,
31926,2023,Ohio Bobcats,E. James IV,G,,,6.8,1.9,0.4,15.6,2.5,5.0,51.0,0.5,1.4,40.5,1.2,1.5,78.7,0.6,1.3,0.4,0.1,0.8,31.0,
31928,2023,Ohio Bobcats,B. Roderick,F,,,5.2,2.9,0.6,19.9,1.6,4.5,36.7,1.0,2.7,38.6,0.9,1.3,67.4,0.8,2.1,0.5,0.2,0.6,33.0,
31929,2023,Ohio Bobcats,G. Wiznitzer,C,,,3.3,3.3,0.4,13.2,1.3,2.6,51.2,0.0,0.0,0.0,0.7,1.0,71.0,1.1,2.2,0.2,0.2,1.4,32.0,
31930,2023,Ohio Bobcats,A. Hadaway,F,,,2.1,1.3,0.1,7.1,0.8,2.0,40.9,0.1,0.6,15.4,0.4,0.6,57.1,0.4,0.9,0.1,0.2,0.5,22.0,
31931,2023,Ohio Bobcats,Q. Corna,G,,,1.4,0.3,0.4,2.3,0.6,1.0,57.1,0.1,0.4,33.3,0.1,0.3,50.0,0.0,0.3,0.3,0.0,0.0,7.0,
31932,2023,Ohio Bobcats,A. Sheldon,G,,,1.2,0.6,1.0,8.4,0.4,1.3,35.1,0.2,0.8,30.4,0.0,0.2,14.3,0.2,0.4,0.4,0.1,0.4,29.0,
31933,2023,Ohio Bobcats,O. Adelodun,F,,,1.0,1.0,0.4,5.4,0.4,1.5,25.0,0.2,0.7,23.1,0.1,0.3,33.3,0.2,0.8,0.4,0.1,0.2,19.0,
31935,2023,Ohio State Buckeyes,J. Sueing,F,,,12.3,5.2,1.8,30.3,4.5,10.6,42.4,0.8,2.8,28.9,2.6,3.4,75.0,1.7,3.5,0.7,0.4,1.8,35.0,
31936,2023,Ohio State Buckeyes,Z. Key,F,,,10.8,7.5,0.8,24.9,4.2,7.6,54.7,0.3,1.0,29.2,2.2,3.4,65.9,3.0,4.5,0.6,1.0,1.4,25.0,
31937,2023,Ohio State Buckeyes,B. Thornton,G,,,10.6,2.7,2.6,30.5,4.0,8.7,45.6,1.2,3.2,37.5,1.5,2.0,72.9,0.3,2.5,0.8,0.1,1.3,35.0,
31939,2023,Ohio State Buckeyes,R. Gayle Jr.,G,,,4.6,1.6,0.9,16.3,1.8,4.0,44.0,0.6,1.4,42.9,0.5,0.6,81.0,0.3,1.4,0.6,0.3,0.8,35.0,
31940,2023,Ohio State Buckeyes,F. Okpara,F,,,4.0,3.6,0.3,15.5,1.7,3.0,58.7,0.0,0.1,20.0,0.5,0.7,61.5,1.3,2.3,0.4,1.3,0.5,35.0,
31943,2023,Ohio State Buckeyes,E. Brown III,F,,,2.2,1.5,0.2,10.0,0.8,1.5,53.1,0.3,0.7,37.5,0.4,0.5,66.7,0.4,1.1,0.4,0.3,0.4,22.0,
31944,2023,Ohio State Buckeyes,B. Hardman,G,,,1.7,0.0,0.0,2.7,0.6,1.1,50.0,0.6,1.1,50.0,0.0,0.0,0.0,0.0,0.0,0.0,0.0,0.0,7.0,
31945,2023,Ohio State Buckeyes,K. Etzler,F,,,0.8,1.3,0.1,3.2,0.3,0.9,37.5,0.1,0.6,20.0,0.0,0.0,0.0,0.2,1.1,0.0,0.0,0.2,9.0,
31946,2023,Ohio State Buckeyes,O. Spencer,F,,,0.4,1.3,0.3,2.7,0.1,0.9,16.7,0.0,0.0,0.0,0.1,0.3,50.0,0.7,0.6,0.0,0.0,0.3,7.0,
31947,2023,Ohio State Buckeyes,C. Baumann,G,,,0.0,1.0,0.3,2.0,0.0,0.7,0.0,0.0,0.3,0.0,0.0,0.0,0.0,0.7,0.3,0.0,0.0,0.3,3.0,
31949,2023,Oklahoma Sooners,T. Groves,F,,,10.2,7.2,1.4,25.4,3.8,7.4,50.8,0.8,2.6,28.6,2.0,2.7,72.4,1.2,6.0,0.8,1.1,1.7,32.0,
31951,2023,Oklahoma Sooners,M. Uzan,G,,,7.6,2.7,3.0,28.6,2.9,6.2,47.0,0.9,2.2,40.8,0.8,1.1,76.5,0.2,2.5,0.8,0.2,2.2,32.0,
31952,2023,Oklahoma Sooners,J. Groves,F,,,6.8,2.5,0.8,20.4,2.5,5.8,43.8,1.2,3.0,38.1,0.5,0.8,70.8,0.5,2.0,0.4,0.1,0.8,32.0,
31953,2023,Oklahoma Sooners,S. Godwin,F,,,4.9,3.3,0.4,12.9,2.0,3.0,66.0,0.0,0.0,0.0,0.9,1.4,62.2,1.5,1.8,0.3,0.7,0.6,32.0,
31954,2023,Oklahoma Sooners,O. Oweh,G,,,4.8,2.1,0.2,13.3,1.7,3.8,44.3,0.0,0.1,25.0,1.4,2.1,65.0,0.8,1.4,1.2,0.2,1.1,28.0,
31956,2023,Oklahoma Sooners,C. Noland,G,,,3.2,1.3,0.6,14.5,1.2,3.2,35.7,0.5,2.1,23.6,0.4,0.7,52.6,0.2,1.2,0.5,0.0,0.8,26.0,
31957,2023,Oklahoma Sooners,B. Cortes,G,,,3.2,1.6,2.0,17.2,1.2,2.7,44.2,0.4,0.9,48.1,0.4,0.6,61.1,0.1,1.4,0.6,0.1,1.4,29.0,
31959,2023,Oklahoma Sooners,B. Seacat,G,,,0.0,0.0,0.0,1.0,0.0,0.0,0.0,0.0,0.0,0.0,0.0,0.0,0.0,0.0,0.0,0.0,0.0,0.0,4.0,
31960,2023,Oklahoma Sooners,Y. Keita,C,,,0.0,0.0,0.0,1.5,0.0,0.0,0.0,0.0,0.0,0.0,0.0,0.0,0.0,0.0,0.0,0.0,0.0,0.0,2.0,
31961,2023,Oklahoma Sooners,J. Moser,G,,,0.0,0.0,0.0,0.9,0.0,0.0,0.0,0.0,0.0,0.0,0.0,0.0,0.0,0.0,0.0,0.0,0.0,0.0,7.0,
31963,2023,Oklahoma State Cowboys,A. Anderson III,G,,,11.1,3.5,3.4,27.9,3.5,8.8,39.9,0.5,2.8,18.0,3.6,4.4,82.3,0.4,3.1,1.5,0.4,3.0,22.0,
31967,2023,Oklahoma State Cowboys,M. Cisse,C,,,6.8,8.0,0.6,22.6,2.9,4.9,58.2,0.0,0.0,0.0,1.1,2.6,41.0,2.3,5.7,0.3,1.9,1.2,32.0,
31969,2023,Oklahoma State Cowboys,W. Newton,G,,,4.3,3.4,0.5,16.9,1.5,4.1,36.4,0.6,2.2,27.7,0.7,1.2,61.8,0.9,2.5,0.3,0.2,0.8,29.0,
31970,2023,Oklahoma State Cowboys,Q. Williams,G,,,3.2,2.5,0.9,13.1,1.2,3.4,35.3,0.3,1.3,20.5,0.6,0.7,76.0,1.1,1.5,0.4,0.1,1.0,34.0,
31972,2023,Oklahoma State Cowboys,W. Church,G,,,0.4,0.1,0.0,1.1,0.1,0.1,100.0,0.1,0.1,100.0,0.0,0.0,0.0,0.0,0.1,0.0,0.0,0.0,7.0,
31973,2023,Oklahoma State Cowboys,B. Kouma,F,,,0.2,0.4,0.0,2.1,0.1,0.5,20.0,0.0,0.0,0.0,0.0,0.2,0.0,0.1,0.3,0.1,0.2,0.1,10.0,
31977,2023,Old Dominion Monarchs,C. Jenkins,G,,,13.5,3.4,2.9,31.5,4.7,10.2,45.9,0.8,2.3,36.6,3.3,4.3,76.1,0.7,2.7,0.9,0.5,2.2,31.0,
31979,2023,Old Dominion Monarchs,M. Long,F,,,10.7,8.7,1.3,32.8,3.5,8.1,43.8,0.9,2.6,35.9,2.7,4.1,66.1,2.4,6.3,1.5,0.5,1.7,30.0,
31982,2023,Old Dominion Monarchs,I. Essien,G,,,5.2,2.8,2.3,26.8,2.0,5.5,37.2,0.5,1.7,31.0,0.6,0.9,69.6,0.4,2.4,0.8,0.0,1.2,25.0,
31984,2023,Old Dominion Monarchs,C. Smith IV,G,,,3.5,1.2,0.3,10.6,1.1,3.2,35.4,0.8,2.1,34.9,0.5,0.5,90.0,0.2,1.0,0.5,0.1,0.7,20.0,
31985,2023,Old Dominion Monarchs,D. Stines,G,,,3.0,1.0,0.6,14.8,1.2,4.4,27.0,0.5,2.2,22.2,0.1,0.3,50.0,0.2,0.9,0.3,0.2,0.7,28.0,
31986,2023,Old Dominion Monarchs,B. Baker,G,,,2.9,1.4,0.2,11.8,1.0,2.7,35.1,0.8,2.3,33.3,0.1,0.3,44.4,0.5,1.0,0.4,0.1,0.2,27.0,
31987,2023,Old Dominion Monarchs,J. Wade,G,,,1.2,1.0,0.6,7.2,0.6,1.3,42.3,0.1,0.1,50.0,0.0,0.1,0.0,0.6,0.3,0.4,0.2,0.4,20.0,
31992,2023,Ole Miss Rebels,J. Brakefield,F,,,11.1,5.7,1.7,28.9,4.0,7.5,53.7,1.0,2.9,35.1,2.1,2.8,73.4,1.4,4.3,0.7,0.2,1.5,33.0,
31993,2023,Ole Miss Rebels,D. Ruffin,G,,,9.5,1.1,3.2,18.3,3.3,8.9,36.7,1.1,3.6,30.0,1.9,2.6,72.4,0.1,1.0,0.6,0.1,1.5,11.0,
31998,2023,Ole Miss Rebels,R. Allen,F,,,4.4,3.4,1.2,16.2,1.6,3.5,44.4,0.2,0.4,35.7,1.1,1.8,63.8,1.4,2.0,0.6,0.3,1.0,33.0,
32001,2023,Ole Miss Rebels,T. Fagan,G,,,3.0,1.0,0.5,9.9,1.0,2.8,35.4,0.4,1.5,25.6,0.6,0.8,85.7,0.1,0.9,0.2,0.1,0.5,28.0,
32004,2023,Omaha Mavericks,F. Fidler,F,,,14.7,5.8,2.7,33.5,4.8,11.0,43.2,0.8,2.7,27.9,4.4,5.0,88.7,0.7,5.1,1.2,0.5,2.5,32.0,
32005,2023,Omaha Mavericks,M. Sutton,F,,,10.3,5.0,0.6,28.3,4.3,9.5,45.4,0.3,1.0,28.1,1.5,2.3,62.5,1.7,3.3,0.5,0.2,1.6,31.0,
32008,2023,Omaha Mavericks,L. Jungers,F,,,7.0,2.8,0.4,17.3,2.2,5.9,37.4,1.4,3.6,38.6,1.2,1.4,80.4,0.3,2.4,0.2,0.1,0.8,32.0,
32009,2023,Omaha Mavericks,T. Osburn,G,,,6.1,1.9,0.9,19.4,2.3,5.3,43.8,1.0,2.9,35.7,0.4,0.6,66.7,0.2,1.7,0.7,0.0,1.1,29.0,
32011,2023,Omaha Mavericks,D. Brougham,C,,,5.2,3.3,0.3,19.0,2.1,3.1,67.4,0.0,0.0,0.0,1.1,1.9,59.3,1.4,1.9,0.4,1.2,0.6,29.0,
32012,2023,Omaha Mavericks,J. Glover,G,,,3.7,2.8,1.1,19.4,1.5,3.3,46.5,0.3,1.0,34.5,0.3,0.4,75.0,1.5,1.3,0.4,0.2,0.8,30.0,
32013,2023,Omaha Mavericks,K. Luedtke,G,,,3.3,0.7,0.8,10.1,1.1,1.8,57.6,0.7,1.2,59.1,0.4,0.6,80.0,0.3,0.4,0.3,0.1,0.3,18.0,
32015,2023,Omaha Mavericks,L. Robinson,G,,,2.3,0.6,1.9,11.8,0.8,2.4,31.6,0.1,0.6,20.0,0.6,0.8,83.3,0.1,0.5,0.4,0.0,1.9,8.0,
32016,2023,Omaha Mavericks,G. Frickenstein,G,,,0.7,0.3,0.0,1.9,0.3,0.6,50.0,0.0,0.3,0.0,0.1,0.3,50.0,0.0,0.3,0.3,0.0,0.1,7.0,
32019,2023,Oral Roberts Golden Eagles,M. Abmas,G,,,21.9,4.4,4.0,36.1,6.9,15.7,43.6,3.5,9.4,37.3,4.6,5.1,91.9,0.5,3.9,1.1,0.2,2.0,34.0,
32021,2023,Oral Roberts Golden Eagles,I. McBride,G,,,11.8,2.7,2.6,31.0,4.3,9.1,47.8,1.8,4.5,40.8,1.3,1.6,83.6,0.3,2.5,0.7,0.0,1.1,35.0,
32022,2023,Oral Roberts Golden Eagles,C. Jurgens,G,,,9.0,4.1,2.3,25.4,3.5,7.6,46.8,1.0,3.0,33.3,0.9,1.5,60.4,0.8,3.3,0.8,0.3,1.2,35.0,
32026,2023,Oral Roberts Golden Eagles,T. Phipps,G,,,3.8,1.4,1.0,10.8,1.2,3.1,38.3,0.5,1.6,34.0,0.9,1.1,78.4,0.1,1.2,0.6,0.0,0.4,34.0,
32028,2023,Oral Roberts Golden Eagles,N. Clover III,C,,,1.8,1.3,0.0,6.1,0.8,1.6,48.0,0.0,0.2,0.0,0.2,0.6,40.0,0.6,0.7,0.3,0.4,0.5,16.0,
32029,2023,Oral Roberts Golden Eagles,C. Amboree,G,,,1.1,0.7,0.5,5.3,0.3,1.8,18.5,0.0,0.7,0.0,0.4,0.4,100.0,0.2,0.5,0.3,0.0,0.7,15.0,
32031,2023,Oral Roberts Golden Eagles,S. Herron,F,,,0.0,1.0,0.0,7.0,0.0,1.0,0.0,0.0,0.0,0.0,0.0,0.0,0.0,0.0,1.0,0.0,0.0,1.0,1.0,
32032,2023,Oregon Ducks,N. Dante,C,,,13.4,8.4,1.1,26.3,5.5,9.0,61.4,0.0,0.0,0.0,2.3,3.7,61.7,3.0,5.4,1.1,1.4,2.1,31.0,
32033,2023,Oregon Ducks,J. Couisnard,G,,,12.8,3.1,2.2,28.6,4.2,10.4,39.9,1.7,5.1,33.0,2.8,3.5,79.1,0.6,2.4,0.9,0.1,2.0,19.0,
32034,2023,Oregon Ducks,W. Richardson,G,,,12.2,3.6,5.1,35.7,4.3,10.0,42.9,1.5,4.4,33.8,2.1,2.5,81.0,0.7,2.9,1.5,0.1,3.0,33.0,
32035,2023,Oregon Ducks,K. Barthelemy,G,,,9.3,2.0,2.4,25.9,3.3,8.0,41.1,1.4,4.0,35.8,1.3,1.7,80.0,0.2,1.7,0.6,0.1,1.0,24.0,
32036,2023,Oregon Ducks,Q. Guerrier,F,,,9.0,4.6,1.0,25.8,3.1,7.2,42.3,1.4,4.0,34.7,1.5,2.6,58.1,1.3,3.3,0.4,0.4,1.3,36.0,
32037,2023,Oregon Ducks,N. Bittle,C,,,7.3,5.1,0.8,18.3,2.6,5.2,49.0,0.8,2.2,33.9,1.4,2.1,66.7,1.1,4.0,0.4,1.2,0.8,28.0,
32038,2023,Oregon Ducks,R. Soares,G,,,7.2,3.6,1.8,27.9,2.5,6.6,38.1,0.7,2.8,25.3,1.5,1.8,83.1,1.4,2.2,0.6,0.3,1.6,36.0,
32040,2023,Oregon Ducks,B. Rigsby Jr.,G,,,4.2,2.3,0.8,17.7,1.6,4.0,40.0,0.6,2.2,27.7,0.3,0.4,77.8,0.6,1.7,0.7,0.2,0.6,21.0,
32041,2023,Oregon Ducks,L. Wur,F,,,2.6,2.2,0.3,10.8,0.8,2.1,37.3,0.3,1.1,30.0,0.7,0.9,73.1,0.8,1.5,0.1,0.3,0.4,28.0,
32043,2023,Oregon Ducks,B. Parris,G,,,0.7,0.3,0.3,2.7,0.2,0.5,50.0,0.2,0.3,50.0,0.0,0.0,0.0,0.1,0.2,0.2,0.0,0.1,12.0,
32044,2023,Oregon Ducks,G. Reichle,G,,,0.5,0.6,0.4,6.7,0.1,0.8,15.4,0.1,0.5,22.2,0.1,0.2,50.0,0.0,0.6,0.1,0.1,0.4,17.0,
32047,2023,Oregon State Beavers,J. Pope,G,,,12.6,2.6,2.3,33.5,4.4,10.4,42.3,1.9,5.0,37.7,1.9,2.3,83.6,0.4,2.2,0.9,0.1,1.4,32.0,
32048,2023,Oregon State Beavers,G. Taylor Jr.,F,,,11.6,3.7,2.2,30.1,3.5,8.2,43.1,0.6,2.0,30.8,3.9,4.9,80.1,0.7,3.0,0.6,0.1,2.5,32.0,
32049,2023,Oregon State Beavers,D. Akanno,G,,,7.9,2.4,1.6,26.3,2.5,7.1,35.5,1.0,3.8,25.4,1.8,2.5,74.7,0.2,2.2,0.7,0.1,2.2,32.0,
32050,2023,Oregon State Beavers,T. Bilodeau,F,,,7.0,3.9,0.6,19.6,2.6,5.8,45.7,0.4,1.2,30.0,1.4,1.7,81.5,1.0,2.8,0.4,0.3,1.2,32.0,
32051,2023,Oregon State Beavers,M. Rataj,G,,,6.1,4.1,1.0,20.9,2.3,5.3,43.8,0.6,1.6,37.3,0.9,1.5,59.6,1.4,2.7,0.7,0.3,1.1,32.0,
32053,2023,Oregon State Beavers,R. Andela,F,,,4.6,3.5,0.4,14.6,2.1,3.9,53.3,0.0,0.0,0.0,0.5,0.6,75.0,1.1,2.5,0.2,0.4,1.0,31.0,
32054,2023,Oregon State Beavers,J. Rochelin,G,,,2.8,1.4,0.3,13.2,0.8,2.8,28.6,0.5,1.5,33.3,0.7,0.7,100.0,0.5,0.9,1.0,0.2,0.8,10.0,
32055,2023,Oregon State Beavers,K. Ibekwe,C,,,2.5,2.3,0.1,9.2,0.9,2.2,40.4,0.0,0.0,0.0,0.7,1.5,43.8,1.0,1.3,0.0,1.0,1.0,21.0,
32056,2023,Oregon State Beavers,C. Marial,C,,,2.2,2.2,0.2,13.1,0.8,2.4,31.8,0.2,0.7,33.3,0.4,0.4,100.0,0.4,1.8,0.2,1.2,1.1,9.0,
32057,2023,Oregon State Beavers,C. Wright,G,,,2.2,0.9,1.0,14.3,0.5,2.7,17.3,0.1,1.5,6.9,1.2,1.3,88.0,0.2,0.8,0.4,0.1,0.5,19.0,
32058,2023,Oregon State Beavers,J. Stevens,F,,,1.9,1.5,0.4,10.9,0.5,1.7,30.0,0.2,1.1,21.1,0.7,1.1,65.0,0.5,1.0,0.3,0.1,0.4,18.0,
32060,2023,Oregon State Beavers,F. Palazzo,G,,,0.0,0.0,0.0,1.0,0.0,0.0,0.0,0.0,0.0,0.0,0.0,0.0,0.0,0.0,0.0,0.0,0.0,0.0,1.0,
32063,2023,Pacific Tigers,L. Avdalovic,G,,,9.6,2.0,0.8,28.5,3.1,6.2,49.5,2.1,4.0,51.1,1.4,1.6,86.8,0.2,1.8,0.5,0.1,0.6,33.0,
32064,2023,Pacific Tigers,T. Beard,G,,,9.1,2.6,2.6,22.2,3.2,6.7,48.1,0.8,1.8,42.9,1.9,2.5,75.0,0.3,2.3,0.7,0.1,1.7,32.0,
32065,2023,Pacific Tigers,N. Blake,G,,,8.6,2.6,1.1,19.3,2.8,6.2,45.2,0.9,2.4,36.7,2.1,2.8,75.4,0.4,2.2,0.4,0.3,1.1,25.0,
32067,2023,Pacific Tigers,J. Martindale,F,,,6.5,2.4,1.1,20.4,2.3,4.8,47.5,0.8,2.1,40.0,1.1,1.4,76.1,0.4,2.0,0.4,0.4,1.4,33.0,
32068,2023,Pacific Tigers,M. Odum,G,,,5.6,1.7,3.5,15.9,2.1,4.9,43.7,0.4,1.6,26.0,0.9,1.3,68.3,0.2,1.5,0.8,0.0,1.2,31.0,
32069,2023,Pacific Tigers,C. Denson,F,,,4.1,3.4,0.3,14.3,1.6,3.5,44.8,0.2,0.9,26.7,0.7,1.8,39.7,1.1,2.2,0.5,0.6,1.3,33.0,
32070,2023,Pacific Tigers,G. Outlaw,G,,,4.0,1.8,0.5,12.9,1.4,3.5,38.9,0.3,0.9,34.5,0.9,1.5,61.7,0.5,1.3,0.6,0.1,0.7,31.0,
32071,2023,Pacific Tigers,S. Freeman,F,,,2.7,2.6,0.3,11.1,1.1,2.2,52.4,0.0,0.0,0.0,0.4,0.8,52.2,0.8,1.7,0.3,0.6,0.5,29.0,
32073,2023,Pacific Tigers,G. Edwards,G,,,1.0,0.0,0.0,1.9,0.3,0.7,40.0,0.3,0.4,66.7,0.1,0.3,50.0,0.0,0.0,0.0,0.0,0.3,7.0,
32074,2023,Pacific Tigers,M. Richards,C,,,0.6,1.2,0.1,6.2,0.3,0.4,62.5,0.0,0.0,0.0,0.1,0.1,100.0,0.4,0.8,0.1,0.2,0.2,19.0,
32075,2023,Penn State Nittany Lions,J. Pickett,G,,,17.7,7.4,6.6,36.5,7.0,13.8,50.8,1.2,3.2,38.1,2.4,3.2,76.3,1.2,6.2,0.9,0.5,2.3,37.0,
32076,2023,Penn State Nittany Lions,S. Lundy,G,,,14.2,6.3,0.9,31.7,4.6,10.2,45.0,2.6,6.4,40.0,2.4,3.0,80.7,0.9,5.3,0.8,0.6,0.9,36.0,
32079,2023,Penn State Nittany Lions,M. Dread,G,,,5.5,2.0,0.9,21.5,1.9,4.6,40.1,1.6,4.3,38.4,0.2,0.2,66.7,0.2,1.8,0.5,0.1,0.4,37.0,
32080,2023,Penn State Nittany Lions,K. Clary,G,,,3.7,0.9,0.7,10.4,1.5,3.5,43.4,0.2,0.5,29.4,0.4,0.6,70.0,0.1,0.8,0.3,0.0,0.7,32.0,
32084,2023,Penn State Nittany Lions,C. Dorsey,F,,,2.3,2.2,0.4,12.0,0.9,2.3,37.8,0.2,0.8,33.3,0.3,0.5,62.5,0.6,1.6,0.4,0.2,0.5,16.0,
32087,2023,Penn State Nittany Lions,D. Lilley,C,,,0.8,0.4,0.0,2.8,0.4,0.6,66.7,0.0,0.0,0.0,0.0,0.6,0.0,0.0,0.4,0.0,0.2,0.4,5.0,
32088,2023,Penn State Nittany Lions,A. Christos,G,,,0.0,0.0,0.0,1.5,0.0,0.5,0.0,0.0,0.5,0.0,0.0,0.0,0.0,0.0,0.0,0.0,0.0,0.0,2.0,
32089,2023,Penn State Nittany Lions,D. Conlan,G,,,0.0,0.2,0.0,2.0,0.0,0.5,0.0,0.0,0.0,0.0,0.0,0.0,0.0,0.0,0.2,0.2,0.0,0.0,6.0,
32090,2023,Penn State Nittany Lions,I. Jagiasi,G,,,0.0,0.0,0.5,1.5,0.0,0.0,0.0,0.0,0.0,0.0,0.0,0.0,0.0,0.0,0.0,0.0,0.0,0.0,2.0,
32091,2023,Pennsylvania Quakers,J. Dingle,G,,,23.4,3.6,2.3,33.5,7.8,16.8,46.4,2.8,7.7,35.6,5.1,6.0,85.6,0.7,2.9,1.1,0.1,2.9,28.0,
32092,2023,Pennsylvania Quakers,C. Slajchert,G,,,13.6,3.0,1.8,29.1,4.9,11.1,44.0,1.5,4.3,34.5,2.3,2.7,87.5,0.7,2.3,1.0,0.0,1.8,27.0,
32093,2023,Pennsylvania Quakers,M. Martz,F,,,10.8,4.2,1.1,29.3,4.1,8.1,50.0,1.4,3.5,41.2,1.2,1.4,81.0,1.0,3.2,0.6,0.2,0.6,29.0,
32094,2023,Pennsylvania Quakers,N. Spinoso,F,,,8.8,5.6,3.1,22.1,3.8,7.4,51.6,0.0,0.3,0.0,1.1,2.5,44.6,1.9,3.7,0.7,0.4,3.0,30.0,
32095,2023,Pennsylvania Quakers,G. Smith,G,,,5.6,3.9,1.0,20.5,2.0,3.9,50.0,1.1,2.3,46.3,0.6,1.1,53.8,0.8,3.1,0.5,0.1,1.0,23.0,
32096,2023,Pennsylvania Quakers,L. Monroe,F,,,4.9,6.0,2.1,23.6,1.6,3.8,42.6,0.1,0.4,25.0,1.5,1.9,82.1,1.1,4.8,0.6,0.6,1.3,30.0,
32098,2023,Pennsylvania Quakers,E. Holland III,G,,,3.5,1.5,0.3,9.9,1.1,2.6,41.0,0.3,0.7,45.5,1.1,1.3,84.2,0.3,1.2,0.1,0.4,0.5,15.0,
32099,2023,Pennsylvania Quakers,C. Thrower,G,,,2.8,0.8,0.5,7.9,1.1,2.7,40.6,0.4,1.4,29.4,0.2,0.2,100.0,0.1,0.8,0.1,0.1,0.2,12.0,
32100,2023,Pennsylvania Quakers,M. Lorca-Lloyd,C,,,2.6,3.6,1.0,13.9,1.0,1.8,54.9,0.0,0.0,0.0,0.6,1.0,55.2,0.9,2.7,0.1,1.2,0.8,28.0,
32101,2023,Pennsylvania Quakers,A. Laczkowski,G,,,2.3,2.2,0.6,10.1,0.9,1.9,48.6,0.3,1.1,28.6,0.1,0.4,28.6,0.9,1.3,0.4,0.2,0.1,19.0,
32102,2023,Pennsylvania Quakers,R. McMullen,G,,,1.6,0.6,0.4,7.9,0.5,1.6,31.8,0.4,1.2,29.4,0.3,0.4,66.7,0.0,0.6,0.1,0.0,0.2,14.0,
32103,2023,Pennsylvania Quakers,M. Moshkovitz,F,,,1.5,2.4,2.0,12.7,0.6,1.3,50.0,0.2,0.5,40.0,0.0,0.2,0.0,0.5,1.8,0.5,0.2,0.8,22.0,
32104,2023,Pennsylvania Quakers,G. Larson,F,,,0.6,1.2,0.0,6.6,0.2,0.6,33.3,0.2,0.2,100.0,0.0,0.2,0.0,0.4,0.8,0.0,0.4,0.8,5.0,
32105,2023,Pennsylvania Quakers,C. Chambers,G,,,0.4,0.3,0.4,3.6,0.1,1.1,12.5,0.0,1.0,0.0,0.1,0.3,50.0,0.1,0.1,0.1,0.0,0.3,7.0,
32106,2023,Pepperdine Waves,M. Lewis,F,,,17.1,5.7,2.8,31.4,6.1,13.0,46.8,1.5,4.3,34.8,3.5,4.4,78.7,1.2,4.5,0.8,0.8,3.3,31.0,
32107,2023,Pepperdine Waves,H. Mallette,G,,,13.0,3.6,2.5,33.8,4.6,11.1,41.4,1.8,5.4,32.9,2.0,2.5,81.8,0.2,3.5,0.9,0.1,1.4,31.0,
32110,2023,Pepperdine Waves,C. Basham,F,,,7.4,4.1,1.2,18.4,3.0,5.1,57.8,0.0,0.0,0.0,1.5,2.5,57.9,1.6,2.5,0.5,1.2,1.1,30.0,
32111,2023,Pepperdine Waves,J. Zidek,F,,,7.3,2.2,0.7,17.7,2.5,6.1,41.2,1.0,3.3,30.7,1.2,1.6,76.7,0.5,1.7,0.3,0.1,1.0,27.0,
32112,2023,Pepperdine Waves,B. Coulibaly,F,,,5.8,4.5,0.6,18.0,2.3,4.2,56.0,0.0,0.0,0.0,1.1,2.3,46.4,1.2,3.3,0.4,1.3,1.2,12.0,
32116,2023,Pepperdine Waves,J. Yoon,G,,,0.4,0.3,0.0,2.0,0.2,0.4,50.0,0.0,0.1,0.0,0.0,0.2,0.0,0.0,0.3,0.1,0.0,0.1,10.0,
32117,2023,Pepperdine Waves,M. Deng,G,,,0.3,0.7,0.1,2.7,0.0,0.5,0.0,0.0,0.3,0.0,0.2,0.3,75.0,0.1,0.6,0.0,0.0,0.3,12.0,
32119,2023,Pittsburgh Panthers,B. Hinson,F,,,15.3,6.0,1.2,31.7,5.0,11.8,42.8,2.7,7.1,38.0,2.5,3.7,67.9,1.4,4.6,0.6,0.5,1.7,36.0,
32122,2023,Pittsburgh Panthers,N. Sibande,G,,,8.4,4.1,1.2,22.5,2.9,6.7,43.2,1.2,3.4,34.7,1.5,2.0,74.6,0.5,3.6,0.5,0.2,1.0,36.0,
32123,2023,Pittsburgh Panthers,J. Hugley IV,F,,,8.0,3.6,0.8,18.3,2.8,5.8,47.8,0.6,1.2,50.0,1.9,2.6,71.4,1.6,2.0,0.4,0.8,2.0,8.0,
32124,2023,Pittsburgh Panthers,F. Federiko,F,,,6.6,5.3,0.5,23.4,2.7,4.0,66.7,0.0,0.0,0.0,1.3,1.9,64.7,2.5,2.9,0.4,1.7,0.9,35.0,
32125,2023,Pittsburgh Panthers,G. Diaz Graham,F,,,3.5,3.2,0.7,12.0,1.2,2.6,44.7,0.2,0.8,25.9,1.0,1.5,68.0,1.4,1.9,0.5,0.8,0.6,33.0,
32126,2023,Pittsburgh Panthers,J. Diaz Graham,F,,,2.9,2.2,0.4,9.2,0.7,2.3,32.9,0.4,1.1,35.3,1.1,1.4,75.0,0.6,1.6,0.5,0.5,0.3,31.0,
32127,2023,Pittsburgh Panthers,N. Santos,F,,,1.6,1.2,0.2,7.3,0.6,2.0,29.3,0.2,1.1,15.6,0.2,0.4,63.6,0.2,1.0,0.3,0.1,0.3,29.0,
32128,2023,Pittsburgh Panthers,A. Fisch,F,,,0.4,0.3,0.0,2.3,0.2,0.6,33.3,0.0,0.1,0.0,0.0,0.0,0.0,0.0,0.3,0.0,0.0,0.2,10.0,
32129,2023,Pittsburgh Panthers,K. Marshall,G,,,0.4,0.2,0.0,2.5,0.0,0.6,0.0,0.0,0.5,0.0,0.4,0.7,50.0,0.1,0.1,0.0,0.0,0.0,11.0,
32130,2023,Portland Pilots,T. Robertson,G,,,15.6,5.5,5.3,34.2,4.6,11.5,39.8,1.3,4.1,32.8,5.1,6.5,78.4,0.9,4.6,0.8,0.3,3.0,32.0,
32131,2023,Portland Pilots,M. Wood,F,,,15.3,6.3,1.8,33.0,4.7,10.4,44.9,2.6,6.4,40.3,3.4,4.1,83.9,1.3,5.0,0.5,0.6,2.0,29.0,
32132,2023,Portland Pilots,K. Sjolund,F,,,11.7,4.6,1.1,24.4,4.2,8.3,50.2,1.6,4.3,37.8,1.7,2.1,80.9,1.3,3.3,0.4,0.4,1.5,33.0,
32134,2023,Portland Pilots,J. Gorosito,G,,,7.7,1.4,1.6,22.5,2.5,6.2,40.9,1.9,4.8,39.6,0.8,0.9,83.9,0.1,1.4,0.7,0.1,1.1,33.0,
32136,2023,Portland Pilots,V. Vucinic,C,,,5.0,2.8,0.6,11.3,2.1,3.3,64.7,0.0,0.1,0.0,0.7,1.2,61.1,1.2,1.6,0.2,0.4,0.9,31.0,
32137,2023,Portland Pilots,C. Nduka,F,,,4.2,3.2,0.8,20.4,1.5,3.0,51.5,0.1,0.2,60.0,1.1,1.8,58.3,1.4,1.8,0.6,0.3,1.0,33.0,
32139,2023,Portland Pilots,J. Perry,G,,,2.3,1.2,1.1,17.3,0.6,1.9,32.3,0.6,1.6,38.5,0.5,0.6,83.3,0.1,1.1,0.5,0.0,0.8,32.0,
32140,2023,Portland Pilots,C. Lemke,F,,,1.6,0.1,0.2,1.9,0.5,1.0,50.0,0.4,0.8,50.0,0.2,0.2,100.0,0.0,0.1,0.0,0.0,0.1,10.0,
32142,2023,Portland State Vikings,J. Saterfield,G,,,13.1,4.3,1.1,32.4,4.7,12.3,38.2,2.1,6.1,34.2,1.6,2.1,74.2,1.1,3.2,0.6,0.2,1.1,31.0,
32144,2023,Portland State Vikings,B. Harvey,G,,,7.4,2.8,0.5,17.8,2.6,6.6,39.9,1.9,4.9,38.8,0.3,0.4,61.5,0.9,1.9,0.4,0.1,0.8,30.0,
32145,2023,Portland State Vikings,I. Johnson,F,,,7.3,3.0,0.6,18.9,2.9,5.2,55.6,0.0,0.2,20.0,1.5,2.6,57.5,1.2,1.8,0.9,0.7,0.9,31.0,
32146,2023,Portland State Vikings,I. Kirby,G,,,5.7,1.8,1.0,14.6,2.3,5.3,43.1,0.4,1.6,26.1,0.8,1.0,78.6,0.7,1.0,0.6,0.0,1.0,29.0,
32147,2023,Portland State Vikings,M. Starks,G,,,4.8,1.3,2.0,22.0,1.6,4.5,36.5,0.4,1.8,24.5,1.0,1.5,69.0,0.1,1.1,1.1,0.1,1.4,28.0,
32148,2023,Portland State Vikings,K. Saunders,G,,,4.5,1.1,1.1,14.8,1.6,4.0,40.2,0.3,1.6,20.5,1.0,1.3,74.3,0.2,1.0,0.4,0.0,1.2,27.0,
32149,2023,Portland State Vikings,J. Eyman,F,,,3.0,2.3,0.4,13.3,1.3,2.4,53.5,0.0,0.0,0.0,0.4,0.9,44.0,0.9,1.3,0.2,0.8,1.1,29.0,
32150,2023,Portland State Vikings,K. Munson,F,,,2.5,1.8,0.2,7.4,1.1,2.0,54.1,0.0,0.2,20.0,0.3,0.5,56.3,0.6,1.2,0.3,0.6,0.5,30.0,
32152,2023,Portland State Vikings,H. Curtiss,C,,,2.1,1.7,0.2,6.0,0.9,1.5,58.8,0.1,0.1,66.7,0.3,0.6,50.0,0.8,0.9,0.1,0.4,0.2,23.0,
32154,2023,Prairie View AM Panthers,W. Douglas,G,,,15.0,4.8,2.1,28.0,5.3,12.4,42.6,1.0,2.9,34.4,3.5,4.3,81.1,1.3,3.5,1.3,0.1,2.7,31.0,
32156,2023,Prairie View AM Panthers,J. Gambrell,SG,,,9.6,1.8,1.5,25.1,3.2,9.7,32.8,1.6,5.8,27.2,1.7,2.4,71.2,0.3,1.5,0.6,0.2,1.9,28.0,
32162,2023,Prairie View AM Panthers,B. Myles,F,,,3.7,3.1,0.5,11.3,1.4,2.5,58.0,0.1,0.2,25.0,0.7,1.3,53.8,1.3,1.8,0.6,0.5,0.6,20.0,
32166,2023,Prairie View AM Panthers,M. Harris,F,,,1.3,1.7,0.2,10.7,0.5,1.1,41.2,0.1,0.2,40.0,0.3,0.5,56.3,0.6,1.1,0.3,0.3,0.3,30.0,
32168,2023,Prairie View AM Panthers,K. McGaskey,G,,,0.0,0.0,0.0,0.0,0.0,0.0,0.0,0.0,0.0,0.0,0.0,0.0,0.0,0.0,0.0,0.0,0.0,0.0,1.0,
32170,2023,Presbyterian Blue Hose,W. Hill,F,,,10.6,4.3,1.4,20.0,4.1,7.4,55.8,0.4,1.0,42.9,1.9,3.9,48.1,0.9,3.4,0.7,0.9,1.7,7.0,
32171,2023,Presbyterian Blue Hose,C. James,G,,,9.3,1.8,0.8,24.8,3.1,8.9,34.4,1.3,4.2,31.1,1.8,2.6,70.7,0.3,1.6,0.6,0.0,1.4,32.0,
32172,2023,Presbyterian Blue Hose,M. Barnett,G,,,9.0,4.9,1.8,31.1,3.4,7.9,43.5,0.9,3.3,28.3,1.2,2.0,60.9,1.2,3.7,1.2,0.7,2.1,32.0,
32173,2023,Presbyterian Blue Hose,O. McCormack,C,,,7.7,4.1,1.2,26.8,2.6,6.4,40.5,1.3,4.0,31.8,1.2,1.5,85.1,1.2,2.9,0.7,0.7,1.3,32.0,
32174,2023,Presbyterian Blue Hose,T. Reddish-Rhone,G,,,7.2,3.9,2.2,28.8,2.7,5.9,45.8,0.1,0.4,14.3,1.7,3.3,49.5,1.4,2.5,0.7,0.3,2.1,32.0,
32175,2023,Presbyterian Blue Hose,T. Ard Jr.,F,,,7.1,5.8,1.2,24.2,2.7,6.3,43.3,0.1,0.4,25.0,1.6,3.0,52.6,1.8,3.9,0.8,0.3,2.0,32.0,
32178,2023,Presbyterian Blue Hose,H. Jones,G,,,2.5,0.4,0.1,9.2,0.8,1.9,38.5,0.7,1.7,38.2,0.3,0.7,53.8,0.1,0.3,0.1,0.1,0.1,20.0,
32179,2023,Presbyterian Blue Hose,Q. Pettaway,G,,,1.9,0.4,0.8,11.6,0.7,1.6,45.2,0.3,0.5,50.0,0.2,0.3,66.7,0.1,0.3,0.3,0.1,0.7,19.0,
32180,2023,Presbyterian Blue Hose,J. Lovorn,G,,,1.3,0.6,0.8,8.1,0.5,1.7,30.0,0.2,1.0,16.7,0.2,0.2,66.7,0.2,0.4,0.3,0.0,0.3,12.0,
32182,2023,Presbyterian Blue Hose,J. McMahon,F,,,0.0,0.6,1.0,2.6,0.0,0.4,0.0,0.0,0.4,0.0,0.0,0.0,0.0,0.0,0.6,0.0,0.0,0.2,5.0,
32183,2023,Princeton Tigers,T. Evbuomwan,F,,,15.1,6.3,4.9,31.4,5.8,11.3,51.5,0.3,1.1,32.4,3.0,4.6,65.5,1.7,4.6,0.8,0.6,2.9,32.0,
32184,2023,Princeton Tigers,R. Langborg,G,,,12.7,3.1,1.6,31.3,4.3,10.2,42.3,2.1,6.2,33.2,2.0,2.5,82.3,0.3,2.8,0.8,0.6,1.6,32.0,
32185,2023,Princeton Tigers,M. Allocco,G,,,10.7,4.8,2.1,33.0,3.8,8.3,45.3,1.4,3.8,38.3,1.7,2.3,74.3,0.6,4.2,0.8,0.2,1.4,32.0,
32187,2023,Princeton Tigers,K. Kellman,F,,,7.9,4.5,0.5,16.9,3.3,5.3,61.4,0.0,0.0,0.0,1.3,2.2,62.3,1.7,2.8,0.1,0.8,1.6,32.0,
32188,2023,Princeton Tigers,B. Peters,G,,,6.0,1.8,0.4,13.8,1.9,4.6,40.5,1.7,4.2,39.7,0.5,0.7,73.9,0.3,1.5,0.3,0.1,0.3,32.0,
32190,2023,Princeton Tigers,X. Lee,G,,,4.8,1.8,0.9,13.3,1.5,3.9,37.6,0.4,1.8,23.2,1.4,1.8,80.4,0.2,1.6,0.5,0.1,0.9,32.0,
32191,2023,Princeton Tigers,Z. Martini,C,,,4.0,2.8,0.5,14.3,1.4,3.7,37.1,1.0,2.9,34.3,0.2,0.3,85.7,0.8,2.0,0.3,0.0,0.6,24.0,
32193,2023,Princeton Tigers,J. O'Connell,F,,,1.6,1.1,0.4,4.3,0.6,1.5,42.9,0.1,0.3,16.7,0.3,0.4,62.5,0.4,0.6,0.2,0.1,0.2,19.0,
32194,2023,Princeton Tigers,K. Kiszka,G,,,1.3,0.9,0.3,5.3,0.4,1.8,24.1,0.1,0.6,22.2,0.2,0.4,66.7,0.3,0.6,0.1,0.0,0.3,16.0,
32195,2023,Princeton Tigers,V. Collins,F,,,1.0,1.5,0.5,4.8,0.2,0.8,20.0,0.0,0.0,0.0,0.7,1.0,66.7,0.8,0.7,0.0,0.0,0.0,6.0,
32196,2023,Princeton Tigers,P. Byriel,F,,,0.5,0.5,0.5,3.2,0.2,0.8,22.2,0.2,0.8,22.2,0.0,0.0,0.0,0.2,0.3,0.0,0.1,0.2,11.0,
32197,2023,Princeton Tigers,L. Adebayo,F,,,0.3,0.3,0.0,2.5,0.2,1.0,16.7,0.0,0.5,0.0,0.0,0.0,0.0,0.0,0.3,0.3,0.0,0.2,6.0,
32198,2023,Providence Friars,B. Hopkins,F,,,15.8,8.5,2.3,34.9,5.3,11.7,45.2,0.8,2.3,36.4,4.4,5.8,75.9,1.6,6.8,0.8,0.6,2.3,33.0,
32199,2023,Providence Friars,E. Croswell,F,,,13.3,7.5,0.7,28.7,5.2,8.5,61.2,0.0,0.1,50.0,2.8,4.3,66.0,3.8,3.6,1.2,0.9,1.4,33.0,
32200,2023,Providence Friars,D. Carter,G,,,13.0,4.9,2.5,32.0,4.3,10.0,42.7,1.1,3.5,29.9,3.4,4.8,72.0,1.2,3.7,1.8,1.1,1.6,33.0,
32202,2023,Providence Friars,J. Bynum,G,,,10.0,2.4,4.3,27.6,3.3,8.6,38.4,1.3,4.1,31.9,2.0,2.4,83.1,0.4,2.1,0.9,0.1,1.6,29.0,
32203,2023,Providence Friars,A. Breed,G,,,4.8,2.4,1.5,18.5,1.6,4.0,39.8,0.4,1.5,27.7,1.2,1.4,82.6,0.2,2.2,0.8,0.0,1.2,32.0,
32205,2023,Providence Friars,C. Floyd Jr.,G,,,2.6,1.2,0.4,9.6,0.9,1.9,44.6,0.4,1.1,41.9,0.4,0.4,84.6,0.4,0.8,0.3,0.1,0.5,29.0,
32206,2023,Providence Friars,J. Pierre,G,,,2.5,1.0,1.9,11.0,1.0,2.3,42.7,0.4,0.7,54.5,0.2,0.3,80.0,0.3,0.8,0.2,0.1,0.7,33.0,
32207,2023,Providence Friars,R. Castro,F,,,1.8,2.1,0.3,6.5,0.7,1.4,51.4,0.0,0.2,0.0,0.4,0.6,62.5,1.0,1.1,0.4,0.5,0.3,26.0,
32208,2023,Providence Friars,L. Fonts,G,,,0.0,0.0,0.3,1.3,0.0,0.0,0.0,0.0,0.0,0.0,0.0,0.0,0.0,0.0,0.0,0.0,0.0,0.0,4.0,
32209,2023,Providence Friars,K. O'Haire,F,,,0.0,0.4,0.2,1.2,0.0,0.6,0.0,0.0,0.2,0.0,0.0,0.0,0.0,0.0,0.4,0.2,0.0,0.0,5.0,
32210,2023,Purdue Boilermakers,Z. Edey,C,,,22.3,12.9,1.5,31.7,8.5,14.1,60.7,0.0,0.0,0.0,5.2,7.1,73.4,5.5,7.4,0.2,2.1,2.3,34.0,
32213,2023,Purdue Boilermakers,M. Gillis,F,,,6.8,3.8,1.3,20.4,2.2,4.8,45.8,1.2,3.2,35.6,1.2,1.5,79.6,1.3,2.5,0.5,0.1,1.0,32.0,
32214,2023,Purdue Boilermakers,B. Newman,G,,,6.0,3.1,1.1,17.7,1.9,5.3,36.2,1.0,3.2,31.0,1.2,1.6,74.5,0.4,2.8,0.5,0.3,1.0,35.0,
32215,2023,Purdue Boilermakers,C. Furst,F,,,5.5,4.6,0.7,18.3,2.2,4.3,51.3,0.3,1.2,26.8,0.8,1.4,59.2,1.9,2.7,0.4,0.3,0.5,35.0,
32216,2023,Purdue Boilermakers,T. Kaufman-Renn,F,,,4.5,1.8,0.7,11.4,1.7,3.3,49.6,0.1,0.6,25.0,1.1,1.7,64.4,0.8,1.0,0.4,0.2,0.7,35.0,
32218,2023,Purdue Boilermakers,E. Morton,G,,,3.8,2.9,2.4,25.2,1.2,3.7,32.0,0.7,2.7,27.7,0.7,1.1,64.9,0.5,2.4,0.8,0.5,0.9,35.0,
32220,2023,Purdue Boilermakers,B. Waddell,F,,,0.5,0.6,0.4,8.1,0.2,1.1,15.8,0.0,0.5,0.0,0.2,0.2,100.0,0.0,0.6,0.1,0.0,0.4,17.0,
32221,2023,Purdue Boilermakers,C. Martin,G,,,0.5,0.5,0.3,1.8,0.2,0.8,33.3,0.0,0.2,0.0,0.0,0.0,0.0,0.0,0.5,0.0,0.0,0.3,4.0,
32222,2023,Purdue Boilermakers,S. King,F,,,0.0,0.3,0.0,1.5,0.0,0.0,0.0,0.0,0.0,0.0,0.0,0.0,0.0,0.0,0.2,0.0,0.0,0.3,4.0,
32223,2023,Purdue Fort Wayne Mastodons,J. Godfrey,G,,,17.8,5.3,3.6,33.2,5.6,13.7,40.7,2.3,6.8,33.8,4.3,4.8,89.3,0.2,5.1,1.6,0.5,3.0,31.0,
32224,2023,Purdue Fort Wayne Mastodons,B. Planutis,F,,,11.2,4.2,1.0,30.3,3.6,8.0,44.9,2.4,6.1,39.3,1.6,1.6,96.2,0.4,3.8,0.8,0.2,1.2,32.0,
32225,2023,Purdue Fort Wayne Mastodons,D. Chong Qui,G,,,9.3,1.7,3.7,29.2,3.7,10.3,35.9,0.8,3.2,24.0,1.1,1.8,63.2,0.3,1.4,0.9,0.0,2.1,32.0,
32226,2023,Purdue Fort Wayne Mastodons,D. Billups,G,,,9.1,3.4,1.3,25.2,3.2,7.6,41.6,1.9,5.1,38.0,0.9,1.4,62.2,0.8,2.6,0.9,0.4,1.7,32.0,
32227,2023,Purdue Fort Wayne Mastodons,A. Roberts,G,,,7.3,2.3,0.7,17.1,2.8,5.3,52.0,0.7,1.8,37.5,1.1,1.8,60.7,0.7,1.6,0.9,0.4,1.2,32.0,
32228,2023,Purdue Fort Wayne Mastodons,R. Kpedi,F,,,6.8,8.1,0.5,27.4,2.6,4.3,60.4,0.0,0.0,0.0,1.5,2.8,54.5,3.6,4.5,0.5,0.3,0.9,32.0,
32229,2023,Purdue Fort Wayne Mastodons,Q. Morton-Robertson,G,,,6.7,1.9,1.5,17.6,2.4,5.5,44.2,1.4,3.7,38.2,0.5,0.6,73.7,0.1,1.8,0.9,0.0,1.2,30.0,
32230,2023,Purdue Fort Wayne Mastodons,E. Mulder,F,,,2.8,2.2,0.1,8.3,1.1,1.6,65.4,0.0,0.1,0.0,0.6,1.2,51.3,1.2,1.1,0.3,0.3,0.4,32.0,
32232,2023,Purdue Fort Wayne Mastodons,J. DeJurnett,F,,,2.1,1.6,0.1,6.8,1.0,1.7,56.8,0.0,0.0,0.0,0.2,0.5,40.0,0.3,1.3,0.3,0.3,0.4,22.0,
32233,2023,Purdue Fort Wayne Mastodons,K. Dukes,G,,,2.0,1.0,0.0,3.5,1.0,3.0,33.3,0.0,2.0,0.0,0.0,1.0,0.0,0.0,1.0,0.0,0.0,0.0,2.0,
32237,2023,Quinnipiac Bobcats,M. Balanc,G,,,12.0,4.6,0.8,30.1,4.1,9.9,41.5,1.8,4.9,37.2,1.9,2.4,80.3,1.1,3.5,0.8,0.2,1.2,32.0,
32238,2023,Quinnipiac Bobcats,L. Kortright,G,,,10.3,4.1,3.9,26.5,3.8,9.8,38.9,0.8,2.8,30.2,1.8,3.4,54.8,0.7,3.4,1.3,0.1,2.1,31.0,
32240,2023,Quinnipiac Bobcats,P. Otieno,F,,,7.2,6.8,0.6,23.6,3.0,5.1,58.3,0.0,0.0,0.0,1.2,1.7,73.6,2.9,3.9,0.6,1.0,0.8,32.0,
32241,2023,Quinnipiac Bobcats,T. Chenery,G,,,5.3,3.2,0.5,21.0,1.8,4.6,39.9,0.8,2.6,32.5,0.8,1.2,62.5,0.8,2.3,0.7,0.3,0.9,32.0,
32242,2023,Quinnipiac Bobcats,J. Riggins,F,,,3.7,2.4,0.4,10.1,1.4,2.6,54.7,0.0,0.0,0.0,0.9,1.9,46.3,1.1,1.3,0.1,0.1,0.8,29.0,
32243,2023,Quinnipiac Bobcats,A. Reyes,F,,,2.9,2.0,0.3,11.1,1.0,2.3,43.5,0.5,1.5,35.0,0.4,0.6,68.8,0.4,1.5,0.1,0.1,0.4,27.0,
32244,2023,Quinnipiac Bobcats,S. Lewis,G,,,2.9,1.8,2.8,13.9,0.9,2.7,32.1,0.0,0.1,33.3,1.1,1.7,68.6,0.2,1.6,0.8,0.0,1.2,21.0,
32245,2023,Quinnipiac Bobcats,Q. Guth,G,,,0.0,0.0,0.0,0.7,0.0,0.0,0.0,0.0,0.0,0.0,0.0,0.0,0.0,0.0,0.0,0.0,0.0,0.0,3.0,
32246,2023,Quinnipiac Bobcats,N. Margetson,G,,,0.0,0.0,0.0,0.6,0.0,0.0,0.0,0.0,0.0,0.0,0.0,0.0,0.0,0.0,0.0,0.0,0.0,0.0,5.0,
32248,2023,Radford Highlanders,B. Antoine,G,,,11.4,2.9,1.4,28.3,4.0,8.4,47.9,1.8,4.3,42.1,1.6,1.8,90.9,0.2,2.7,1.7,0.3,0.9,31.0,
32249,2023,Radford Highlanders,J. Jeffers,G,,,8.5,2.4,3.9,25.1,3.2,8.2,38.5,0.5,1.8,28.6,1.7,2.6,64.9,0.4,2.1,0.9,0.1,1.9,36.0,
32250,2023,Radford Highlanders,K. Giles,G,,,8.4,1.3,1.0,21.8,3.1,8.3,37.6,1.2,3.8,32.6,0.9,1.1,85.0,0.2,1.0,0.9,0.1,0.8,36.0,
32251,2023,Radford Highlanders,S. Jules,F,,,7.7,6.0,0.3,21.0,3.1,4.4,70.0,0.0,0.1,0.0,1.5,2.3,66.7,2.1,4.0,0.3,0.8,0.9,34.0,
32252,2023,Radford Highlanders,J. Archer,F,,,7.7,7.0,0.6,23.7,2.9,4.7,63.1,0.0,0.0,0.0,1.8,2.8,62.6,3.3,3.7,0.5,0.6,1.2,32.0,
32256,2023,Radford Highlanders,I. Yamazaki,F,,,2.2,1.2,0.3,8.8,0.8,2.0,38.5,0.2,1.1,22.9,0.4,0.5,82.4,0.3,0.9,0.2,0.1,0.3,33.0,
32257,2023,Radford Highlanders,H. Castleberry,G,,,2.0,0.0,0.0,6.0,1.0,3.0,33.3,0.0,2.0,0.0,0.0,0.0,0.0,0.0,0.0,0.0,0.0,0.0,1.0,
32258,2023,Radford Highlanders,D. Pierce,C,,,0.8,1.3,0.2,6.2,0.2,0.9,26.7,0.0,0.0,0.0,0.4,0.5,75.0,0.5,0.8,0.1,0.4,0.4,17.0,
32259,2023,Rhode Island Rams,I. Leggett,G,,,16.4,5.8,2.4,34.5,5.1,12.9,39.3,1.5,4.8,32.0,4.7,5.6,84.5,1.6,4.2,1.4,0.3,2.3,31.0,
32262,2023,Rhode Island Rams,M. Martin,G,,,8.4,6.4,1.2,31.4,3.1,7.4,41.9,0.9,2.6,32.9,1.3,2.0,64.5,2.1,4.3,1.0,0.9,1.4,31.0,
32263,2023,Rhode Island Rams,J. Bilau,F,,,6.9,5.8,0.5,22.5,2.5,5.6,44.4,0.4,0.8,50.0,1.5,2.2,66.7,1.5,4.2,0.3,1.0,2.4,8.0,
32265,2023,Rhode Island Rams,B. Weston,G,,,4.6,2.6,0.3,17.5,1.4,3.7,37.1,0.3,1.1,27.3,1.5,1.9,81.0,0.9,1.7,0.5,0.4,1.1,31.0,
32268,2023,Rhode Island Rams,R. Stewart,F,,,2.5,1.6,0.2,10.5,0.9,2.3,39.0,0.5,1.6,33.3,0.2,0.4,60.0,0.5,1.1,0.1,0.1,0.3,26.0,
32270,2023,Rhode Island Rams,P. Pierre,G,,,0.0,0.0,0.0,0.7,0.0,0.0,0.0,0.0,0.0,0.0,0.0,0.0,0.0,0.0,0.0,0.0,0.0,0.0,3.0,
32271,2023,Rhode Island Rams,J. Ball,G,,,0.0,0.0,0.0,0.5,0.0,0.0,0.0,0.0,0.0,0.0,0.0,0.0,0.0,0.0,0.0,0.0,0.0,0.0,2.0,
32272,2023,Rice Owls,Q. Olivari,G,,,18.7,5.9,2.2,33.6,6.1,14.7,41.3,2.7,7.4,36.4,3.8,4.8,79.3,0.3,5.6,1.0,0.1,2.5,35.0,
32273,2023,Rice Owls,T. Evee,G,,,15.6,2.0,2.7,33.9,5.1,12.1,41.6,2.3,6.5,34.8,3.2,3.9,81.9,0.3,1.7,1.2,0.1,2.0,35.0,
32274,2023,Rice Owls,M. Fiedler,F,,,11.1,7.6,5.0,30.4,5.0,6.8,73.5,0.0,0.1,0.0,1.1,1.9,58.8,3.1,4.5,0.8,1.1,2.4,35.0,
32275,2023,Rice Owls,M. Mason,G,,,9.9,3.1,1.9,29.0,3.6,8.3,43.2,1.2,3.2,37.5,1.5,2.3,65.8,0.5,2.6,0.8,0.3,2.1,35.0,
32276,2023,Rice Owls,C. Sheffield,G,,,7.6,6.1,1.3,30.9,2.3,5.3,43.0,1.3,3.4,37.3,1.8,2.3,76.8,1.5,4.6,0.8,0.3,1.4,35.0,
32277,2023,Rice Owls,A. Huseinovic,G,,,5.3,1.2,0.4,15.5,2.0,4.3,45.9,0.9,2.4,36.6,0.5,0.6,84.2,0.1,1.0,0.5,0.0,0.4,34.0,
32279,2023,Rice Owls,A. Akuchie,F,,,2.8,2.2,0.5,8.5,1.1,1.9,57.4,0.0,0.2,0.0,0.6,1.1,55.6,0.8,1.5,0.1,0.4,0.4,25.0,
32280,2023,Rice Owls,I. Ufochukwu,C,,,2.4,2.1,0.1,4.0,1.1,1.7,66.7,0.0,0.0,0.0,0.2,0.6,40.0,0.6,1.6,0.0,0.4,0.1,9.0,
32281,2023,Rice Owls,J. Lieppert,G,,,2.3,2.1,0.6,11.5,0.8,1.9,43.3,0.3,1.0,30.6,0.4,0.5,76.5,0.3,1.8,0.2,0.1,0.5,35.0,
32282,2023,Rice Owls,J. Geron,G,,,1.9,1.2,0.3,7.8,0.4,2.0,22.2,0.4,1.7,26.7,0.6,1.0,55.6,0.0,1.2,0.3,0.0,0.3,9.0,
32284,2023,Rice Owls,D. McDowell Jr,F,,,0.7,0.3,0.0,1.7,0.0,0.0,0.0,0.0,0.0,0.0,0.7,0.7,100.0,0.3,0.0,0.0,0.0,0.0,3.0,
32285,2023,Rice Owls,R. Myers,G,,,0.6,0.0,0.4,1.7,0.1,0.3,50.0,0.0,0.0,0.0,0.3,0.3,100.0,0.0,0.0,0.0,0.0,0.1,7.0,
32286,2023,Rice Owls,J. Peakes,G,,,0.6,1.0,0.0,2.3,0.1,0.9,16.7,0.0,0.3,0.0,0.3,0.3,100.0,0.7,0.3,0.1,0.0,0.3,7.0,
32287,2023,Rice Owls,B. Moffat,F,,,0.5,0.8,0.3,2.0,0.2,0.2,100.0,0.0,0.0,0.0,0.0,0.0,0.0,0.0,0.8,0.0,0.0,0.0,4.0,
32288,2023,Richmond Spiders,T. Burton,F,,,19.0,7.4,1.5,36.2,6.3,14.0,44.9,1.7,5.7,29.3,4.7,6.2,76.1,1.1,6.3,1.5,0.5,2.2,33.0,
32289,2023,Richmond Spiders,N. Quinn,C,,,9.5,4.5,2.9,22.5,3.9,7.2,54.2,0.1,0.3,18.2,1.7,2.6,64.4,1.5,3.0,0.3,0.7,1.5,33.0,
32290,2023,Richmond Spiders,M. Grace,F,,,8.5,3.8,2.4,27.8,2.8,6.4,44.1,1.3,3.6,36.5,1.6,2.0,77.6,0.4,3.3,0.5,0.7,1.2,29.0,
32292,2023,Richmond Spiders,I. Bigelow,F,,,7.9,5.7,0.8,21.8,2.5,6.6,37.4,0.9,3.5,26.5,2.0,2.3,85.3,1.0,4.6,0.8,0.2,0.9,32.0,
32293,2023,Richmond Spiders,J. Roche,G,,,6.3,1.6,0.2,17.9,2.0,5.0,40.4,1.6,4.2,38.5,0.6,0.7,90.5,0.4,1.2,0.3,0.1,0.4,32.0,
32294,2023,Richmond Spiders,A. Gustavson,G,,,4.9,3.1,1.2,29.5,1.9,3.9,49.6,0.7,1.8,37.3,0.4,0.6,65.0,0.4,2.6,1.0,0.2,1.1,33.0,
32295,2023,Richmond Spiders,M. Randolph,G,,,3.3,1.0,0.7,12.5,1.1,2.6,42.5,0.5,1.4,40.0,0.5,0.9,62.1,0.3,0.7,0.2,0.1,0.9,33.0,
32296,2023,Richmond Spiders,D. Bailey,G,,,3.0,2.0,1.2,14.4,1.1,2.6,42.3,0.3,0.8,40.0,0.5,0.8,66.7,0.8,1.2,0.6,0.1,1.3,20.0,
32297,2023,Richmond Spiders,A. Noyes,F,,,2.0,0.6,0.0,4.3,0.8,1.2,60.0,0.3,0.6,57.1,0.2,0.2,100.0,0.2,0.4,0.2,0.0,0.0,12.0,
32298,2023,Richmond Spiders,Q. Southall,G,,,1.0,0.0,0.0,1.0,0.5,1.0,50.0,0.0,0.0,0.0,0.0,0.0,0.0,0.0,0.0,0.5,0.0,0.0,2.0,
32299,2023,Richmond Spiders,C. Crabtree,G,,,0.7,0.6,0.1,4.1,0.3,0.9,33.3,0.1,0.6,25.0,0.0,0.1,0.0,0.1,0.4,0.3,0.0,0.0,7.0,
32300,2023,Richmond Spiders,M. Walz,C,,,0.7,1.0,0.4,3.6,0.2,0.3,75.0,0.0,0.0,0.0,0.2,0.3,75.0,0.2,0.8,0.0,0.1,0.7,13.0,
32301,2023,Richmond Spiders,G. Arizin,G,,,0.5,0.3,0.0,1.3,0.2,0.5,50.0,0.0,0.2,0.0,0.0,0.0,0.0,0.0,0.2,0.0,0.0,0.3,4.0,
32303,2023,Richmond Spiders,L. Weaver,G,,,0.0,0.0,0.0,1.5,0.0,0.0,0.0,0.0,0.0,0.0,0.0,0.0,0.0,0.0,0.0,0.0,0.0,0.0,2.0,
32304,2023,Rider Broncs,D. Murray Jr.,G,,,15.7,5.0,3.0,36.7,5.6,13.2,41.9,1.7,4.3,40.0,2.8,3.6,78.1,0.6,4.4,1.4,0.1,2.1,29.0,
32306,2023,Rider Broncs,A. Powell,G,,,10.4,1.5,2.1,33.8,3.9,10.6,36.8,1.5,5.1,29.2,1.1,1.5,75.6,0.3,1.2,0.9,0.1,1.4,30.0,
32308,2023,Rider Broncs,A. Ogemuno-Johnson,F,,,6.5,5.7,1.0,20.4,2.5,4.5,54.3,0.0,0.0,0.0,1.5,2.3,66.2,2.2,3.5,0.9,0.5,1.2,28.0,
32309,2023,Rider Broncs,T. Ingraham,F,,,6.4,3.5,0.5,13.2,2.4,4.1,58.5,0.0,0.0,0.0,1.6,2.2,72.7,1.1,2.4,0.1,0.4,1.1,30.0,
32310,2023,Rider Broncs,C. McKeithan,G,,,3.4,1.3,1.2,14.7,1.3,3.5,38.5,0.2,1.2,18.9,0.5,0.6,78.9,0.3,1.0,0.7,0.0,0.6,30.0,
32313,2023,Rider Broncs,T. Bladen,F,,,2.2,1.5,0.3,7.7,1.0,1.3,73.7,0.0,0.0,0.0,0.3,0.6,52.9,0.7,0.8,0.2,0.2,0.3,29.0,
32315,2023,Rider Broncs,A. McCall,G,,,0.7,0.9,0.1,3.9,0.3,0.7,41.7,0.0,0.0,0.0,0.1,0.2,66.7,0.4,0.5,0.1,0.1,0.4,17.0,
32316,2023,Rider Broncs,J. McFadden,G,,,0.7,0.3,0.3,3.7,0.3,1.3,25.0,0.0,0.7,0.0,0.0,0.0,0.0,0.3,0.0,0.3,0.0,0.0,3.0,
32317,2023,Robert Morris Colonials,K. Spear,F,,,15.5,8.3,1.9,33.0,5.9,11.8,50.5,0.5,1.8,28.8,3.1,4.8,64.8,2.3,6.0,1.1,1.4,1.7,33.0,
32318,2023,Robert Morris Colonials,E. Cheeks,G,,,15.4,4.4,3.5,33.4,5.6,12.6,44.6,1.6,4.4,35.8,2.6,3.3,79.4,0.7,3.6,1.8,1.3,3.0,31.0,
32319,2023,Robert Morris Colonials,J. Corbin,G,,,10.5,2.5,1.3,31.3,3.5,9.5,36.9,2.8,7.7,36.8,0.6,0.6,95.2,0.2,2.3,1.0,0.2,1.5,33.0,
32320,2023,Robert Morris Colonials,M. Green III,G,,,9.0,1.7,4.2,26.3,3.2,7.4,42.8,1.0,2.9,36.0,1.6,1.9,83.3,0.2,1.5,0.9,0.0,2.2,31.0,
32321,2023,Robert Morris Colonials,S. Walker,F,,,6.8,6.0,0.4,20.2,2.8,5.1,55.7,0.1,0.4,18.2,1.1,1.5,72.3,2.7,3.3,0.1,0.3,1.3,31.0,
32322,2023,Robert Morris Colonials,J. Last,G,,,5.8,4.1,1.4,27.1,2.1,5.8,35.4,0.9,3.0,30.3,0.8,1.3,58.1,1.3,2.8,0.8,0.5,1.3,33.0,
32323,2023,Robert Morris Colonials,M. Mayers,F,,,5.0,3.4,0.4,13.4,1.9,3.0,62.7,0.0,0.1,33.3,1.1,1.6,71.4,1.2,2.2,0.5,0.3,0.5,22.0,
32324,2023,Robert Morris Colonials,T. Wainwright,G,,,2.0,1.1,0.8,10.1,0.8,2.6,29.4,0.2,1.2,20.5,0.2,0.3,88.9,0.1,1.0,0.3,0.0,0.7,33.0,
32326,2023,Robert Morris Colonials,C. Ford,F,,,1.6,1.9,0.4,10.2,0.6,1.2,52.5,0.0,0.2,20.0,0.3,0.5,61.1,0.7,1.2,0.2,0.1,0.6,33.0,
32327,2023,Robert Morris Colonials,T. Jeffries,G,,,1.4,1.2,0.0,3.0,0.6,1.6,37.5,0.2,0.4,50.0,0.0,0.0,0.0,0.4,0.8,0.0,0.0,0.0,5.0,
32328,2023,Robert Morris Colonials,T. O'Grady,G,,,1.3,0.0,0.7,2.3,0.7,1.0,66.7,0.0,0.0,0.0,0.0,0.0,0.0,0.0,0.0,0.3,0.0,0.3,3.0,
32329,2023,Robert Morris Colonials,C. Arvanitis,G,,,1.0,0.0,0.0,2.3,0.3,0.7,50.0,0.3,0.7,50.0,0.0,0.0,0.0,0.0,0.0,0.0,0.0,0.3,3.0,
32330,2023,Robert Morris Colonials,T. James,F,,,0.8,1.1,0.1,4.4,0.3,0.9,35.3,0.0,0.0,0.0,0.2,0.4,42.9,0.6,0.5,0.1,0.5,0.3,18.0,
32332,2023,Rutgers Scarlet Knights,C. Omoruyi,C,,,13.2,9.6,0.9,30.3,5.3,10.4,50.7,0.1,0.6,18.2,2.6,4.2,60.4,3.1,6.4,0.6,2.1,1.8,34.0,
32334,2023,Rutgers Scarlet Knights,C. McConnell,G,,,9.1,5.5,3.1,33.9,3.6,9.1,39.5,0.5,2.3,20.3,1.4,2.1,65.0,1.5,4.0,2.5,0.4,2.1,28.0,
32335,2023,Rutgers Scarlet Knights,A. Hyatt,F,,,8.8,3.9,0.8,23.1,3.1,8.4,37.4,1.3,4.3,30.6,1.1,1.6,69.6,1.2,2.7,0.6,0.4,1.0,34.0,
32336,2023,Rutgers Scarlet Knights,P. Mulcahy,G,,,8.3,3.6,4.9,32.4,3.0,7.3,41.6,0.7,1.8,37.0,1.6,2.2,72.3,1.0,2.6,1.5,0.3,2.0,30.0,
32337,2023,Rutgers Scarlet Knights,M. Mag,F,,,7.8,5.3,1.1,24.7,2.9,5.8,50.0,0.4,1.3,30.0,1.6,2.2,74.0,1.6,3.7,1.0,0.4,1.5,23.0,
32338,2023,Rutgers Scarlet Knights,D. Simpson,G,,,7.1,1.6,1.5,20.1,2.7,7.2,37.4,0.4,1.8,21.7,1.4,1.7,79.3,0.4,1.2,0.8,0.1,0.9,34.0,
32339,2023,Rutgers Scarlet Knights,A. Woolfolk,F,,,2.3,1.6,0.3,7.3,1.0,1.5,67.3,0.0,0.0,0.0,0.3,0.6,45.0,0.7,0.9,0.3,0.2,0.7,32.0,
32340,2023,Rutgers Scarlet Knights,O. Palmquist,F,,,2.3,1.1,0.3,9.1,0.8,2.1,38.6,0.6,1.6,36.4,0.1,0.2,75.0,0.2,0.9,0.1,0.0,0.3,21.0,
32342,2023,Rutgers Scarlet Knights,D. Reiber,F,,,1.8,1.1,0.4,6.8,0.7,1.8,38.8,0.2,0.8,23.8,0.3,0.5,53.3,0.3,0.8,0.1,0.1,0.3,28.0,
32343,2023,Rutgers Scarlet Knights,A. Chol,F,,,0.8,0.8,0.0,4.8,0.2,2.0,12.5,0.2,1.2,20.0,0.0,0.0,0.0,0.0,0.8,0.0,0.3,0.5,4.0,
32344,2023,Rutgers Scarlet Knights,A. Terry,G,,,0.7,0.6,0.4,1.7,0.3,0.7,40.0,0.1,0.3,50.0,0.0,0.1,0.0,0.0,0.6,0.1,0.0,0.0,7.0,
32348,2023,SE Louisiana Lions,R. McFarlane,G,,,12.3,8.2,2.1,32.5,4.3,9.9,43.8,1.6,3.9,40.2,2.1,2.7,76.2,1.6,6.6,1.2,0.1,1.3,31.0,
32349,2023,SE Louisiana Lions,N. Caldwell,G,,,11.1,5.4,0.8,21.6,4.2,8.2,51.1,0.6,1.5,37.5,2.2,2.7,81.2,2.1,3.3,0.9,0.9,1.2,32.0,
32350,2023,SE Louisiana Lions,B. Rowbury,F,,,9.1,5.8,0.6,22.4,3.4,5.6,60.7,0.0,0.0,0.0,2.4,3.4,69.6,2.6,3.2,0.4,0.5,1.1,27.0,
32351,2023,SE Louisiana Lions,A. Woodard,G,,,8.5,3.6,1.5,26.6,2.9,5.5,53.4,1.5,3.2,45.6,1.2,1.5,79.2,0.7,3.0,1.3,0.0,0.8,32.0,
32355,2023,SE Louisiana Lions,M. Strange,G,,,5.7,1.0,0.3,19.1,1.8,4.2,41.8,1.5,3.7,41.0,0.7,0.8,92.0,0.3,0.8,0.3,0.0,0.3,32.0,
32357,2023,SE Louisiana Lions,M. Brackmann,C,,,1.0,0.5,0.0,2.0,0.5,0.5,100.0,0.0,0.0,0.0,0.0,0.0,0.0,0.5,0.0,0.0,0.0,0.0,2.0,
32359,2023,SIU Edwardsville Cougars,R. Taylor,G,,,15.5,4.4,3.0,30.6,4.8,12.8,37.6,2.3,6.5,35.7,3.5,4.3,81.9,0.9,3.5,1.3,0.1,2.3,32.0,
32360,2023,SIU Edwardsville Cougars,D. Minor,G,,,14.3,5.5,2.8,32.4,4.7,11.2,42.0,1.0,3.4,29.5,3.8,4.4,87.6,1.4,4.1,1.3,0.2,1.9,33.0,
32361,2023,SIU Edwardsville Cougars,D. Pruitt,F,,,11.0,8.5,1.4,28.5,3.7,7.7,48.0,0.6,2.2,25.0,3.1,4.1,75.0,2.3,6.2,0.7,0.5,2.4,29.0,
32363,2023,SIU Edwardsville Cougars,L. Wright,F,,,7.7,3.3,0.8,22.9,2.4,5.7,42.6,1.0,2.4,41.2,1.8,2.8,64.9,1.4,2.0,0.4,0.6,1.2,33.0,
32366,2023,SIU Edwardsville Cougars,J. Kurtas,C,,,3.9,3.1,0.5,14.9,1.7,3.5,47.8,0.0,0.0,0.0,0.5,1.2,43.6,1.1,1.9,0.6,1.1,1.2,32.0,
32368,2023,SIU Edwardsville Cougars,D. Polk,G,,,2.3,1.1,0.3,11.5,0.9,2.6,34.8,0.2,1.3,14.3,0.3,0.7,44.4,0.2,1.0,0.4,0.1,0.3,27.0,
32369,2023,SIU Edwardsville Cougars,A. Sakenis,C,,,1.7,1.0,0.2,6.1,0.6,0.9,70.0,0.0,0.0,0.0,0.5,0.9,50.0,0.4,0.6,0.0,0.6,0.2,11.0,
32370,2023,SIU Edwardsville Cougars,D. Staples,F,,,1.2,0.9,0.1,2.6,0.5,1.0,50.0,0.1,0.2,50.0,0.1,0.6,16.7,0.5,0.4,0.1,0.0,0.1,10.0,
32371,2023,SIU Edwardsville Cougars,Q. Rudd,G,,,0.5,0.3,0.0,1.3,0.2,0.5,50.0,0.0,0.2,0.0,0.0,0.0,0.0,0.0,0.2,0.3,0.0,0.0,4.0,
32372,2023,SMU Mustangs,Z. Phelps,G,,,17.5,3.7,3.2,31.3,6.2,15.8,39.4,1.6,5.1,30.9,3.4,5.6,60.9,0.9,2.8,2.3,0.3,2.7,30.0,
32373,2023,SMU Mustangs,Z. Nutall,G,,,13.2,2.9,2.7,31.8,4.4,11.4,39.0,2.0,6.0,32.6,2.3,3.1,76.5,0.4,2.5,1.1,0.4,1.9,32.0,
32375,2023,SMU Mustangs,S. Williamson,F,,,9.3,7.3,2.6,29.9,4.0,8.4,47.2,0.1,0.5,17.6,1.3,2.3,55.4,2.6,4.7,1.4,0.8,2.0,32.0,
32376,2023,SMU Mustangs,S. Todorovic,F,,,5.5,2.4,0.4,16.6,1.6,4.7,35.2,1.0,3.2,31.6,1.2,1.5,82.2,0.3,2.1,0.5,0.2,0.6,31.0,
32378,2023,SMU Mustangs,K. Ambrose-Hylton,F,,,3.4,2.8,0.3,14.3,1.4,2.2,65.7,0.1,0.2,40.0,0.4,0.8,51.9,0.9,1.9,0.2,0.7,0.3,32.0,
32379,2023,SMU Mustangs,R. Wright,G,,,3.1,0.8,0.3,9.8,1.1,2.9,37.7,0.7,1.9,34.6,0.3,0.4,70.0,0.0,0.7,0.2,0.0,0.3,27.0,
32380,2023,SMU Mustangs,E. Lanier,G,,,1.7,0.8,0.5,7.7,0.4,1.5,30.0,0.2,1.0,19.2,0.6,1.0,63.0,0.1,0.7,0.3,0.1,0.5,27.0,
32381,2023,SMU Mustangs,M. Njie,C,,,1.7,1.6,0.2,6.0,0.6,1.2,55.2,0.0,0.0,0.0,0.4,0.7,55.6,0.6,1.0,0.0,0.4,0.5,25.0,
32383,2023,SMU Mustangs,F. Agunanne,F,,,0.6,1.3,0.1,4.9,0.2,0.8,33.3,0.0,0.0,0.0,0.1,0.1,50.0,0.3,0.9,0.0,0.0,0.3,16.0,
32384,2023,SMU Mustangs,X. Foster,F,,,0.4,0.4,0.0,2.5,0.2,0.6,33.3,0.0,0.1,0.0,0.0,0.1,0.0,0.0,0.4,0.1,0.1,0.0,10.0,
32385,2023,SMU Mustangs,D. McBride,G,,,0.3,0.4,0.1,5.2,0.1,0.4,25.0,0.1,0.3,33.3,0.0,0.2,0.0,0.2,0.2,0.1,0.1,0.2,10.0,
32387,2023,SMU Mustangs,T. Utter,G,,,0.0,0.0,0.0,0.5,0.0,0.0,0.0,0.0,0.0,0.0,0.0,0.0,0.0,0.0,0.0,0.0,0.0,0.0,2.0,
32388,2023,Sacramento State Hornets,Z. Chappell,G,,,13.5,2.7,2.3,30.8,4.4,10.7,41.3,1.8,5.0,36.3,2.8,3.7,76.5,0.6,2.1,1.0,0.0,1.7,32.0,
32390,2023,Sacramento State Hornets,A. Mawein,F,,,9.7,5.9,0.9,24.9,3.8,7.5,51.2,0.4,1.5,27.7,1.6,2.4,64.9,1.8,4.1,0.4,1.0,1.8,32.0,
32391,2023,Sacramento State Hornets,C. Wilbon,G,,,8.6,3.8,2.2,25.3,3.4,7.4,46.6,0.5,1.5,31.9,1.3,2.2,56.9,1.6,2.2,0.4,0.4,1.8,32.0,
32392,2023,Sacramento State Hornets,A. Patterson,G,,,7.4,3.8,1.3,32.0,2.5,6.4,38.7,1.7,4.9,35.3,0.8,1.0,75.8,0.9,2.8,0.9,0.1,1.3,32.0,
32396,2023,Sacramento State Hornets,K. Chol Deng,F,,,0.6,0.9,0.2,6.9,0.3,0.9,29.4,0.1,0.3,20.0,0.1,0.3,20.0,0.4,0.5,0.0,0.1,0.3,19.0,
32397,2023,Sacramento State Hornets,T. Hardee,G,,,0.3,0.6,0.2,4.0,0.1,0.8,14.3,0.1,0.6,20.0,0.0,0.0,0.0,0.2,0.3,0.0,0.2,0.0,9.0,
32398,2023,Sacramento State Hornets,X. Ford,G,,,0.3,1.0,0.0,1.7,0.0,0.0,0.0,0.0,0.0,0.0,0.3,0.7,50.0,0.3,0.7,0.0,0.0,0.0,3.0,
32399,2023,Sacramento State Hornets,C. Holley,G,,,0.0,0.0,0.0,1.0,0.0,0.0,0.0,0.0,0.0,0.0,0.0,0.0,0.0,0.0,0.0,1.0,0.0,0.0,1.0,
32400,2023,Sacred Heart Pioneers,J. Reilly,G,,,11.8,1.4,2.2,31.2,4.1,9.0,45.9,1.9,4.9,38.9,1.6,1.9,84.1,0.1,1.3,1.3,0.1,1.5,33.0,
32401,2023,Sacred Heart Pioneers,R. Solomon,G,,,10.5,3.1,0.8,24.9,3.7,9.9,37.2,1.4,4.6,30.5,1.7,2.2,76.7,1.1,2.0,1.3,0.4,1.5,33.0,
32402,2023,Sacred Heart Pioneers,A. Carpenter,G,,,9.4,1.2,1.8,27.4,4.0,8.6,46.5,1.0,3.6,27.8,0.4,0.4,100.0,0.0,1.2,1.0,0.2,1.6,5.0,
32404,2023,Sacred Heart Pioneers,B. McGuire,G,,,6.2,4.3,4.4,26.5,2.6,6.9,37.1,0.3,1.9,15.4,0.8,1.4,55.0,0.8,3.5,0.7,0.6,2.6,14.0,
32405,2023,Sacred Heart Pioneers,R. Espinal-Guzman,F,,,3.4,2.6,0.5,14.2,1.3,2.6,50.0,0.0,0.0,100.0,0.7,1.4,52.3,1.0,1.5,0.3,0.6,0.8,32.0,
32406,2023,Sacred Heart Pioneers,K. Womack,G,,,3.4,1.1,1.9,13.9,1.1,2.4,44.1,0.1,0.9,15.4,1.1,1.6,65.2,0.1,1.0,0.9,0.1,0.8,14.0,
32408,2023,Sacred Heart Pioneers,T. Ferraresi,F,,,1.3,0.3,0.0,2.0,0.5,1.0,50.0,0.2,0.8,33.3,0.0,0.0,0.0,0.0,0.2,0.0,0.0,0.3,4.0,
32410,2023,Saint Francis Red Flash,J. Cohen,F,,,21.8,8.3,2.5,33.7,8.3,14.2,58.5,0.0,0.0,0.0,5.2,8.0,65.6,2.5,5.7,0.9,0.9,1.8,31.0,
32412,2023,Saint Francis Red Flash,M. Land,G,,,12.8,5.4,1.5,32.6,4.8,11.4,42.4,1.7,4.8,36.4,1.4,1.9,76.8,1.0,4.3,0.5,0.2,1.7,30.0,
32414,2023,Saint Francis Red Flash,B. McCabe,G,,,6.0,4.3,1.2,22.0,2.0,4.5,44.2,1.3,3.3,39.2,0.8,1.2,65.8,1.2,3.0,0.4,0.3,0.9,31.0,
32415,2023,Saint Francis Red Flash,C. Gregory,G,,,5.1,1.5,2.6,24.4,1.9,4.7,41.2,0.7,2.0,33.3,0.5,0.8,71.4,0.1,1.4,0.5,0.3,1.9,28.0,
32416,2023,Saint Francis Red Flash,M. Hargis,F,,,4.8,3.0,0.6,15.7,1.7,4.3,39.2,0.8,2.2,33.8,0.6,0.8,78.3,1.1,1.9,0.2,0.1,1.0,29.0,
32417,2023,Saint Francis Red Flash,L. Ruggery,G,,,4.7,1.4,0.5,16.1,1.5,3.3,47.5,1.3,2.7,47.6,0.3,0.4,76.9,0.1,1.3,0.5,0.0,0.6,31.0,
32418,2023,Saint Francis Red Flash,W. Sanon II,G,,,3.2,1.8,0.8,13.3,1.0,2.0,50.8,0.4,0.9,46.2,0.7,0.8,88.0,0.3,1.5,0.4,0.2,0.7,30.0,
32419,2023,Saint Francis Red Flash,M. Webb,F,,,2.5,2.0,0.3,8.5,1.2,2.8,45.5,0.0,0.0,0.0,0.0,0.2,0.0,0.2,1.8,0.0,0.3,1.0,4.0,
32420,2023,Saint Francis Red Flash,G. Liberis,F,,,2.0,1.6,0.0,6.2,0.8,1.4,55.8,0.0,0.0,0.0,0.4,0.7,59.1,0.6,1.0,0.1,0.0,0.7,30.0,
32423,2023,Saint Francis Red Flash,Z. Harrison,G,,,1.3,1.0,1.6,7.4,0.6,1.7,33.3,0.0,0.1,0.0,0.1,0.6,25.0,0.1,0.9,0.3,0.0,1.1,7.0,
32425,2023,Saint Francis Red Flash,B. Scanlon,G,,,0.4,0.4,0.2,2.1,0.1,0.3,33.3,0.0,0.1,0.0,0.2,0.2,100.0,0.0,0.4,0.2,0.0,0.4,9.0,
32426,2023,Saint Josephs Hawks,E. Reynolds II,G,,,19.6,3.1,2.5,35.1,6.2,14.5,43.0,3.0,7.9,37.9,4.2,4.8,88.5,0.6,2.5,1.3,0.4,2.2,33.0,
32428,2023,Saint Josephs Hawks,L. Greer III,G,,,12.5,5.0,4.1,32.5,4.4,10.6,41.4,0.9,2.6,33.3,2.9,4.0,71.4,1.1,4.0,1.1,0.0,3.5,33.0,
32429,2023,Saint Josephs Hawks,E. Obinna,C,,,8.4,5.4,0.4,22.6,3.3,4.9,68.2,0.0,0.0,0.0,1.7,3.1,54.1,2.1,3.4,0.4,0.4,1.3,27.0,
32430,2023,Saint Josephs Hawks,K. Klaczek,F,,,7.7,5.4,1.9,31.3,2.6,6.2,42.6,1.1,3.6,29.7,1.4,1.8,73.9,1.2,4.1,1.0,1.0,1.9,25.0,
32431,2023,Saint Josephs Hawks,C. Winborne,G,,,6.0,1.9,1.1,22.3,1.8,5.8,30.6,0.5,2.9,17.4,2.0,2.9,67.0,0.5,1.4,0.9,0.1,1.0,30.0,
32432,2023,Saint Josephs Hawks,R. Fleming,F,,,5.8,5.0,0.6,20.5,2.1,4.8,42.7,0.7,2.4,29.7,0.9,1.4,69.0,1.9,3.2,0.8,0.9,1.1,31.0,
32435,2023,Saint Josephs Hawks,C. Arizin,G,,,0.2,0.2,0.0,1.0,0.0,0.1,0.0,0.0,0.0,0.0,0.2,0.2,100.0,0.0,0.2,0.0,0.0,0.0,9.0,
32436,2023,Saint Josephs Hawks,A. Jansson,C,,,0.1,0.4,0.1,3.8,0.0,0.1,0.0,0.0,0.1,0.0,0.1,0.2,50.0,0.1,0.3,0.0,0.0,0.2,16.0,
32437,2023,Saint Josephs Hawks,B. Geatens,G,,,0.0,0.0,0.0,1.0,0.0,0.1,0.0,0.0,0.1,0.0,0.0,0.3,0.0,0.0,0.0,0.0,0.0,0.3,7.0,
32438,2023,Saint Josephs Hawks,C. Vogel,G,,,0.0,0.0,0.0,0.8,0.0,0.0,0.0,0.0,0.0,0.0,0.0,0.2,0.0,0.0,0.0,0.0,0.0,0.0,5.0,
32440,2023,Saint Louis Billikens,G. Jimerson,G,,,14.0,3.5,1.2,33.8,5.1,11.2,45.7,2.6,6.4,40.1,1.2,1.5,83.7,0.5,3.1,0.5,0.1,1.2,33.0,
32441,2023,Saint Louis Billikens,Y. Collins,G,,,11.2,3.3,10.1,35.0,4.0,9.1,44.2,0.5,1.5,31.9,2.7,3.7,73.5,0.3,3.0,1.3,0.1,3.6,32.0,
32442,2023,Saint Louis Billikens,J. Perkins,G,,,10.9,1.9,0.5,22.6,3.8,9.1,42.0,1.7,4.7,36.1,1.6,2.0,81.5,0.2,1.7,0.5,0.2,0.7,33.0,
32444,2023,Saint Louis Billikens,F. Okoro,F,,,6.8,8.5,0.7,22.1,2.7,4.8,56.5,0.0,0.0,0.0,1.3,2.3,58.9,3.2,5.3,0.6,1.4,1.8,32.0,
32445,2023,Saint Louis Billikens,F. Thatch Jr.,G,,,6.2,4.0,1.6,20.7,2.3,5.1,45.5,0.5,1.5,35.0,1.0,1.8,56.5,1.3,2.7,1.0,0.2,0.8,13.0,
32446,2023,Saint Louis Billikens,S. Parker,G,,,5.9,2.5,0.2,12.6,2.1,4.9,42.3,0.7,2.2,31.5,1.1,1.2,87.5,0.4,2.1,0.3,0.3,0.4,33.0,
32447,2023,Saint Louis Billikens,T. Hargrove Jr.,F,,,5.9,3.7,0.5,19.6,2.2,4.6,48.4,0.5,1.8,29.3,0.9,1.2,74.4,1.0,2.6,0.3,0.6,0.8,33.0,
32448,2023,Saint Louis Billikens,L. Hughes II,G,,,2.5,1.1,0.5,8.7,0.9,2.1,42.1,0.4,1.1,41.4,0.3,0.6,53.3,0.1,1.0,0.4,0.1,0.4,27.0,
32449,2023,Saint Louis Billikens,K. Thames,G,,,0.9,0.7,0.1,3.3,0.1,0.4,33.3,0.0,0.1,0.0,0.6,0.9,66.7,0.0,0.7,0.1,0.0,0.1,7.0,
32450,2023,Saint Louis Billikens,L. Evans IV,G,,,0.7,0.0,0.0,2.0,0.3,0.3,100.0,0.0,0.0,0.0,0.0,0.0,0.0,0.0,0.0,0.3,0.0,0.0,3.0,
32452,2023,Saint Louis Billikens,P. Jones,G,,,0.0,0.0,0.0,2.3,0.0,0.0,0.0,0.0,0.0,0.0,0.0,0.0,0.0,0.0,0.0,0.3,0.0,0.0,3.0,
32453,2023,Saint Marys Gaels,L. Johnson,G,,,14.5,5.0,3.6,34.7,5.2,11.6,44.9,1.0,3.3,30.7,3.1,4.4,69.0,0.6,4.4,1.6,0.3,1.9,35.0,
32454,2023,Saint Marys Gaels,A. Mahaney,G,,,13.9,2.1,2.0,30.6,5.2,12.1,42.8,2.1,5.3,40.0,1.5,2.0,71.8,0.2,1.9,0.9,0.1,1.5,35.0,
32455,2023,Saint Marys Gaels,A. Ducas,G,,,12.5,4.3,1.0,31.2,4.2,9.6,43.3,2.5,6.0,41.4,1.7,1.9,86.8,1.1,3.2,0.9,0.4,1.1,35.0,
32456,2023,Saint Marys Gaels,M. Saxen,C,,,11.6,7.6,1.7,31.2,4.7,8.5,55.7,0.0,0.0,0.0,2.1,3.4,62.5,3.0,4.6,0.7,1.2,1.8,35.0,
32457,2023,Saint Marys Gaels,A. Marciulionis,G,,,5.9,1.2,1.5,15.5,1.8,4.3,41.4,0.4,1.7,25.0,1.8,2.5,72.7,0.2,1.0,0.5,0.1,1.0,35.0,
32458,2023,Saint Marys Gaels,K. Bowen,F,,,5.3,7.1,1.7,33.5,1.9,4.5,41.4,0.9,2.5,37.9,0.6,1.0,61.1,2.1,4.9,1.2,0.9,0.7,35.0,
32459,2023,Saint Marys Gaels,H. Wessels,C,,,2.6,1.8,0.3,7.0,1.0,1.7,59.6,0.0,0.0,0.0,0.6,1.0,61.8,0.9,0.8,0.1,0.1,0.5,34.0,
32460,2023,Saint Marys Gaels,L. Barrett,F,,,2.4,2.0,0.1,9.7,0.8,1.7,46.8,0.3,0.9,36.0,0.4,0.7,63.2,0.6,1.4,0.2,0.2,0.3,27.0,
32462,2023,Saint Marys Gaels,C. Howell,G,,,0.6,0.4,0.1,4.1,0.2,0.8,26.1,0.0,0.3,11.1,0.1,0.2,66.7,0.0,0.4,0.2,0.1,0.3,28.0,
32463,2023,Saint Peters Peacocks,I. Dasher,G,,,13.0,3.8,1.2,28.4,4.1,10.8,38.3,1.3,4.1,31.3,3.4,4.5,76.4,0.8,2.9,0.7,0.3,1.4,32.0,
32468,2023,Saint Peters Peacocks,L. Reid,G,,,5.7,4.3,3.6,27.5,2.0,6.6,30.5,0.2,1.1,17.6,1.5,2.4,61.5,1.2,3.1,1.1,0.1,2.0,32.0,
32469,2023,Saint Peters Peacocks,M. Sow,F,,,4.9,4.9,0.4,22.2,2.0,4.8,42.2,0.2,0.8,19.2,0.7,1.2,60.5,2.2,2.7,0.7,0.8,1.3,32.0,
32470,2023,Saint Peters Peacocks,B. Bland,G,,,3.4,1.9,0.2,13.5,1.2,3.7,31.1,0.8,2.9,28.0,0.2,0.4,66.7,0.6,1.4,0.5,0.2,0.4,32.0,
32476,2023,Sam Houston Bearkats,D. Powers,G,,,10.9,2.9,1.6,27.6,3.5,8.6,41.2,2.1,5.1,40.5,1.8,2.3,77.2,0.2,2.8,0.9,0.1,1.5,34.0,
32477,2023,Sam Houston Bearkats,C. Huefner,F,,,9.8,3.0,0.7,21.0,3.2,7.7,42.1,1.5,3.5,41.7,1.9,2.3,80.5,0.9,2.1,0.7,0.3,1.8,33.0,
32478,2023,Sam Houston Bearkats,L. Wilkerson,G,,,7.4,3.0,0.5,17.4,2.7,6.5,41.6,1.3,3.4,37.3,0.7,0.9,82.1,0.7,2.4,0.8,0.3,0.7,32.0,
32479,2023,Sam Houston Bearkats,J. Ray,G,,,6.2,1.3,3.2,18.3,2.0,4.3,46.3,0.9,1.7,53.1,1.3,1.9,69.4,0.3,1.0,0.9,0.0,1.5,19.0,
32481,2023,Sam Houston Bearkats,T. Ikpe,F,,,4.5,4.0,1.1,20.2,1.6,3.4,45.0,0.3,0.7,42.9,1.1,1.8,61.5,1.8,2.2,0.7,0.5,0.9,29.0,
32482,2023,Sam Houston Bearkats,K. Scroggins,F,,,4.5,2.9,0.6,14.4,1.7,3.1,55.8,0.0,0.0,0.0,1.1,1.6,69.8,1.4,1.6,0.6,0.1,1.0,34.0,
32483,2023,Sam Houston Bearkats,D. Nicholas Jr.,G,,,4.5,2.9,0.5,13.5,1.8,3.6,49.5,0.3,1.1,27.3,0.6,0.9,74.1,1.1,1.8,0.5,0.2,0.6,31.0,
32485,2023,Sam Houston Bearkats,G. Emejuru,C,,,3.1,2.4,0.1,6.8,1.5,2.1,71.4,0.0,0.0,0.0,0.2,0.6,27.3,1.3,1.1,0.2,0.1,0.3,17.0,
32486,2023,Sam Houston Bearkats,A. Wrzeszcz,G,,,2.4,0.9,0.4,8.8,0.8,2.0,39.6,0.3,1.1,28.6,0.5,0.7,66.7,0.0,0.8,0.3,0.0,0.4,26.0,
32489,2023,Samford Bulldogs,Q. Glover,G,,,14.7,2.5,2.1,24.6,5.0,10.4,48.0,0.9,2.4,37.8,3.8,4.5,84.7,0.4,2.1,0.7,0.0,2.4,19.0,
32490,2023,Samford Bulldogs,L. Dye,F,,,13.3,5.1,1.2,24.1,4.6,9.2,50.0,1.3,3.2,39.4,2.8,4.1,68.9,1.4,3.7,0.8,0.6,2.3,32.0,
32493,2023,Samford Bulldogs,A. Staton-McCray,G,,,8.2,4.1,0.6,22.0,2.8,6.2,45.8,0.7,2.5,28.9,1.8,2.4,76.7,1.1,3.0,1.8,0.2,0.9,31.0,
32495,2023,Samford Bulldogs,A. Achor,F,,,6.1,3.5,0.6,14.4,2.4,4.1,57.7,0.1,0.4,33.3,1.2,1.9,64.9,1.5,2.0,0.4,0.8,1.0,30.0,
32497,2023,Samford Bulldogs,J. Rillie,G,,,4.8,2.2,2.5,20.7,1.4,3.0,46.9,0.7,1.9,37.7,1.2,1.7,75.5,0.4,1.8,1.0,0.0,1.1,32.0,
32498,2023,Samford Bulldogs,C. Kaifes,G,,,2.6,2.5,1.1,15.5,0.9,2.8,31.8,0.6,2.2,27.8,0.2,0.4,66.7,0.8,1.8,0.5,0.0,0.8,8.0,
32499,2023,Samford Bulldogs,B. Boyer,G,,,2.1,0.8,0.6,7.6,0.7,1.8,39.3,0.4,1.2,35.0,0.2,0.4,57.1,0.1,0.7,0.4,0.0,0.3,16.0,
32501,2023,Samford Bulldogs,Q. Richey,G,,,1.7,0.6,0.5,9.1,0.4,1.5,28.0,0.4,1.4,30.4,0.5,0.5,100.0,0.1,0.5,0.1,0.0,0.1,17.0,
32502,2023,Samford Bulldogs,D. Lobach,F,,,1.1,0.6,0.4,3.9,0.5,0.9,60.0,0.0,0.1,0.0,0.0,0.0,0.0,0.2,0.5,0.2,0.0,0.1,11.0,
32503,2023,Samford Bulldogs,M. Vail,G,,,0.4,0.1,0.1,3.0,0.2,0.7,33.3,0.0,0.3,0.0,0.0,0.0,0.0,0.0,0.1,0.0,0.0,0.2,9.0,
32504,2023,Samford Bulldogs,C. Holmes,G,,,0.0,0.0,0.0,1.0,0.0,0.3,0.0,0.0,0.3,0.0,0.0,0.0,0.0,0.0,0.0,0.0,0.0,0.0,3.0,
32505,2023,Samford Bulldogs,G. Walters,F,,,0.0,0.0,0.0,1.3,0.0,0.0,0.0,0.0,0.0,0.0,0.0,0.0,0.0,0.0,0.0,0.0,0.0,0.0,4.0,
32506,2023,Samford Bulldogs,C. Morrison,G,,,0.0,1.0,0.0,1.0,0.0,0.3,0.0,0.0,0.3,0.0,0.0,0.0,0.0,0.0,1.0,0.0,0.0,0.3,3.0,
32507,2023,Samford Bulldogs,O. LaRocca,G,,,0.0,0.3,0.0,1.7,0.0,0.3,0.0,0.0,0.3,0.0,0.0,0.0,0.0,0.0,0.3,0.0,0.0,0.3,3.0,
32508,2023,Samford Bulldogs,J. Hughes,F,,,0.0,0.0,0.0,1.0,0.0,0.0,0.0,0.0,0.0,0.0,0.0,0.0,0.0,0.0,0.0,0.0,0.3,0.0,3.0,
32509,2023,San Diego State Aztecs,M. Bradley,G,,,12.6,3.8,2.1,26.4,4.4,11.0,39.8,1.5,4.1,35.6,2.4,2.9,80.0,0.8,3.0,0.7,0.3,1.4,39.0,
32510,2023,San Diego State Aztecs,D. Trammell,G,,,9.8,2.4,2.9,27.2,3.2,8.9,36.2,1.3,4.2,31.4,2.0,2.7,74.0,0.3,2.1,1.3,0.1,1.6,38.0,
32511,2023,San Diego State Aztecs,L. Butler,G,,,8.8,2.7,3.2,26.0,3.3,7.8,42.1,1.0,3.0,34.2,1.3,1.7,73.1,0.4,2.3,1.5,0.1,2.0,39.0,
32512,2023,San Diego State Aztecs,J. LeDee,F,,,7.9,5.3,0.9,18.1,2.8,5.7,48.9,0.0,0.2,0.0,2.3,3.2,72.8,2.1,3.2,0.5,0.4,1.0,39.0,
32514,2023,San Diego State Aztecs,M. Parrish,G,,,7.4,3.6,0.6,21.5,2.4,6.3,37.8,1.3,3.6,35.3,1.4,1.8,76.4,0.8,2.8,0.7,0.3,1.0,39.0,
32515,2023,San Diego State Aztecs,N. Mensah,F,,,6.0,5.9,0.6,20.7,2.2,4.3,52.1,0.0,0.1,50.0,1.5,2.3,64.8,2.1,3.8,0.7,1.7,1.0,39.0,
32516,2023,San Diego State Aztecs,A. Seiko,G,,,5.8,1.4,0.8,19.9,1.8,4.0,45.6,1.5,3.2,45.8,0.7,0.9,78.1,0.2,1.1,0.3,0.0,0.7,37.0,
32518,2023,San Diego State Aztecs,M. Byrd,G,,,4.3,0.5,1.5,10.0,1.8,3.2,53.8,0.5,1.8,28.6,0.2,0.5,50.0,0.0,0.5,0.5,0.0,1.0,4.0,
32520,2023,San Diego State Aztecs,E. Saunders,F,,,0.9,1.1,0.5,5.8,0.3,1.1,27.8,0.1,0.7,18.2,0.1,0.4,33.3,0.3,0.8,0.1,0.1,0.5,16.0,
32521,2023,San Diego State Aztecs,C. Alger,F,,,0.7,0.2,0.0,2.0,0.2,0.6,40.0,0.2,0.6,40.0,0.0,0.0,0.0,0.0,0.2,0.0,0.0,0.0,9.0,
32522,2023,San Diego State Aztecs,J. Barnett,G,,,0.6,0.3,0.3,2.9,0.2,0.8,25.0,0.2,0.4,50.0,0.0,0.0,0.0,0.1,0.2,0.1,0.0,0.4,10.0,
32524,2023,San Diego Toreros,M. Earlington,G,,,17.3,6.8,1.5,28.8,6.0,12.3,48.9,1.2,3.5,35.6,4.0,5.0,78.8,2.3,4.6,0.9,0.2,2.2,30.0,
32528,2023,San Diego Toreros,W. McKinney III,G,,,7.4,2.5,1.7,25.6,2.5,5.8,43.4,0.3,1.6,21.3,2.0,2.7,75.3,0.7,1.8,1.1,0.4,1.3,30.0,
32529,2023,San Diego Toreros,D. Turner,G,,,6.5,1.0,1.3,17.2,2.1,4.7,44.9,0.8,2.3,36.6,1.5,1.8,80.4,0.1,0.9,0.6,0.1,0.8,31.0,
32531,2023,San Diego Toreros,Y. Gultekin,F,,,3.3,1.6,0.5,8.6,1.1,2.2,50.0,0.5,1.5,33.3,0.5,0.6,80.0,0.2,1.4,0.5,0.0,0.4,8.0,
32532,2023,San Diego Toreros,B. Pierre,F,,,2.9,1.9,0.6,14.3,1.1,2.9,37.2,0.6,1.7,34.6,0.2,0.5,42.9,0.7,1.1,0.6,0.1,0.5,15.0,
32533,2023,San Diego Toreros,S. Jamerson II,F,,,2.7,2.9,0.1,15.4,1.2,1.7,70.8,0.0,0.0,0.0,0.3,0.4,66.7,1.3,1.6,0.7,0.2,0.6,14.0,
32534,2023,San Diego Toreros,D. Dahlke,G,,,2.1,1.1,0.6,11.1,0.8,2.0,39.5,0.4,1.2,30.8,0.1,0.2,60.0,0.3,0.8,0.4,0.0,0.1,21.0,
32535,2023,San Diego Toreros,N. Beniwal,G,,,2.1,1.3,0.4,9.2,0.7,2.1,35.9,0.5,1.6,29.0,0.2,0.3,60.0,0.4,0.9,0.2,0.2,0.3,19.0,
32538,2023,San Diego Toreros,D. Muncey,G,,,0.3,0.3,0.5,6.4,0.1,1.2,8.3,0.1,0.9,11.1,0.0,0.1,0.0,0.2,0.1,0.2,0.0,0.4,10.0,
32540,2023,San Francisco Dons,K. Shabazz,G,,,17.8,5.4,3.0,35.4,5.4,13.2,40.6,2.8,7.9,35.2,4.3,5.0,85.9,1.1,4.2,2.1,0.1,2.3,34.0,
32542,2023,San Francisco Dons,Z. Meeks,F,,,10.9,5.1,0.8,20.9,3.9,8.2,47.5,1.2,3.7,32.4,1.9,2.6,73.0,2.0,3.1,0.1,0.3,1.6,29.0,
32544,2023,San Francisco Dons,I. Hawthorne,F,,,6.4,3.2,0.9,20.2,2.3,4.8,48.5,0.9,2.3,39.0,0.9,1.2,70.7,1.0,2.3,0.6,0.5,1.2,34.0,
32545,2023,San Francisco Dons,J. Rishwain,G,,,5.0,2.4,0.9,20.0,1.4,5.4,26.9,0.9,3.7,24.3,1.2,1.7,70.6,0.4,1.9,0.7,0.1,0.9,20.0,
32546,2023,San Francisco Dons,N. Newbury,F,,,5.0,4.5,1.0,23.0,1.8,3.7,47.9,0.3,1.2,25.0,1.2,1.4,83.3,1.2,3.3,0.5,0.7,1.9,13.0,
32547,2023,San Francisco Dons,J. Kunen,F,,,4.9,3.8,1.2,21.1,1.9,3.8,48.5,0.9,2.0,44.8,0.3,0.6,50.0,0.9,2.9,0.3,0.3,1.3,34.0,
32548,2023,San Francisco Dons,S. Gigiberia,C,,,4.3,3.3,0.6,9.8,1.7,3.4,50.0,0.1,0.4,25.0,0.8,1.5,56.5,1.1,2.2,0.5,0.6,1.4,31.0,
32549,2023,San Francisco Dons,V. Markovetskyy,C,,,3.5,1.9,0.2,8.4,1.3,1.6,80.0,0.0,0.0,0.0,0.9,1.2,71.1,0.9,1.0,0.1,0.3,0.6,31.0,
32551,2023,San Francisco Dons,J. Bieker,G,,,1.0,0.5,0.2,6.0,0.3,0.6,42.9,0.0,0.3,16.7,0.4,0.6,64.3,0.2,0.3,0.3,0.0,0.0,22.0,
32552,2023,San Francisco Dons,J. Cioe,G,,,0.3,0.2,0.0,1.7,0.2,0.2,100.0,0.0,0.0,0.0,0.0,0.0,0.0,0.0,0.2,0.0,0.0,0.0,6.0,
32553,2023,San Francisco Dons,B. Whitaker,G,,,0.0,0.0,0.0,1.7,0.0,0.2,0.0,0.0,0.2,0.0,0.0,0.0,0.0,0.0,0.0,0.0,0.0,0.2,6.0,
32554,2023,San Jose State Spartans,O. Moore,G,,,17.4,4.7,4.8,36.4,6.3,14.8,42.9,1.9,5.7,33.8,2.8,3.7,75.8,0.9,3.9,0.7,0.7,2.6,35.0,
32555,2023,San Jose State Spartans,A. Cardenas,G,,,10.0,2.8,3.4,33.7,3.5,9.8,36.2,1.6,5.0,31.3,1.3,1.7,77.0,0.4,2.4,0.7,0.1,2.0,35.0,
32556,2023,San Jose State Spartans,R. Vaihola,F,,,7.6,6.5,0.5,20.1,3.3,4.7,71.2,0.0,0.0,0.0,1.0,1.7,56.7,3.0,3.5,0.4,0.6,1.4,35.0,
32557,2023,San Jose State Spartans,T. Gorener,F,,,6.3,2.1,0.6,20.4,2.2,6.2,35.2,1.6,4.8,33.1,0.4,0.6,60.0,0.5,1.6,0.3,0.2,0.6,34.0,
32559,2023,San Jose State Spartans,I. Diallo,F,,,6.0,6.0,0.5,17.3,2.5,4.3,58.7,0.0,0.0,0.0,1.0,1.9,52.2,2.2,3.8,0.3,1.7,1.2,35.0,
32560,2023,San Jose State Spartans,M. Amey Jr.,G,,,5.6,1.1,0.8,13.1,2.0,5.3,37.5,0.8,2.4,31.8,0.8,1.0,77.8,0.1,1.0,0.3,0.1,0.9,9.0,
32561,2023,San Jose State Spartans,G. Anderson,G,,,2.8,1.0,0.2,9.0,0.9,2.8,31.3,0.5,1.6,29.2,0.6,0.7,81.8,0.2,0.8,0.3,0.1,0.3,30.0,
32573,2023,Santa Clara Broncos,P. Braun,F,,,7.7,5.8,2.0,29.3,3.3,6.0,55.3,0.4,1.7,24.6,0.6,1.4,46.7,1.7,4.1,0.5,1.0,2.3,33.0,
32574,2023,Santa Clara Broncos,J. Bediako,C,,,6.0,4.9,1.1,22.7,2.4,4.6,52.0,0.0,0.0,0.0,1.2,2.1,57.1,2.1,2.8,0.4,1.0,1.2,33.0,
32575,2023,Santa Clara Broncos,C. Tilly,C,,,5.0,2.7,0.7,12.2,2.0,3.7,53.6,0.0,0.1,0.0,1.0,1.5,65.0,0.8,1.8,0.2,0.5,0.5,26.0,
32576,2023,Santa Clara Broncos,C. Tongue,F,,,4.1,2.7,0.4,10.7,1.6,3.5,45.9,0.2,0.6,31.6,0.7,1.5,45.7,1.0,1.6,0.1,0.2,0.6,31.0,
32577,2023,Santa Clara Broncos,B. Knapper,G,,,3.2,1.4,1.3,14.0,1.2,3.4,34.3,0.5,1.5,31.1,0.4,0.6,72.2,0.1,1.3,0.4,0.1,0.7,31.0,
32579,2023,Santa Clara Broncos,K. Akametu,G,,,1.8,1.3,0.2,7.3,0.6,2.1,29.3,0.0,0.6,5.9,0.6,0.9,66.7,0.4,0.8,0.1,0.0,0.6,28.0,
32580,2023,Santa Clara Broncos,M. Douyon,G,,,0.0,0.5,0.0,1.0,0.0,0.0,0.0,0.0,0.0,0.0,0.0,0.0,0.0,0.0,0.5,0.0,0.0,0.0,2.0,
32582,2023,Seattle U Redhawks,R. Grigsby,G,,,13.5,5.4,1.6,31.4,5.1,12.2,41.9,1.6,5.2,30.3,1.7,2.6,64.9,1.1,4.3,0.5,0.6,1.9,28.0,
32583,2023,Seattle U Redhawks,A. Schumacher,G,,,12.0,3.7,2.7,30.1,3.9,10.8,36.6,0.9,3.6,25.2,3.2,4.2,75.0,0.7,3.0,1.3,0.1,2.4,32.0,
32584,2023,Seattle U Redhawks,B. Chatfield,F,,,7.0,5.1,0.7,21.5,2.5,4.4,56.9,0.7,1.8,39.3,1.3,1.5,87.0,2.2,2.9,0.6,1.1,0.6,31.0,
32585,2023,Seattle U Redhawks,P. Dawson,G,,,6.2,3.3,1.7,22.7,1.7,5.5,31.3,0.9,3.0,30.1,1.8,2.2,84.6,0.5,2.8,0.9,0.0,1.6,24.0,
32586,2023,Seattle U Redhawks,S. Reiley,F,,,4.8,3.4,0.4,11.5,1.4,2.8,49.3,0.0,0.3,14.3,1.9,3.4,57.1,1.4,2.0,0.4,0.0,0.8,25.0,
32587,2023,Seattle U Redhawks,K. Williamson,F,,,4.2,3.9,1.2,18.2,1.5,4.0,36.7,0.5,2.0,26.2,0.7,1.0,69.7,0.8,3.1,0.3,1.2,0.8,32.0,
32588,2023,Seattle U Redhawks,E. Udenyi,F,,,3.8,4.6,2.2,20.1,1.8,4.2,42.6,0.0,0.0,0.0,0.1,0.6,20.0,1.7,2.9,0.7,0.2,0.8,32.0,
32590,2023,Seattle U Redhawks,V. Rajkovic,F,,,3.1,2.3,0.7,14.4,1.1,2.9,37.7,0.4,1.4,25.6,0.6,0.7,85.0,0.9,1.5,0.4,0.0,0.9,27.0,
32591,2023,Seattle U Redhawks,J. Nafarrete,G,,,3.1,0.6,0.7,5.1,1.1,2.7,42.1,0.3,0.6,50.0,0.6,0.9,66.7,0.0,0.6,0.6,0.0,0.3,7.0,
32592,2023,Seattle U Redhawks,V. Pandza,G,,,3.0,1.0,0.0,9.0,1.0,3.0,33.3,1.0,2.0,50.0,0.0,0.0,0.0,0.0,1.0,0.0,0.0,2.0,1.0,
32593,2023,Seattle U Redhawks,B. Nunn,G,,,2.8,0.3,0.2,7.5,0.8,2.3,35.7,0.8,2.0,41.7,0.3,0.3,100.0,0.0,0.3,0.3,0.0,0.7,6.0,
32594,2023,Seattle U Redhawks,M. Levis,G,,,2.1,1.0,0.6,10.8,0.6,1.6,38.9,0.4,1.0,34.8,0.5,0.8,58.8,0.3,0.7,0.5,0.0,0.6,22.0,
32595,2023,Seton Hall Pirates,A. Dawes,G,,,12.6,2.6,1.7,31.5,4.2,10.7,39.1,2.4,6.2,38.2,1.9,2.3,82.7,0.4,2.2,1.1,0.1,2.0,33.0,
32596,2023,Seton Hall Pirates,T. Samuel,F,,,11.0,5.9,0.7,23.8,4.2,7.6,55.0,0.1,0.5,26.7,2.5,3.9,64.6,2.2,3.7,1.1,0.8,1.5,33.0,
32597,2023,Seton Hall Pirates,K. Richmond,G,,,10.1,5.2,4.1,27.6,3.4,8.3,41.7,0.6,1.3,44.4,2.6,3.7,69.3,0.6,4.6,2.0,0.3,2.2,27.0,
32604,2023,Seton Hall Pirates,J. Sanders,G,,,2.3,1.1,0.4,9.0,0.8,2.1,36.2,0.5,1.7,32.4,0.2,0.2,80.0,0.3,0.8,0.0,0.1,0.5,22.0,
32606,2023,Seton Hall Pirates,D. Gabriel,G,,,0.0,0.1,0.0,1.8,0.0,0.4,0.0,0.0,0.3,0.0,0.0,0.0,0.0,0.0,0.1,0.0,0.0,0.1,10.0,
32608,2023,Siena Saints,J. McCollum,G,,,15.9,2.1,3.9,30.8,5.0,11.7,43.0,1.9,5.4,35.6,3.9,4.4,89.0,0.4,1.7,1.1,0.3,3.1,27.0,
32609,2023,Siena Saints,J. Stormo,F,,,12.5,5.4,1.5,30.1,4.8,9.5,50.9,0.0,0.2,0.0,2.9,3.5,80.9,2.3,3.0,0.3,1.2,1.7,31.0,
32610,2023,Siena Saints,A. Platek,G,,,10.4,2.5,1.4,27.1,3.8,8.3,45.1,2.1,4.9,43.3,0.8,1.4,59.1,0.3,2.2,0.9,0.2,1.4,32.0,
32611,2023,Siena Saints,M. Eley,G,,,9.4,2.9,0.6,21.1,3.4,8.6,39.9,1.1,3.4,33.7,1.5,1.9,78.2,0.8,2.1,1.0,0.2,0.7,29.0,
32612,2023,Siena Saints,J. Billups,G,,,8.1,6.6,1.8,32.4,2.3,6.9,33.6,0.4,1.6,26.5,3.0,4.2,71.8,2.0,4.6,1.1,1.0,1.8,31.0,
32614,2023,Siena Saints,M. Baer,F,,,4.2,6.1,1.4,25.0,1.5,3.6,43.2,0.6,1.7,35.2,0.5,0.8,61.5,1.2,4.9,0.4,0.8,1.0,31.0,
32615,2023,Siena Saints,J. Kellier,F,,,3.9,2.4,0.7,11.2,1.3,2.5,53.1,0.3,0.9,33.3,1.0,1.4,72.2,0.8,1.5,0.3,0.2,1.2,13.0,
32617,2023,Siena Saints,K. Gribben,F,,,2.2,1.9,0.3,9.7,0.9,2.0,43.4,0.3,1.0,26.9,0.3,0.4,58.3,0.6,1.3,0.0,0.3,0.3,27.0,
32618,2023,Siena Saints,Z. Tekin,G,,,2.1,0.9,1.2,11.5,0.6,1.5,38.6,0.2,0.8,27.3,0.8,1.0,75.9,0.1,0.7,0.4,0.1,0.9,29.0,
32619,2023,Siena Saints,S. Lazar,F,,,0.0,0.0,0.0,1.0,0.0,0.5,0.0,0.0,0.5,0.0,0.0,0.0,0.0,0.0,0.0,0.0,0.0,0.0,2.0,
32620,2023,Siena Saints,S. Birgisson,F,,,0.0,0.9,0.0,2.9,0.0,0.6,0.0,0.0,0.5,0.0,0.0,0.0,0.0,0.5,0.4,0.0,0.0,0.1,8.0,
32621,2023,Siena Saints,M. Courtney,G,,,0.0,0.0,0.4,2.8,0.0,0.0,0.0,0.0,0.0,0.0,0.0,0.2,0.0,0.0,0.0,0.2,0.2,0.2,5.0,
32629,2023,South Alabama Jaguars,E. Ormiston,F,,,2.8,1.6,0.4,8.0,1.2,2.4,48.8,0.2,0.8,23.1,0.3,0.3,100.0,0.5,1.1,0.3,0.1,0.3,17.0,
32630,2023,South Alabama Jaguars,M. Kearing,F,,,2.8,2.6,0.2,9.5,1.3,2.6,48.8,0.1,0.4,23.1,0.2,0.3,66.7,0.7,1.9,0.3,0.5,0.3,31.0,
32631,2023,South Alabama Jaguars,J. Margrave,F,,,1.6,0.7,0.2,5.6,0.6,2.2,25.0,0.4,1.8,25.0,0.0,0.0,0.0,0.1,0.6,0.0,0.2,0.0,9.0,
32632,2023,South Alabama Jaguars,T. Shirley,F,,,1.1,2.1,0.2,7.2,0.5,1.0,45.0,0.1,0.4,12.5,0.1,0.1,66.7,0.5,1.6,0.2,0.0,0.5,20.0,
32633,2023,South Alabama Jaguars,A. Sizemore,G,,,0.4,0.3,0.4,3.1,0.1,1.0,14.3,0.1,1.0,14.3,0.0,0.0,0.0,0.0,0.3,0.1,0.0,0.1,7.0,
32634,2023,South Carolina State Bulldogs,R. Gary,G,,,11.8,2.3,2.7,24.9,3.9,10.1,38.6,1.8,5.2,34.6,2.2,3.0,71.4,0.7,1.6,1.0,0.1,2.6,30.0,
32638,2023,South Carolina State Bulldogs,R. Edwards,G,,,7.6,1.5,2.1,24.8,2.8,7.9,35.5,1.3,4.7,27.9,0.7,1.0,68.8,0.4,1.1,1.0,0.0,1.8,31.0,
32640,2023,South Carolina State Bulldogs,D. Everett,F,,,6.5,5.9,0.8,21.2,2.6,4.8,54.0,0.3,1.0,25.0,1.0,1.5,63.8,2.2,3.7,0.6,0.3,0.7,31.0,
32641,2023,South Carolina State Bulldogs,L. Lawrence,F,,,6.2,3.6,0.9,17.1,2.3,6.3,37.2,0.7,2.4,29.5,0.8,1.1,73.7,1.5,2.1,0.7,0.6,1.6,18.0,
32643,2023,South Carolina State Bulldogs,S. Alston,G,,,5.0,1.9,1.4,16.3,1.8,4.4,41.2,0.1,0.5,28.6,1.2,2.1,56.9,0.3,1.6,0.7,0.2,1.6,27.0,
32648,2023,South Carolina Upstate Spartans,J. Gainey,G,,,15.2,2.5,2.3,31.8,5.2,13.3,39.3,2.2,6.3,34.5,2.5,3.2,77.9,0.2,2.3,1.9,0.3,2.7,32.0,
32649,2023,South Carolina Upstate Spartans,T. Broadnax,G,,,11.1,4.4,3.1,29.9,4.0,8.1,49.0,0.7,2.1,32.4,2.5,3.9,64.5,0.6,3.8,1.1,0.2,2.0,32.0,
32650,2023,South Carolina Upstate Spartans,J. Bailey,G,,,10.6,3.1,1.1,30.0,3.3,8.0,42.0,1.6,4.6,34.2,2.3,3.1,76.5,0.6,2.5,1.6,0.1,0.9,32.0,
32651,2023,South Carolina Upstate Spartans,K. Smith,C,,,7.8,3.6,0.5,18.6,3.5,6.1,56.6,0.1,0.4,16.7,0.8,1.7,50.9,1.3,2.2,0.3,1.1,1.6,32.0,
32652,2023,South Carolina Upstate Spartans,M. Goodloe,G,,,6.8,4.1,2.7,22.1,2.2,6.3,34.4,1.0,2.8,33.8,1.5,2.0,74.5,1.2,3.0,1.0,0.4,1.5,24.0,
32653,2023,South Carolina Upstate Spartans,A. Langlais,F,,,5.8,3.9,0.3,13.8,2.4,3.8,63.0,0.0,0.0,0.0,0.9,1.7,55.8,1.2,2.7,0.2,0.7,1.0,31.0,
32654,2023,South Carolina Upstate Spartans,N. Alves,G,,,5.1,2.2,0.4,17.0,2.2,4.2,51.6,0.3,0.8,33.3,0.5,0.8,66.7,0.3,1.9,0.4,0.5,0.8,30.0,
32655,2023,South Carolina Upstate Spartans,F. Rideau Jr.,G,,,3.8,1.3,0.7,17.2,1.5,3.6,41.2,0.7,2.0,36.5,0.2,0.3,60.0,0.4,0.9,0.6,0.2,0.9,32.0,
32656,2023,South Carolina Upstate Spartans,J. Surratt,F,,,2.6,2.3,0.6,15.8,1.1,2.0,54.1,0.2,0.7,35.0,0.2,0.4,41.7,0.5,1.7,0.2,0.2,0.5,30.0,
32659,2023,South Carolina Upstate Spartans,T. Sheida,G,,,0.7,0.3,0.8,4.6,0.2,0.8,21.4,0.1,0.5,22.2,0.2,0.4,57.1,0.1,0.2,0.2,0.0,0.4,18.0,
32660,2023,South Carolina Upstate Spartans,D. Dickerson III,F,,,0.0,0.2,0.0,2.3,0.0,0.2,0.0,0.0,0.0,0.0,0.0,0.1,0.0,0.0,0.2,0.0,0.0,0.1,9.0,
32661,2023,South Dakota Coyotes,K. Perrott-Hunt,G,,,14.3,2.7,2.2,31.0,5.1,12.5,40.5,1.9,4.6,42.3,2.2,2.6,83.5,0.5,2.2,0.4,0.0,1.9,30.0,
32662,2023,South Dakota Coyotes,T. Kamateros,F,,,12.5,6.4,1.7,28.1,4.7,10.5,44.9,1.8,4.6,40.1,1.3,1.5,83.0,1.3,5.2,0.3,0.3,1.7,31.0,
32664,2023,South Dakota Coyotes,P. Bruns,G,,,8.9,3.7,0.7,23.4,3.2,7.7,41.4,1.3,3.6,34.5,1.2,1.4,88.4,0.6,3.1,0.4,0.2,0.9,31.0,
32665,2023,South Dakota Coyotes,M. Archambault,G,,,7.8,3.1,1.5,29.4,2.6,6.6,39.3,1.0,3.1,32.3,1.6,1.8,89.3,0.4,2.7,1.4,0.3,1.5,31.0,
32666,2023,South Dakota Coyotes,D. Hayes,G,,,5.5,6.7,0.9,26.0,2.0,3.9,52.5,0.0,0.0,0.0,1.5,3.0,48.4,2.6,4.1,0.3,0.5,0.8,31.0,
32667,2023,South Dakota Coyotes,M. Burchill,G,,,4.8,2.6,1.7,18.9,1.7,3.7,47.4,0.5,1.2,43.2,0.8,0.9,86.2,0.6,2.0,0.7,0.1,1.0,31.0,
32669,2023,South Dakota Coyotes,K. Kutcher,G,,,2.5,0.2,0.3,4.7,0.8,1.6,50.0,0.6,1.1,60.0,0.3,0.5,57.1,0.1,0.1,0.0,0.0,0.4,14.0,
32670,2023,South Dakota Coyotes,F. Brostrom,F,,,1.6,1.5,0.4,7.3,0.6,1.5,40.9,0.3,0.7,36.4,0.1,0.3,50.0,0.7,0.8,0.3,0.0,1.1,15.0,
32674,2023,South Dakota State Jackrabbits,Z. Mayo,G,,,18.2,6.2,3.4,35.7,6.2,14.5,42.6,2.6,7.0,36.9,3.2,3.6,90.4,0.3,5.9,1.0,0.2,3.0,32.0,
32675,2023,South Dakota State Jackrabbits,M. Dentlinger,F,,,12.3,5.3,1.1,28.9,4.9,8.4,58.1,0.2,0.6,25.0,2.3,2.8,82.0,1.5,3.8,0.7,0.9,1.8,32.0,
32676,2023,South Dakota State Jackrabbits,A. Arians,G,,,9.3,4.8,2.4,32.0,3.0,7.3,41.4,1.1,2.9,40.3,2.0,2.7,75.3,0.3,4.6,0.8,0.2,1.6,27.0,
32677,2023,South Dakota State Jackrabbits,W. Kyle III,F,,,8.9,4.8,1.0,24.6,3.7,6.8,54.2,0.0,0.0,0.0,1.6,2.5,64.2,1.5,3.3,0.3,1.2,1.7,32.0,
32678,2023,South Dakota State Jackrabbits,C. Easley,G,,,8.1,3.1,1.1,24.4,2.8,5.9,48.1,1.7,3.5,47.6,0.7,0.9,81.3,0.6,2.6,1.2,0.1,0.9,18.0,
32679,2023,South Dakota State Jackrabbits,M. Mims,G,,,7.9,2.3,1.3,32.0,2.5,6.8,37.0,1.9,5.1,37.4,1.0,1.3,76.2,0.4,1.9,0.7,0.0,0.8,32.0,
32680,2023,South Dakota State Jackrabbits,M. Mors,F,,,6.5,2.6,0.7,19.2,2.3,5.3,42.9,0.5,2.0,27.0,1.4,1.7,85.2,1.0,1.6,0.7,0.3,0.9,32.0,
32681,2023,South Dakota State Jackrabbits,L. Appel,F,,,6.4,1.2,0.8,13.8,2.0,4.0,50.0,0.4,0.6,66.7,2.0,2.6,76.9,0.2,1.0,0.4,0.0,2.4,5.0,
32683,2023,South Dakota State Jackrabbits,T. Te Slaa,G,,,2.3,1.4,0.3,13.3,0.7,2.6,26.8,0.4,2.0,22.2,0.4,0.4,91.7,0.1,1.3,0.3,0.0,0.4,27.0,
32684,2023,South Dakota State Jackrabbits,A. Fiegen,F,,,0.5,0.1,0.0,1.9,0.2,0.4,66.7,0.0,0.0,0.0,0.0,0.0,0.0,0.0,0.1,0.0,0.1,0.0,8.0,
32686,2023,South Florida Bulls,R. Tchewa,C,,,11.1,8.6,0.9,31.4,4.0,6.6,60.6,0.0,0.0,0.0,3.1,5.1,61.4,2.7,5.9,0.6,0.3,2.2,30.0,
32687,2023,South Florida Bulls,S. Miguel,G,,,10.3,3.2,3.3,25.8,4.1,9.8,42.0,1.1,3.4,33.0,1.0,1.6,63.8,0.6,2.6,0.8,0.2,2.0,30.0,
32693,2023,South Florida Bulls,J. Boggs,F,,,2.1,1.4,0.1,7.3,0.8,2.1,36.4,0.5,1.5,33.3,0.1,0.3,20.0,0.4,1.0,0.1,0.3,0.6,16.0,
32694,2023,South Florida Bulls,T. Moss,G,,,1.8,0.9,0.5,7.9,0.6,1.4,45.5,0.4,0.8,50.0,0.1,0.2,50.0,0.1,0.8,0.4,0.0,0.4,8.0,
32696,2023,South Florida Bulls,D. Patrick,G,,,0.8,0.3,0.3,5.8,0.2,1.2,20.0,0.0,0.8,0.0,0.2,0.5,50.0,0.2,0.0,0.5,0.0,0.0,4.0,
32698,2023,Southeast Missouri State Redhawks,P. Russell,G,,,18.1,2.9,5.1,32.5,5.3,13.3,39.8,2.4,6.7,36.1,5.1,6.3,80.5,0.7,2.2,1.6,0.1,2.9,34.0,
32701,2023,Southeast Missouri State Redhawks,J. Earley,F,,,7.5,5.0,0.1,17.0,3.2,5.5,59.1,0.0,0.0,0.0,1.0,1.9,50.8,1.3,3.6,0.2,0.2,0.9,32.0,
32702,2023,Southeast Missouri State Redhawks,A. Smart,G,,,7.4,3.1,2.2,24.6,2.3,6.3,36.6,0.6,2.2,29.0,2.1,2.9,73.9,0.4,2.6,1.5,0.4,2.3,32.0,
32703,2023,Southeast Missouri State Redhawks,D. Branson,F,,,6.8,4.6,1.9,24.5,2.4,5.2,45.5,0.8,2.4,34.2,1.3,1.8,70.7,1.0,3.6,0.9,0.2,1.6,32.0,
32706,2023,Southeast Missouri State Redhawks,A. Larson,F,,,5.1,1.7,0.1,13.4,1.8,3.9,44.8,1.1,3.0,37.9,0.4,0.7,65.2,0.3,1.5,0.1,0.4,0.2,34.0,
32708,2023,Southeast Missouri State Redhawks,E. Eursher,G,,,1.9,0.9,0.2,8.6,0.6,1.8,33.3,0.3,1.4,23.5,0.4,0.5,75.0,0.2,0.7,0.4,0.0,0.3,25.0,
32709,2023,Southeast Missouri State Redhawks,M. Hanback,C,,,1.8,0.3,0.0,5.0,0.8,0.9,88.9,0.0,0.0,0.0,0.2,0.3,66.7,0.0,0.3,0.0,0.3,0.2,10.0,
32711,2023,Southern Illinois Salukis,M. Domask,F,,,16.7,5.8,3.8,35.4,5.7,12.8,44.7,1.6,4.7,34.8,3.6,4.2,87.6,0.8,5.0,1.0,0.4,2.9,33.0,
32713,2023,Southern Illinois Salukis,X. Johnson,G,,,7.0,3.2,2.7,27.8,2.3,4.8,48.7,1.1,2.5,42.7,1.3,1.8,74.1,0.3,2.9,1.5,0.2,2.1,33.0,
32714,2023,Southern Illinois Salukis,C. Rupert,F,,,5.8,3.5,0.6,15.8,2.5,3.9,64.6,0.1,0.3,22.2,0.6,1.6,40.4,1.0,2.5,0.5,0.4,1.0,33.0,
32716,2023,Southern Illinois Salukis,T. D'Amico,F,,,3.9,2.5,0.6,16.2,1.4,2.8,50.5,0.5,1.4,37.8,0.5,0.7,78.3,0.7,1.8,0.3,0.3,0.7,33.0,
32717,2023,Southern Illinois Salukis,D. Banks,G,,,3.9,1.2,1.2,14.2,1.3,3.3,40.4,0.4,1.4,31.1,0.8,1.0,76.5,0.2,0.9,0.5,0.1,1.1,33.0,
32719,2023,Southern Illinois Salukis,S. Ebube,C,,,3.2,1.8,0.1,4.0,1.2,2.0,62.5,0.0,0.0,0.0,0.7,1.3,50.0,0.9,0.9,0.0,0.3,0.3,12.0,
32720,2023,Southern Illinois Salukis,T. Brown,G,,,3.0,0.8,0.7,15.9,0.9,2.8,32.2,0.8,2.5,32.1,0.3,0.4,78.6,0.0,0.8,0.4,0.0,0.2,32.0,
32723,2023,Southern Illinois Salukis,A. Ferguson,G,,,1.4,1.1,0.3,5.3,0.5,0.8,55.6,0.2,0.5,40.0,0.3,0.4,75.0,0.1,1.0,0.5,0.0,0.3,11.0,
32724,2023,Southern Illinois Salukis,C. Cross,G,,,1.0,0.0,0.3,1.8,0.5,1.5,33.3,0.0,0.5,0.0,0.0,0.0,0.0,0.0,0.0,0.0,0.0,0.0,4.0,
32725,2023,Southern Jaguars,B. Whitley,G,,,11.8,2.9,1.0,27.7,3.9,10.5,37.1,2.1,6.5,32.7,1.8,2.3,79.5,0.8,2.2,1.2,0.3,2.1,32.0,
32728,2023,Southern Jaguars,T. Lyons,G,,,8.9,3.9,1.0,22.8,3.3,7.3,45.3,0.7,2.1,30.9,1.7,2.8,58.9,0.9,3.0,0.9,0.5,1.4,32.0,
32733,2023,Southern Jaguars,J. Ewing,F,,,4.0,1.5,0.3,6.3,2.0,3.5,57.1,0.0,0.0,0.0,0.0,0.0,0.0,0.2,1.2,0.5,0.0,0.0,4.0,
32735,2023,Southern Jaguars,I. Rollins,G,,,3.4,1.4,0.6,11.2,1.2,3.3,36.6,0.6,2.0,32.3,0.3,0.4,90.9,0.3,1.1,0.7,0.1,0.6,31.0,
32737,2023,Southern Jaguars,D. Woods,G,,,2.4,1.2,2.3,11.3,0.8,2.5,31.8,0.3,1.3,25.7,0.5,0.6,75.0,0.2,1.0,0.7,0.0,1.5,26.0,
32738,2023,Southern Jaguars,G. Harris,G,,,1.7,0.9,0.7,4.6,0.7,1.4,50.0,0.0,0.1,0.0,0.3,0.6,50.0,0.4,0.5,0.4,0.0,0.3,10.0,
32739,2023,Southern Jaguars,G. Flowers,F,,,0.0,1.0,0.0,2.5,0.0,0.5,0.0,0.0,0.0,0.0,0.0,0.0,0.0,0.0,1.0,0.0,0.0,0.5,2.0,
32740,2023,Southern Miss Golden Eagles,A. Crowley,G,,,16.0,4.1,2.6,32.5,5.7,12.3,46.3,2.1,5.9,35.9,2.5,3.3,74.5,0.7,3.4,1.9,0.4,2.4,33.0,
32742,2023,Southern Miss Golden Eagles,D. Pinckney,F,,,12.9,6.6,1.3,29.4,4.7,9.8,48.0,1.2,3.5,33.3,2.4,3.4,69.6,2.3,4.3,1.0,0.5,1.2,33.0,
32743,2023,Southern Miss Golden Eagles,D. Harris,F,,,8.9,5.6,0.6,24.1,3.8,6.6,56.5,0.0,0.0,0.0,1.4,2.1,67.8,1.9,3.8,0.6,0.2,1.6,28.0,
32744,2023,Southern Miss Golden Eagles,N. Alvarez,G,,,7.8,2.1,2.9,25.5,2.8,8.1,34.4,0.6,2.7,22.5,1.6,2.8,57.1,0.3,1.8,1.7,0.1,2.0,15.0,
32745,2023,Southern Miss Golden Eagles,D. Ivory,G,,,5.5,1.9,0.7,14.7,1.9,4.0,47.3,0.5,1.8,29.8,1.2,1.6,71.2,0.7,1.2,0.6,0.3,0.8,32.0,
32746,2023,Southern Miss Golden Eagles,M. Arnold,G,,,4.5,2.9,2.9,23.9,1.7,5.2,32.9,0.5,1.8,26.2,0.6,1.0,58.8,0.5,2.5,1.4,0.0,1.3,33.0,
32748,2023,Southern Miss Golden Eagles,V. Hart,F,,,2.5,2.1,0.2,7.0,0.9,2.4,36.5,0.2,0.7,21.1,0.5,0.7,77.8,0.8,1.3,0.5,0.1,0.3,26.0,
32749,2023,Southern Miss Golden Eagles,T. Morman,F,,,2.2,2.5,0.3,9.4,0.9,1.5,55.8,0.0,0.0,0.0,0.5,1.0,46.4,1.0,1.4,0.3,0.4,0.3,28.0,
32751,2023,Southern Miss Golden Eagles,J. Armstrong,G,,,1.0,0.4,0.4,5.4,0.4,0.7,60.0,0.1,0.3,33.3,0.1,0.1,50.0,0.2,0.3,0.2,0.0,0.2,29.0,
32753,2023,Southern Miss Golden Eagles,T. Alfonso,G,,,0.7,0.3,0.1,1.8,0.2,0.7,37.5,0.0,0.1,0.0,0.2,0.2,66.7,0.3,0.0,0.0,0.1,0.0,12.0,
32754,2023,Southern Miss Golden Eagles,T. Ryder,G,,,0.5,0.2,0.1,2.0,0.2,0.3,75.0,0.1,0.2,50.0,0.0,0.1,0.0,0.1,0.2,0.2,0.0,0.3,13.0,
32756,2023,Southern Utah Thunderbirds,M. Fausett,F,,,12.0,6.7,1.1,30.2,4.3,8.9,48.0,1.2,3.2,35.8,2.3,3.2,72.6,2.4,4.4,1.1,0.2,1.2,37.0,
32757,2023,Southern Utah Thunderbirds,H. Butler,G,,,11.1,6.8,2.5,31.5,3.4,9.3,36.6,1.0,3.4,28.6,3.3,4.7,69.1,0.8,6.0,1.1,0.4,2.2,37.0,
32759,2023,Southern Utah Thunderbirds,J. Spurgin,C,,,10.0,6.0,1.1,27.4,3.9,6.6,60.1,0.0,0.5,5.0,2.1,3.1,67.2,2.5,3.6,0.8,1.7,1.8,37.0,
32764,2023,Southern Utah Thunderbirds,Z. Young,G,,,3.6,0.5,0.2,4.3,1.4,2.7,51.9,0.5,1.5,33.3,0.3,0.3,100.0,0.1,0.4,0.3,0.0,0.3,10.0,
32765,2023,Southern Utah Thunderbirds,P. Fallah,F,,,3.6,2.1,0.3,7.9,1.6,2.4,67.9,0.0,0.2,0.0,0.4,0.8,46.2,0.9,1.2,0.4,0.2,0.8,33.0,
32770,2023,St Bonaventure Bonnies,D. Banks III,G,,,15.4,3.8,2.3,38.3,4.5,12.5,36.0,2.5,7.2,34.1,3.9,4.7,83.3,0.6,3.2,1.1,0.3,2.0,32.0,
32771,2023,St Bonaventure Bonnies,C. Venning,F,,,12.7,5.6,0.7,28.0,5.4,9.2,58.1,0.0,0.0,0.0,1.9,3.0,63.9,2.1,3.5,0.5,1.4,1.8,32.0,
32772,2023,St Bonaventure Bonnies,K. Luc,G,,,11.3,3.4,4.3,33.0,3.9,11.0,35.9,1.0,3.2,30.4,2.5,3.3,73.8,0.4,3.0,1.7,0.3,2.5,32.0,
32773,2023,St Bonaventure Bonnies,M. Flowers,G,,,9.3,2.6,1.5,25.3,3.4,7.5,45.1,1.3,3.5,36.7,1.2,2.0,61.3,0.6,2.0,1.0,0.1,1.3,31.0,
32774,2023,St Bonaventure Bonnies,Y. Farell,F,,,8.9,6.0,1.1,31.0,3.1,7.0,43.6,2.0,4.8,41.9,0.8,1.2,67.6,1.5,4.5,0.6,0.4,1.3,32.0,
32775,2023,St Bonaventure Bonnies,B. Evans,F,,,3.0,3.6,0.6,18.6,1.4,3.1,44.9,0.1,0.4,25.0,0.2,0.7,28.6,1.3,2.3,0.9,0.2,0.7,32.0,
32780,2023,St Bonaventure Bonnies,J. Ndjock-Tadjore,G,,,0.0,3.0,0.0,9.0,0.0,3.0,0.0,0.0,1.0,0.0,0.0,0.0,0.0,1.0,2.0,0.0,0.0,0.0,1.0,
32781,2023,St Johns Red Storm,J. Soriano,C,,,15.2,11.9,1.3,30.4,5.7,10.1,56.3,0.0,0.0,0.0,3.8,5.3,73.0,4.4,7.5,0.3,1.4,1.8,33.0,
32783,2023,St Johns Red Storm,P. Alexander,G,,,10.2,3.9,4.2,32.7,3.7,9.2,40.0,0.5,2.3,23.2,2.4,3.3,72.4,1.7,2.2,2.0,0.1,2.9,30.0,
32785,2023,St Johns Red Storm,M. Mathis,G,,,9.6,1.9,0.7,27.2,3.4,7.4,46.2,1.1,2.6,40.5,1.6,2.4,67.6,0.4,1.6,1.2,0.2,1.1,14.0,
32786,2023,St Johns Red Storm,D. Addae-Wusu,G,,,9.3,4.4,2.4,26.9,3.4,8.0,42.6,1.3,3.7,36.4,1.2,1.7,69.1,0.6,3.9,1.6,0.1,1.9,32.0,
32788,2023,St Johns Red Storm,R. Pinzon,G,,,6.1,1.9,1.1,15.7,2.4,5.6,42.1,0.8,2.4,35.6,0.5,0.7,64.3,0.6,1.3,0.3,0.0,0.8,19.0,
32789,2023,St Johns Red Storm,O. Stanley,F,,,4.7,2.7,0.4,15.0,2.0,3.1,64.9,0.2,0.4,45.5,0.5,0.9,55.6,1.0,1.7,0.4,0.8,0.6,31.0,
32791,2023,St Johns Red Storm,E. Nyiwe,F,,,1.4,1.5,0.1,8.3,0.6,1.1,55.2,0.0,0.1,0.0,0.2,0.8,28.6,0.6,0.9,0.1,0.6,0.2,27.0,
32793,2023,St Johns Red Storm,D. Traore,F,,,0.6,0.7,0.1,3.5,0.3,0.7,40.0,0.1,0.4,16.7,0.0,0.0,0.0,0.1,0.6,0.1,0.1,0.4,14.0,
32797,2023,St Thomas-Minnesota Tommies,P. Bjorklund,F,,,15.1,5.5,1.3,26.4,5.5,11.2,49.5,1.2,3.3,35.6,2.8,4.2,68.5,1.8,3.6,0.3,0.4,1.3,26.0,
32798,2023,St Thomas-Minnesota Tommies,R. Miller,G,,,11.6,2.4,1.5,31.4,3.1,7.9,39.5,2.6,6.8,38.1,2.8,3.2,88.6,0.4,2.0,0.6,0.1,0.6,33.0,
32799,2023,St Thomas-Minnesota Tommies,B. Allen,F,,,8.8,4.3,2.3,30.3,2.9,7.4,39.3,1.3,4.1,32.1,1.7,2.2,76.4,0.6,3.7,1.2,0.3,1.4,33.0,
32800,2023,St Thomas-Minnesota Tommies,K. Blue,G,,,7.4,3.3,1.5,24.5,2.7,6.4,42.7,1.1,3.4,32.1,0.8,1.1,77.8,0.4,2.9,0.6,0.4,1.3,33.0,
32801,2023,St Thomas-Minnesota Tommies,A. Lee,F,,,5.2,4.3,0.5,15.3,1.9,3.9,49.6,0.0,0.1,33.3,1.3,1.6,84.0,1.5,2.8,0.3,0.7,0.8,32.0,
32802,2023,St Thomas-Minnesota Tommies,R. Dufault,G,,,3.6,1.7,1.1,12.3,1.5,2.8,52.8,0.2,0.3,55.6,0.5,0.7,72.7,0.6,1.2,0.8,0.0,0.7,32.0,
32803,2023,St Thomas-Minnesota Tommies,W. Engels,F,,,3.5,2.8,0.9,15.0,1.3,2.4,54.7,0.3,0.7,50.0,0.6,0.9,66.7,0.8,2.0,0.3,0.0,0.7,27.0,
32804,2023,St Thomas-Minnesota Tommies,D. Martinelli,G,,,3.4,0.9,0.2,5.9,1.2,2.0,57.7,0.2,0.4,60.0,0.8,0.9,91.7,0.5,0.5,0.1,0.1,0.2,13.0,
32805,2023,St Thomas-Minnesota Tommies,B. Nau,G,,,3.4,1.0,0.6,12.0,1.1,2.7,41.0,0.8,2.0,39.7,0.4,0.5,78.6,0.2,0.8,0.2,0.1,0.5,29.0,
32806,2023,St Thomas-Minnesota Tommies,C. Brown Jr.,F,,,2.5,2.5,0.2,10.7,1.1,2.2,48.8,0.1,0.3,33.3,0.3,0.6,54.5,0.7,1.7,0.3,0.2,0.5,19.0,
32807,2023,St Thomas-Minnesota Tommies,D. Dobbs,G,,,2.2,0.5,0.7,9.1,0.6,2.8,22.6,0.3,1.3,21.4,0.6,0.7,87.5,0.1,0.5,0.2,0.0,0.5,11.0,
32808,2023,St Thomas-Minnesota Tommies,B. Kwiecinski,F,,,1.4,0.7,0.2,3.6,0.7,1.2,58.3,0.0,0.0,0.0,0.0,0.0,0.0,0.3,0.4,0.0,0.2,0.1,10.0,
32810,2023,Stanford Cardinal,H. Ingram,F,,,10.5,5.8,3.7,27.8,3.8,9.2,40.8,1.1,3.4,31.9,1.8,3.1,59.8,1.8,4.0,0.8,0.5,2.3,33.0,
32811,2023,Stanford Cardinal,B. Angel,F,,,9.5,4.5,1.8,25.8,3.4,6.6,51.6,0.9,2.3,39.0,1.8,2.3,79.2,1.1,3.4,0.6,0.2,1.7,33.0,
32813,2023,Stanford Cardinal,M. Raynaud,F,,,8.8,6.1,0.9,22.4,3.9,7.2,54.0,0.4,1.3,27.9,0.7,1.1,59.5,1.9,4.2,0.5,0.5,1.5,33.0,
32814,2023,Stanford Cardinal,M. O'Connell,G,,,5.2,2.5,3.1,25.7,1.8,4.7,37.8,0.3,1.1,29.7,1.3,1.7,78.2,0.6,1.8,0.9,0.0,1.6,33.0,
32815,2023,Stanford Cardinal,J. Keefe,F,,,4.7,4.2,0.9,16.2,1.8,3.0,58.7,0.0,0.0,0.0,1.1,2.2,52.2,1.4,2.8,0.7,0.3,1.0,21.0,
32817,2023,Stanford Cardinal,R. Agarwal,G,,,3.5,0.6,0.2,7.5,1.2,2.4,50.0,0.9,2.1,45.7,0.2,0.3,60.0,0.0,0.6,0.2,0.0,0.5,17.0,
32818,2023,Stanford Cardinal,I. Silva,G,,,3.2,0.5,1.2,13.0,1.2,2.8,42.7,0.2,0.8,25.0,0.6,1.0,61.3,0.0,0.5,0.3,0.0,0.9,32.0,
32819,2023,Stanford Cardinal,J. Moss,G,,,1.8,0.8,0.1,3.6,0.7,1.8,38.1,0.5,1.2,42.9,0.0,0.0,0.0,0.1,0.8,0.1,0.1,0.2,12.0,
32820,2023,Stanford Cardinal,B. Gealer,G,,,1.1,0.5,0.5,4.8,0.3,0.7,50.0,0.2,0.6,42.9,0.2,0.2,100.0,0.1,0.4,0.3,0.0,0.8,12.0,
32821,2023,Stanford Cardinal,N. Begovich,F,,,0.9,1.1,0.3,3.5,0.2,1.1,22.2,0.0,0.5,0.0,0.4,0.6,60.0,0.4,0.8,0.1,0.1,0.1,8.0,
32822,2023,Stanford Cardinal,R. Yuan,G,,,0.0,0.0,0.0,1.2,0.0,0.4,0.0,0.0,0.2,0.0,0.0,0.0,0.0,0.0,0.0,0.0,0.0,0.0,5.0,
32823,2023,Stanford Cardinal,J. Gil-Silva,G,,,0.0,0.5,0.0,1.5,0.0,0.8,0.0,0.0,0.0,0.0,0.0,0.0,0.0,0.0,0.5,0.0,0.0,0.0,4.0,
32824,2023,Stephen F Austin Lumberjacks,S. Hall,F,,,13.1,6.8,1.8,27.4,5.5,9.3,59.4,0.1,0.4,36.4,1.9,2.8,68.2,2.3,4.5,1.2,0.7,1.7,30.0,
32825,2023,Stephen F Austin Lumberjacks,L. Jossell,G,,,11.8,1.7,2.5,28.8,3.8,8.9,43.0,2.5,5.9,42.2,1.6,2.0,83.6,0.2,1.4,1.3,0.0,1.6,28.0,
32826,2023,Stephen F Austin Lumberjacks,N. Hawkins,G,,,11.3,3.8,1.4,24.6,3.8,8.1,46.2,1.0,2.8,34.1,2.9,3.7,77.3,0.7,3.2,0.8,0.1,1.7,32.0,
32827,2023,Stephen F Austin Lumberjacks,A. Cajuste,G,,,9.8,2.6,4.3,26.3,3.1,7.1,44.1,1.0,2.6,38.1,2.6,3.3,78.1,0.6,2.0,1.5,0.0,2.3,32.0,
32828,2023,Stephen F Austin Lumberjacks,R. Ware,G,,,8.2,2.8,1.7,23.7,3.1,7.4,41.6,0.8,2.2,36.4,1.3,1.8,72.2,0.3,2.5,1.1,0.1,1.4,30.0,
32829,2023,Stephen F Austin Lumberjacks,N. Antwi-Boasiako,F,,,7.5,4.9,1.2,27.2,2.4,4.2,55.9,0.1,0.5,28.6,2.7,3.4,78.4,1.9,3.1,0.6,1.0,2.2,30.0,
32830,2023,Stephen F Austin Lumberjacks,J. Jackson-Posey,G,,,6.7,1.9,1.6,17.0,2.5,6.1,41.7,0.8,1.7,44.8,0.9,1.4,65.2,0.2,1.7,1.1,0.2,1.5,17.0,
32831,2023,Stephen F Austin Lumberjacks,M. Hayman,G,,,4.9,2.3,0.8,14.9,1.8,4.0,44.9,0.6,1.6,39.2,0.7,1.1,64.7,0.8,1.5,0.9,0.2,1.0,32.0,
32832,2023,Stephen F Austin Lumberjacks,D. Tezeno,F,,,4.5,2.9,0.5,16.1,1.7,3.6,46.8,0.1,0.2,33.3,1.1,1.8,60.4,1.2,1.7,0.8,0.1,1.0,30.0,
32835,2023,Stephen F Austin Lumberjacks,J. Beaubrun,F,,,2.5,3.0,0.2,11.8,0.9,2.0,44.1,0.1,0.2,25.0,0.7,1.4,52.2,0.9,2.1,0.2,0.5,1.2,17.0,
32836,2023,Stetson Hatters,J. Blackmon,G,,,15.4,2.3,1.7,28.9,5.2,12.6,41.4,2.3,6.8,33.6,2.7,2.9,91.2,0.4,1.9,0.6,0.2,1.6,31.0,
32837,2023,Stetson Hatters,S. Swenson,G,,,10.9,2.8,4.8,27.6,3.9,8.3,46.7,1.2,3.0,39.8,1.9,2.2,84.4,0.7,2.1,1.2,0.1,2.0,29.0,
32840,2023,Stetson Hatters,W. Panzo,G,,,8.6,4.6,1.1,30.1,2.8,6.5,43.6,2.5,5.2,46.9,0.5,0.6,78.9,0.7,3.9,0.8,0.6,0.4,31.0,
32842,2023,Stetson Hatters,A. Oglesby,G,,,5.5,1.8,0.8,18.3,1.7,4.5,39.1,1.1,2.7,39.8,1.0,1.2,83.3,0.7,1.2,0.3,0.1,0.6,31.0,
32843,2023,Stetson Hatters,C. Harrison,G,,,4.9,0.8,2.5,16.0,1.7,4.8,36.4,0.5,1.9,27.9,0.9,1.3,72.4,0.1,0.7,0.4,0.0,0.7,23.0,
32844,2023,Stetson Hatters,M. Diawara,F,,,4.1,4.4,0.3,12.7,1.6,3.0,53.9,0.0,0.0,0.0,0.9,1.5,58.7,1.8,2.6,0.2,0.4,0.7,30.0,
32845,2023,Stetson Hatters,A. Tumblin,F,,,3.6,2.0,0.4,11.1,1.6,3.3,49.2,0.1,0.4,12.5,0.3,0.8,35.7,0.7,1.3,0.3,0.3,0.9,18.0,
32846,2023,Stetson Hatters,A. Gateretse,C,,,2.4,1.9,0.3,7.9,1.0,1.8,54.9,0.0,0.0,0.0,0.4,0.8,56.5,0.8,1.2,0.2,0.5,0.5,29.0,
32847,2023,Stetson Hatters,G. Valdez,G,,,2.1,1.3,1.0,6.4,0.9,1.6,57.1,0.3,0.8,42.9,0.0,0.0,0.0,0.3,1.0,0.0,0.1,0.4,9.0,
32849,2023,Stonehill Skyhawks,M. Zegarowski,F,,,12.6,4.2,1.2,33.7,4.1,9.1,45.2,2.3,5.4,41.7,2.1,2.4,87.7,0.7,3.5,0.6,0.3,1.0,31.0,
32853,2023,Stonehill Skyhawks,T. Stone,G,,,5.6,2.8,0.8,19.6,2.3,5.7,39.8,0.5,2.2,25.4,0.5,0.7,73.9,0.5,2.3,0.4,0.1,1.5,31.0,
32854,2023,Stonehill Skyhawks,E. Meuser,F,,,3.2,1.8,0.2,11.2,1.2,2.5,46.9,0.3,0.9,33.3,0.6,0.7,88.9,0.6,1.2,0.2,0.2,0.5,13.0,
32855,2023,Stonehill Skyhawks,C. Melis,F,,,3.2,2.8,0.8,14.4,1.5,2.9,51.4,0.0,0.2,25.0,0.2,0.4,50.0,1.3,1.6,0.4,0.3,0.6,25.0,
32857,2023,Stonehill Skyhawks,C. Stinson,G,,,2.1,0.9,0.2,5.8,0.6,1.4,45.0,0.3,0.6,44.4,0.5,0.8,63.6,0.0,0.9,0.5,0.1,0.4,14.0,
32859,2023,Stonehill Skyhawks,N. McGill,G,,,0.8,0.9,0.3,6.1,0.3,0.5,60.0,0.1,0.2,60.0,0.1,0.3,16.7,0.1,0.8,0.3,0.1,0.2,20.0,
32860,2023,Stonehill Skyhawks,W. Rywolt,G,,,0.7,0.3,0.0,2.3,0.0,0.3,0.0,0.0,0.3,0.0,0.7,0.7,100.0,0.0,0.3,0.0,0.0,0.0,3.0,
32861,2023,Stonehill Skyhawks,N. Marquardt,F,,,0.4,0.2,0.2,2.2,0.0,0.4,0.0,0.0,0.0,0.0,0.4,0.4,100.0,0.2,0.0,0.2,0.0,0.0,5.0,
32863,2023,Stony Brook Seawolves,T. Stephenson-Moore,G,,,14.3,4.3,2.2,37.7,5.1,12.6,40.3,1.6,5.5,29.3,2.6,3.1,83.9,1.2,3.1,0.9,0.1,1.9,30.0,
32864,2023,Stony Brook Seawolves,F. Policelli,F,,,13.7,9.4,1.8,33.4,4.6,10.8,42.2,1.9,5.3,36.8,2.6,3.2,80.2,1.6,7.8,0.7,0.3,1.9,33.0,
32865,2023,Stony Brook Seawolves,K. Fitzmorris,C,,,9.8,3.9,1.3,25.8,3.7,7.0,53.5,0.3,1.0,28.1,2.0,2.8,72.8,1.6,2.2,0.2,0.9,1.7,33.0,
32866,2023,Stony Brook Seawolves,J. Frey,G,,,9.0,1.0,0.0,25.0,3.0,10.0,30.0,1.0,7.0,14.3,2.0,2.0,100.0,0.0,1.0,1.0,0.0,3.0,1.0,
32868,2023,Stony Brook Seawolves,T. Onyekonwu,G,,,7.3,3.6,2.9,24.8,2.6,6.9,37.5,0.8,2.4,34.3,1.3,1.7,78.7,0.2,3.4,0.5,0.0,2.4,28.0,
32869,2023,Stony Brook Seawolves,T. Pettway,PG,,,7.1,3.1,0.8,26.0,2.5,6.0,41.9,0.8,2.8,28.3,1.3,1.8,70.5,0.5,2.6,1.2,0.2,1.0,33.0,
32870,2023,Stony Brook Seawolves,K. Roberts,G,,,3.0,2.2,1.7,24.4,0.9,2.5,37.0,0.5,1.5,36.7,0.6,1.0,62.5,0.3,2.0,0.4,0.1,1.5,33.0,
32871,2023,Stony Brook Seawolves,L. Nahar,F,,,2.3,1.4,0.4,7.5,0.8,1.2,66.7,0.3,0.7,45.5,0.4,0.5,85.7,0.1,1.3,0.1,0.0,0.3,15.0,
32872,2023,Stony Brook Seawolves,R. Muratori,C,,,1.1,1.1,0.1,6.5,0.4,0.8,56.5,0.0,0.0,0.0,0.3,0.6,47.1,0.4,0.7,0.2,0.4,0.5,30.0,
32874,2023,Syracuse Orange,J. Girard III,G,,,16.4,2.8,3.0,34.4,5.5,13.7,40.3,2.8,7.2,38.1,2.6,3.1,85.7,0.2,2.6,0.8,0.0,2.4,32.0,
32875,2023,Syracuse Orange,J. Mintz,G,,,16.3,2.3,4.6,33.3,5.7,12.8,44.3,0.6,2.1,30.3,4.3,5.8,75.1,0.3,1.9,1.8,0.1,2.4,32.0,
32876,2023,Syracuse Orange,J. Edwards,C,,,14.5,10.3,1.6,32.6,5.6,9.5,59.2,0.0,0.0,100.0,3.2,4.4,72.9,3.2,7.2,1.4,2.7,2.0,32.0,
32878,2023,Syracuse Orange,C. Bell,F,,,6.6,1.8,0.4,20.1,2.4,6.0,40.2,1.3,3.8,34.5,0.5,0.7,80.0,0.2,1.6,0.2,0.3,0.8,30.0,
32881,2023,Syracuse Orange,S. Torrence,G,,,2.4,1.5,1.6,11.2,0.9,2.1,45.3,0.2,0.6,33.3,0.3,0.4,83.3,0.2,1.3,0.5,0.0,0.8,31.0,
32882,2023,Syracuse Orange,Q. Copeland,G,,,2.1,1.6,0.5,9.2,0.7,2.0,34.1,0.1,0.5,11.1,0.7,0.8,86.7,0.6,0.9,0.5,0.1,0.7,20.0,
32883,2023,Syracuse Orange,J. Ajak,F,,,1.1,1.9,1.5,9.3,0.4,0.8,45.5,0.0,0.0,0.0,0.3,0.5,57.1,0.8,1.1,0.3,0.2,0.7,13.0,
32884,2023,Syracuse Orange,M. Hima,F,,,1.0,1.7,0.1,7.4,0.4,1.0,46.2,0.0,0.0,0.0,0.1,0.2,60.0,0.7,1.0,0.3,1.0,0.2,27.0,
32886,2023,Syracuse Orange,N. Ruffin,G,,,0.5,0.3,0.0,2.0,0.2,1.0,25.0,0.0,0.0,0.0,0.0,0.0,0.0,0.0,0.2,0.3,0.0,0.3,4.0,
32887,2023,Syracuse Orange,A. Cordes,G,,,0.0,0.0,0.0,5.0,0.0,0.0,0.0,0.0,0.0,0.0,0.0,0.0,0.0,0.0,0.0,0.0,0.0,1.0,1.0,
32888,2023,Syracuse Orange,S. Feldman,G,,,0.0,0.0,0.0,1.0,0.0,0.0,0.0,0.0,0.0,0.0,0.0,0.0,0.0,0.0,0.0,0.0,0.0,0.0,2.0,
32889,2023,Syracuse Orange,P. Carey,C,,,0.0,1.0,0.3,6.7,0.0,0.0,0.0,0.0,0.0,0.0,0.0,0.0,0.0,0.0,1.0,0.0,0.3,0.0,3.0,
32892,2023,TCU Horned Frogs,D. Baugh,G,,,12.6,4.7,5.8,35.0,4.4,10.2,43.1,1.0,3.0,33.0,2.8,4.0,70.7,0.7,4.1,1.8,0.3,2.8,29.0,
32893,2023,TCU Horned Frogs,E. Miller,F,,,12.3,6.5,1.7,29.7,5.2,10.2,50.5,0.6,1.6,39.2,1.4,2.2,65.2,1.9,4.6,0.9,0.9,1.8,32.0,
32894,2023,TCU Horned Frogs,J. Coles,F,,,8.6,4.0,1.2,16.7,3.1,6.6,47.6,0.6,1.9,32.4,1.7,2.1,79.5,1.4,2.6,0.6,0.6,0.7,35.0,
32897,2023,TCU Horned Frogs,S. Wells,G,,,5.9,2.2,2.3,17.3,2.3,5.2,44.3,0.5,2.2,24.4,0.7,1.0,71.4,0.2,1.9,1.1,0.2,1.1,35.0,
32898,2023,TCU Horned Frogs,X. Cork,F,,,4.4,2.6,0.4,15.0,1.7,3.0,57.7,0.0,0.0,0.0,1.0,1.7,57.6,1.1,1.5,0.5,0.5,0.5,35.0,
32901,2023,TCU Horned Frogs,S. Doumbia,F,,,0.9,1.0,0.0,4.1,0.3,0.9,38.9,0.0,0.0,0.0,0.2,0.3,66.7,0.5,0.5,0.2,0.0,0.1,21.0,
32902,2023,TCU Horned Frogs,C. Despie,G,,,0.6,0.0,0.0,1.0,0.2,0.8,25.0,0.2,0.4,50.0,0.0,0.0,0.0,0.0,0.0,0.0,0.0,0.0,5.0,
32904,2023,TCU Horned Frogs,D. Ford,G,,,0.3,0.3,0.0,1.7,0.0,0.5,0.0,0.0,0.3,0.0,0.3,0.3,100.0,0.0,0.3,0.0,0.0,0.0,6.0,
32905,2023,TCU Horned Frogs,T. Stuart,G,,,0.0,0.3,0.0,0.8,0.0,0.3,0.0,0.0,0.2,0.0,0.0,0.0,0.0,0.2,0.2,0.0,0.0,0.0,6.0,
32907,2023,Tarleton State Texans,F. Hicks,G,,,16.2,6.0,2.3,30.4,4.5,10.3,43.7,0.8,2.3,34.0,6.3,8.4,75.3,1.7,4.3,1.3,0.5,2.7,23.0,
32910,2023,Tarleton State Texans,S. Bogues,G,,,9.5,3.6,1.9,28.7,3.7,6.9,53.6,0.5,1.4,36.2,1.7,2.5,67.9,0.8,2.8,2.0,0.4,1.3,34.0,
32911,2023,Tarleton State Texans,S. Daniel,G,,,7.8,3.1,2.9,35.6,2.6,5.8,45.1,0.3,0.9,36.7,2.2,3.2,68.9,0.6,2.5,1.3,0.3,1.4,33.0,
32914,2023,Tarleton State Texans,K. Gaddy,F,,,4.4,2.5,0.6,11.8,1.8,3.0,60.7,0.0,0.0,0.0,0.7,1.6,45.5,1.2,1.2,0.5,0.7,0.9,28.0,
32915,2023,Tarleton State Texans,J. Hopkins,G,,,4.2,1.7,0.5,14.5,1.4,3.3,42.7,0.2,0.4,45.5,1.2,1.9,61.7,0.4,1.4,0.7,0.1,1.0,31.0,
32919,2023,Tarleton State Texans,N. McDavid,G,,,2.3,0.8,0.5,11.8,0.9,2.4,36.0,0.2,0.8,29.4,0.4,0.6,66.7,0.2,0.6,0.3,0.0,0.5,21.0,
32923,2023,Tarleton State Texans,L. Winslow,G,,,0.3,0.5,0.3,3.2,0.1,0.9,9.1,0.1,0.7,12.5,0.0,0.0,0.0,0.0,0.5,0.3,0.0,0.2,12.0,
32924,2023,Temple Owls,K. Battle,G,,,17.9,3.6,1.8,32.2,5.7,14.0,41.0,2.9,8.1,35.0,3.6,4.0,89.8,0.3,3.3,1.0,0.1,2.3,27.0,
32927,2023,Temple Owls,Z. Hicks,F,,,9.6,5.1,1.6,32.3,3.2,9.2,34.8,2.5,7.0,35.6,0.7,1.0,68.8,0.7,4.4,0.7,0.6,1.4,32.0,
32928,2023,Temple Owls,N. Jourdain,F,,,6.3,4.5,1.1,22.9,2.3,4.6,50.0,0.2,1.1,22.2,1.4,2.1,68.2,1.7,2.8,0.5,1.1,1.5,32.0,
32931,2023,Temple Owls,S. Dezonie,G,,,1.4,1.2,0.6,7.1,0.4,1.5,27.8,0.1,0.3,25.0,0.5,0.8,66.7,0.5,0.7,0.1,0.0,0.4,12.0,
32932,2023,Temple Owls,E. Okpomo,F,,,1.0,1.5,0.3,6.2,0.5,0.5,83.3,0.0,0.0,0.0,0.1,0.1,100.0,1.0,0.5,0.1,0.3,0.2,11.0,
32933,2023,Temple Owls,R. Sayers,G,,,0.0,1.0,0.0,2.0,0.0,2.0,0.0,0.0,1.0,0.0,0.0,0.0,0.0,0.0,1.0,0.0,0.0,0.0,1.0,
32935,2023,Tennessee State Tigers,M. Fitzgerald Jr.,G,,,13.6,3.3,3.2,30.4,4.3,11.1,38.5,1.5,4.0,36.0,3.6,4.5,81.2,0.5,2.8,0.7,0.1,2.4,31.0,
32941,2023,Tennessee State Tigers,D. Acosta,F,,,3.8,3.7,0.3,11.2,1.7,2.4,68.8,0.0,0.0,0.0,0.5,1.2,41.0,1.9,1.8,0.2,0.4,0.5,32.0,
32945,2023,Tennessee State Tigers,T. Bartholomew,G,,,1.4,1.4,0.6,8.6,0.5,1.6,30.0,0.2,0.8,25.0,0.2,0.4,50.0,0.1,1.3,0.1,0.1,0.5,19.0,
32951,2023,Tennessee Tech Golden Eagles,D. Wood,G,,,6.7,3.6,1.9,20.3,2.6,6.0,44.3,0.0,0.0,0.0,1.5,2.1,68.1,1.4,2.2,0.7,0.5,2.0,22.0,
32952,2023,Tennessee Tech Golden Eagles,E. Oliver,G,,,6.4,2.6,1.1,22.1,2.5,6.0,41.7,1.0,3.4,29.0,0.4,0.6,68.8,0.3,2.3,0.5,0.1,0.9,27.0,
32953,2023,Tennessee Tech Golden Eagles,G. Strong,G,,,4.3,1.6,1.3,14.0,1.6,3.8,43.2,0.4,1.6,24.0,0.6,0.7,81.8,0.4,1.3,0.5,0.1,0.9,31.0,
32954,2023,Tennessee Tech Golden Eagles,G. Slatten,G,,,4.0,3.0,0.7,14.4,1.4,3.3,40.9,0.4,1.4,26.7,0.9,1.3,73.8,1.1,1.8,0.7,0.1,0.6,33.0,
32956,2023,Tennessee Tech Golden Eagles,D. Ramsey,F,,,3.6,2.6,0.4,13.6,1.7,4.1,41.1,0.0,0.0,0.0,0.3,0.6,50.0,0.4,2.1,0.2,0.4,0.9,18.0,
32958,2023,Tennessee Tech Golden Eagles,J. Beya,F,,,1.9,1.3,0.2,8.6,0.9,1.4,65.9,0.0,0.0,0.0,0.1,0.2,50.0,0.6,0.7,0.2,0.4,0.5,32.0,
32959,2023,Tennessee Tech Golden Eagles,B. Zimonjic,G,,,1.4,1.0,0.4,6.9,0.5,1.9,25.0,0.2,0.9,18.8,0.2,0.4,57.1,0.4,0.6,0.2,0.0,0.3,17.0,
32960,2023,Tennessee Tech Golden Eagles,B. Gilliam,G,,,1.0,0.0,0.0,1.3,0.3,1.0,33.3,0.0,0.3,0.0,0.3,0.7,50.0,0.0,0.0,0.0,0.0,0.0,3.0,
32962,2023,Tennessee Tech Golden Eagles,J. Stayton,F,,,0.0,1.0,0.0,4.0,0.0,1.5,0.0,0.0,1.5,0.0,0.0,0.0,0.0,0.0,1.0,0.0,0.0,0.0,2.0,
32964,2023,Tennessee Volunteers,S. Vescovi,G,,,12.5,4.6,3.1,32.9,4.1,10.2,39.6,2.8,7.5,37.0,1.7,2.2,77.5,0.6,4.0,1.8,0.1,1.5,33.0,
32965,2023,Tennessee Volunteers,O. Nkamhoua,F,,,10.8,5.0,2.0,25.4,4.4,8.5,51.3,0.5,1.5,33.3,1.6,2.3,69.9,1.6,3.4,0.4,0.6,1.6,36.0,
32966,2023,Tennessee Volunteers,Z. Zeigler,G,,,10.7,2.7,5.4,28.7,3.5,9.3,37.5,1.7,5.5,31.1,2.0,2.4,83.3,0.3,2.4,2.0,0.2,2.3,30.0,
32967,2023,Tennessee Volunteers,J. James,G,,,10.0,4.7,1.8,25.3,3.5,9.4,37.2,1.7,5.3,31.3,1.3,1.5,86.1,1.0,3.7,1.2,0.1,1.0,24.0,
32970,2023,Tennessee Volunteers,J. Aidoo,F,,,5.1,4.9,0.9,18.3,2.2,4.3,50.7,0.1,0.5,27.8,0.6,0.8,75.0,1.8,3.1,0.5,1.3,0.8,35.0,
32971,2023,Tennessee Volunteers,U. Plavsic,F,,,4.9,3.4,0.7,13.6,2.2,3.5,63.6,0.0,0.0,0.0,0.5,1.6,34.0,1.4,2.0,0.4,0.3,0.9,34.0,
32972,2023,Tennessee Volunteers,J. Mashack,G,,,4.7,2.4,1.5,18.1,1.8,4.2,42.0,0.3,1.0,31.4,0.9,1.6,57.9,1.2,1.2,1.4,0.3,1.3,36.0,
32973,2023,Tennessee Volunteers,T. Awaka,F,,,3.2,3.8,0.3,10.3,1.3,2.2,59.2,0.0,0.0,0.0,0.5,1.1,46.2,1.7,2.0,0.2,0.3,0.4,34.0,
32975,2023,Tennessee Volunteers,I. Sulack,G,,,1.0,0.3,0.3,2.0,0.3,0.7,50.0,0.0,0.0,0.0,0.3,0.3,100.0,0.3,0.0,0.0,0.0,0.3,3.0,
32976,2023,Tennessee Volunteers,C. Coyne,F,,,0.5,0.3,0.0,1.5,0.2,0.2,100.0,0.0,0.0,0.0,0.0,0.0,0.0,0.0,0.2,0.0,0.5,0.0,4.0,
32979,2023,Texas AM Aggies,W. Taylor IV,G,,,16.3,2.7,3.9,28.7,4.6,11.5,39.6,2.3,6.3,35.6,4.9,5.6,87.8,0.4,2.3,1.7,0.1,2.6,35.0,
32980,2023,Texas AM Aggies,T. Radford,G,,,13.3,5.3,2.4,31.2,3.9,10.1,38.6,1.2,3.8,31.3,4.2,5.3,79.6,1.8,3.5,0.9,0.3,1.8,35.0,
32983,2023,Texas AM Aggies,H. Coleman III,F,,,9.0,5.7,0.9,27.1,3.4,6.3,53.2,0.0,0.1,0.0,2.3,3.2,70.8,2.3,3.5,0.9,0.1,1.5,35.0,
32984,2023,Texas AM Aggies,M. Obaseki,G,,,5.2,1.4,1.0,13.8,1.8,4.2,42.9,0.2,0.7,38.5,1.4,1.8,75.0,0.1,1.2,0.4,0.2,1.3,20.0,
32985,2023,Texas AM Aggies,H. Hefner,G,,,3.4,0.7,0.5,10.9,1.1,2.7,41.4,0.6,1.7,35.2,0.6,0.8,79.2,0.0,0.7,0.3,0.1,0.8,32.0,
32986,2023,Texas AM Aggies,A. Garcia,F,,,3.2,4.4,0.8,16.5,1.0,1.9,50.8,0.1,0.3,40.0,1.1,1.6,71.7,2.1,2.3,0.6,0.2,0.8,34.0,
32988,2023,Texas AM Aggies,A. Gordon,G,,,2.2,1.6,1.2,15.2,0.8,2.4,31.8,0.4,1.3,30.4,0.2,0.3,66.7,0.2,1.3,0.4,0.0,0.8,35.0,
32993,2023,Texas AM-Corpus Christi Islanders,T. Tennyson,G,,,15.7,2.3,1.2,28.6,5.3,12.1,43.7,2.9,7.1,40.2,2.3,2.6,89.0,0.3,2.0,0.7,0.1,1.8,35.0,
32994,2023,Texas AM-Corpus Christi Islanders,I. Mushila,F,,,14.5,9.9,1.2,27.1,4.6,8.5,53.7,0.4,1.1,37.5,4.9,5.9,83.5,3.4,6.5,1.3,0.1,1.7,35.0,
32995,2023,Texas AM-Corpus Christi Islanders,T. Murdix,G,,,13.4,4.3,5.4,27.6,4.9,10.0,48.9,0.4,1.1,34.3,3.2,3.9,82.6,1.3,3.0,2.3,0.2,2.2,31.0,
32998,2023,Texas AM-Corpus Christi Islanders,D. Keys,F,,,6.2,6.0,1.2,20.8,2.7,5.8,46.1,0.1,0.2,33.3,0.8,1.1,71.4,2.4,3.6,0.5,0.3,1.0,33.0,
33001,2023,Texas AM-Corpus Christi Islanders,S. Fryer,G,,,4.2,2.9,1.1,22.7,1.6,3.3,48.4,0.3,1.6,17.8,0.7,0.8,82.6,0.9,2.0,0.5,0.5,1.1,28.0,
33002,2023,Texas AM-Corpus Christi Islanders,T. Nickelson,G,,,2.7,1.0,0.9,11.9,1.0,2.9,34.8,0.1,0.6,13.3,0.6,0.9,71.4,0.2,0.8,0.4,0.1,0.7,24.0,
33008,2023,Texas Longhorns,M. Carr,G,,,15.9,3.0,4.1,33.9,5.5,12.8,42.8,2.2,5.9,36.8,2.8,3.6,77.2,0.3,2.7,1.6,0.1,1.6,38.0,
33010,2023,Texas Longhorns,T. Allen,F,,,10.5,5.6,3.5,28.4,3.9,8.1,48.6,0.1,0.6,15.0,2.5,3.7,68.8,1.3,4.3,0.9,0.5,2.1,35.0,
33011,2023,Texas Longhorns,T. Hunter,G,,,10.3,3.0,2.5,30.2,3.6,9.2,39.4,1.5,4.4,33.7,1.6,2.0,80.0,0.4,2.6,0.8,0.2,1.8,38.0,
33012,2023,Texas Longhorns,D. Disu,C,,,8.8,4.4,1.0,19.0,3.7,6.0,61.3,0.3,0.9,31.3,1.2,1.5,77.8,1.2,3.2,0.6,1.3,1.1,36.0,
33013,2023,Texas Longhorns,C. Bishop,F,,,6.6,3.7,0.9,17.7,2.6,4.9,52.9,0.0,0.3,0.0,1.3,2.1,64.6,1.2,2.5,0.8,0.6,1.1,38.0,
33015,2023,Texas Longhorns,B. Cunningham,F,,,4.6,3.4,1.4,18.3,1.6,3.3,47.6,0.7,1.7,41.3,0.7,0.8,87.1,1.7,1.7,0.9,0.2,0.6,38.0,
33016,2023,Texas Longhorns,D. Mitchell,F,,,4.3,3.9,0.4,17.4,2.0,3.1,63.6,0.0,0.0,0.0,0.4,1.0,40.5,1.4,2.5,0.6,0.3,0.6,38.0,
33017,2023,Texas Longhorns,A. Anamekwe,F,,,1.5,0.7,0.1,4.9,0.7,1.2,57.1,0.2,0.3,50.0,0.0,0.0,0.0,0.2,0.4,0.2,0.0,0.3,12.0,
33018,2023,Texas Longhorns,C. Bott,F,,,0.7,0.6,0.0,2.6,0.2,0.4,50.0,0.2,0.4,50.0,0.0,0.0,0.0,0.2,0.3,0.1,0.1,0.0,9.0,
33019,2023,Texas Longhorns,G. Perryman,G,,,0.3,0.5,0.2,3.5,0.1,0.8,11.1,0.1,0.8,11.1,0.0,0.0,0.0,0.1,0.4,0.3,0.0,0.2,11.0,
33021,2023,Texas Southern Tigers,J. Walker III,F,,,12.9,4.2,1.4,30.0,4.8,10.3,46.7,0.4,1.6,26.3,2.8,4.1,69.0,1.8,2.4,0.6,1.0,1.7,35.0,
33022,2023,Texas Southern Tigers,P. Henry,G,,,12.4,1.8,2.1,27.8,4.1,12.0,33.8,1.9,5.5,34.4,2.3,3.0,77.4,0.5,1.3,1.3,0.0,2.1,28.0,
33023,2023,Texas Southern Tigers,J. Nicholas,F,,,10.7,8.9,1.5,27.5,4.5,8.5,53.1,0.0,0.0,0.0,1.7,3.5,48.6,2.5,6.4,0.8,0.9,2.2,30.0,
33024,2023,Texas Southern Tigers,Z. Mortle,G,,,7.9,3.7,0.9,19.9,3.2,7.1,44.8,0.5,1.9,26.9,0.9,1.8,51.6,0.7,3.0,1.3,0.3,1.8,35.0,
33025,2023,Texas Southern Tigers,K. Granger,G,,,4.9,2.7,1.0,16.9,1.6,3.6,44.2,0.5,1.7,30.9,1.2,1.8,65.6,1.3,1.4,0.5,0.2,1.0,33.0,
33026,2023,Texas Southern Tigers,K. Farooq,G,,,4.8,4.0,1.1,17.2,1.9,4.2,44.8,0.5,1.5,31.3,0.6,0.9,63.3,1.3,2.7,0.5,0.4,1.4,32.0,
33027,2023,Texas Southern Tigers,C. Craig,G,,,3.0,2.2,0.4,13.0,1.1,1.8,62.8,0.0,0.1,0.0,0.8,1.0,72.0,0.8,1.3,0.7,0.2,0.7,24.0,
33028,2023,Texas Southern Tigers,J. Gilliam,G,,,2.6,2.2,1.4,20.5,0.8,3.4,23.2,0.3,1.9,17.3,0.7,1.0,65.5,0.2,2.0,0.4,0.2,0.8,28.0,
33030,2023,Texas Southern Tigers,G. Carter,F,,,2.4,2.5,0.4,13.5,1.1,3.0,35.0,0.2,1.2,20.8,0.0,0.1,0.0,0.8,1.7,0.1,0.2,0.4,20.0,
33031,2023,Texas Southern Tigers,S. O'Neal,F,,,1.3,0.9,0.6,7.0,0.4,1.5,25.0,0.0,0.6,0.0,0.5,0.7,73.3,0.2,0.6,0.1,0.1,0.5,21.0,
33033,2023,Texas State Bobcats,M. Harrell,G,,,15.9,2.9,2.4,34.2,5.3,12.9,41.3,1.4,4.1,34.1,3.8,4.4,87.1,0.4,2.5,1.1,0.0,1.3,32.0,
33034,2023,Texas State Bobcats,N. Ceaser,F,,,9.6,6.5,1.0,23.2,3.8,7.4,51.9,0.3,1.2,22.6,1.6,2.2,72.7,2.1,4.4,0.6,1.1,2.0,25.0,
33035,2023,Texas State Bobcats,T. Morgan,F,,,8.8,6.1,1.5,29.0,3.6,7.6,46.8,0.4,1.8,20.0,1.3,2.1,63.1,2.4,3.7,0.7,0.5,1.4,31.0,
33036,2023,Texas State Bobcats,N. Martin,F,,,8.0,4.8,0.8,21.6,2.8,5.5,51.8,0.0,0.0,0.0,2.3,3.1,75.0,2.1,2.7,0.3,0.8,1.4,30.0,
33037,2023,Texas State Bobcats,D. Drinnon,G,,,6.8,2.2,2.2,28.8,2.2,5.9,37.6,1.0,2.7,37.0,1.4,1.9,71.9,0.2,1.9,1.0,0.0,1.8,30.0,
33038,2023,Texas State Bobcats,J. Mason,G,,,6.3,2.4,1.0,21.2,2.2,5.1,44.2,0.4,1.3,33.3,1.3,1.7,81.1,0.7,1.7,0.8,0.1,0.9,32.0,
33040,2023,Texas State Bobcats,D. Dawson,G,,,4.9,1.4,1.0,23.3,1.6,5.2,30.1,1.1,3.9,29.1,0.6,0.9,66.7,0.1,1.3,0.6,0.1,0.9,14.0,
33042,2023,Texas State Bobcats,B. Love,F,,,3.9,1.8,0.3,12.0,1.7,3.2,53.7,0.0,0.0,0.0,0.5,1.3,36.4,0.6,1.2,0.6,0.8,0.6,34.0,
33044,2023,Texas State Bobcats,D. Sykes,G,,,3.5,2.4,0.3,13.3,1.5,3.2,45.5,0.0,0.4,0.0,0.6,0.9,66.7,0.6,1.8,0.6,0.2,0.6,34.0,
33045,2023,Texas State Bobcats,D. Whitlock,G,,,0.0,0.1,0.0,1.6,0.0,0.1,0.0,0.0,0.1,0.0,0.0,0.0,0.0,0.0,0.1,0.0,0.0,0.1,8.0,
33046,2023,Texas Tech Red Raiders,K. Obanor,F,,,14.4,6.4,0.9,31.0,4.8,9.8,49.2,1.3,4.0,33.1,3.5,4.3,81.0,2.0,4.4,0.8,0.4,2.0,32.0,
33048,2023,Texas Tech Red Raiders,P. Isaacs,G,,,11.5,2.0,2.7,28.6,3.6,9.9,36.8,2.5,6.6,37.8,1.7,1.9,89.6,0.1,1.9,1.1,0.0,2.3,25.0,
33051,2023,Texas Tech Red Raiders,D. Batcho,F,,,7.9,5.9,1.3,24.4,3.0,5.0,60.5,0.1,0.2,60.0,1.7,2.9,59.7,2.0,4.0,0.5,1.5,1.7,23.0,
33052,2023,Texas Tech Red Raiders,K. Walton,G,,,3.6,0.9,0.4,12.8,1.3,2.8,45.3,0.9,2.1,41.1,0.3,0.3,87.5,0.2,0.7,0.2,0.2,0.4,27.0,
33053,2023,Texas Tech Red Raiders,L. Washington,G,,,3.4,1.8,1.8,15.4,1.1,2.5,42.5,0.2,0.9,23.3,1.0,1.4,73.3,0.2,1.5,0.9,0.2,1.4,32.0,
33056,2023,Texas Tech Red Raiders,R. Jennings II,F,,,2.7,1.9,0.1,8.8,0.9,2.0,42.6,0.1,0.3,33.3,0.9,1.3,65.0,1.0,0.9,0.3,0.2,0.3,30.0,
33057,2023,Texas Tech Red Raiders,K. Allen,F,,,2.4,2.0,0.5,9.3,1.0,1.7,55.6,0.0,0.3,11.1,0.4,0.8,52.4,1.0,1.1,0.3,0.2,0.5,26.0,
33059,2023,The Citadel Bulldogs,S. Clark,F,,,16.3,6.5,2.8,34.6,6.6,13.3,49.2,0.3,1.5,22.4,2.8,4.2,67.2,1.5,5.0,0.9,1.8,2.9,32.0,
33063,2023,The Citadel Bulldogs,J. Price,F,,,6.7,2.3,0.3,16.6,2.3,4.5,51.9,1.0,2.2,44.0,1.0,1.3,74.2,0.7,1.7,0.3,0.1,0.7,23.0,
33065,2023,The Citadel Bulldogs,D. Maynard,G,,,5.0,2.5,1.5,23.7,1.8,4.1,44.5,0.9,2.8,32.6,0.5,0.5,87.5,0.5,2.0,0.5,0.0,0.6,31.0,
33066,2023,The Citadel Bulldogs,B. Spence,F,,,3.4,2.8,0.2,9.6,1.4,2.3,60.4,0.0,0.0,0.0,0.7,1.0,62.5,1.3,1.5,0.1,0.7,0.6,23.0,
33070,2023,The Citadel Bulldogs,D. Engler,G,,,1.2,1.8,0.5,9.0,0.4,1.0,38.5,0.0,0.3,0.0,0.5,0.9,50.0,0.7,1.2,0.2,0.0,0.4,13.0,
33075,2023,Toledo Rockets,R. Dennis,G,,,19.5,4.3,5.8,33.9,7.6,15.6,48.4,1.5,4.1,36.6,2.9,3.7,76.9,0.8,3.5,1.5,0.2,1.9,35.0,
33077,2023,Toledo Rockets,J. Shumate,F,,,16.0,4.8,1.4,29.4,5.7,10.6,53.8,1.6,4.0,40.7,3.0,3.4,86.7,1.7,3.1,0.6,1.2,0.8,35.0,
33079,2023,Toledo Rockets,T. Cochran,G,,,9.2,4.1,0.9,22.4,3.6,6.8,52.5,0.7,1.6,42.9,1.4,2.3,61.9,1.3,2.8,1.6,0.2,1.7,9.0,
33080,2023,Toledo Rockets,R. Moss,G,,,8.5,4.2,2.4,30.3,2.9,6.0,47.6,0.9,2.7,33.0,1.9,2.4,79.8,1.0,3.2,1.5,0.1,1.7,35.0,
33081,2023,Toledo Rockets,E. Farmer,G,,,6.0,1.9,0.6,16.3,2.2,4.1,52.8,0.3,0.9,40.0,1.3,1.9,67.2,1.0,0.9,0.3,0.1,0.8,35.0,
33082,2023,Toledo Rockets,A. Edu,F,,,2.8,3.0,0.3,12.2,0.9,1.8,49.2,0.0,0.0,0.0,1.1,1.5,71.2,1.1,1.9,0.2,0.8,0.4,35.0,
33083,2023,Toledo Rockets,A. Lorentsson,F,,,2.5,1.5,0.4,7.7,0.7,1.9,37.9,0.6,1.6,36.4,0.5,0.6,84.2,0.5,1.1,0.1,0.1,0.2,34.0,
33086,2023,Towson Tigers,N. Timberlake,G,,,17.7,3.9,2.4,35.7,6.0,13.1,45.5,2.8,6.7,41.6,3.0,3.5,84.5,0.5,3.4,1.0,0.4,2.4,33.0,
33087,2023,Towson Tigers,C. Holden,G,,,14.5,7.0,4.8,33.9,5.2,12.2,42.3,0.6,2.3,25.7,3.5,5.6,62.7,2.6,4.4,1.6,0.6,3.1,30.0,
33088,2023,Towson Tigers,C. Thompson,F,,,12.2,8.0,1.7,29.9,4.9,8.6,56.5,0.0,0.0,0.0,2.5,3.9,63.1,3.2,4.7,0.9,1.7,1.6,33.0,
33091,2023,Towson Tigers,R. Conway,G,,,6.4,0.9,1.0,17.3,2.1,5.5,38.8,1.6,4.0,40.8,0.5,0.6,88.9,0.2,0.7,0.5,0.0,0.8,31.0,
33093,2023,Towson Tigers,C. May,G,,,4.0,2.5,0.2,15.5,1.4,3.1,44.6,0.7,1.7,38.5,0.6,0.6,94.4,0.8,1.7,0.2,0.4,0.5,30.0,
33094,2023,Towson Tigers,R. Hicks,G,,,2.6,2.0,2.2,21.2,1.1,3.1,35.3,0.2,0.9,20.8,0.2,0.2,100.0,0.1,1.9,1.0,0.1,1.1,27.0,
33096,2023,Towson Tigers,C. Biekeu,F,,,1.7,1.4,0.2,8.0,0.6,1.3,48.6,0.0,0.0,0.0,0.5,0.7,70.0,0.7,0.7,0.2,0.2,0.3,29.0,
33099,2023,Towson Tigers,O. Joseph,G,,,0.1,0.3,0.1,1.4,0.0,0.1,0.0,0.0,0.0,0.0,0.1,0.6,25.0,0.1,0.1,0.0,0.0,0.0,7.0,
33100,2023,Towson Tigers,B. Held,G,,,0.0,0.0,0.0,1.4,0.0,0.4,0.0,0.0,0.2,0.0,0.0,0.0,0.0,0.0,0.0,0.0,0.0,0.0,8.0,
33103,2023,Troy Trojans,C. Eugene,G,,,12.0,3.2,2.6,28.5,4.3,9.5,45.6,1.4,3.7,39.3,1.9,2.4,79.2,0.2,3.0,1.3,0.1,2.0,32.0,
33105,2023,Troy Trojans,A. Muhammad,G,,,10.3,1.8,2.4,26.2,3.4,9.1,37.3,1.9,5.8,32.3,1.6,2.1,75.7,0.2,1.6,0.9,0.1,1.8,33.0,
33106,2023,Troy Trojans,K. Punter,G,,,8.1,3.2,1.6,26.2,2.2,6.1,35.6,1.1,3.7,30.6,2.6,3.2,81.0,0.8,2.4,0.9,0.1,1.4,33.0,
33109,2023,Troy Trojans,J. Fields,F,,,3.7,2.5,0.2,12.8,1.4,2.7,50.0,0.5,1.2,41.0,0.5,0.8,57.7,0.9,1.7,0.3,0.2,0.7,33.0,
33110,2023,Troy Trojans,N. Tshimanga,F,,,3.1,2.6,0.4,9.4,1.3,2.6,50.9,0.1,0.3,33.3,0.4,1.3,28.6,0.9,1.7,0.2,0.3,1.0,21.0,
33111,2023,Troy Trojans,L. Geffrard,F,,,3.1,2.5,0.2,9.1,1.2,2.8,41.2,0.2,1.0,25.0,0.5,0.8,66.7,0.8,1.7,0.3,0.1,0.3,12.0,
33113,2023,Troy Trojans,K. Cole,G,,,0.9,0.0,0.1,4.4,0.4,2.0,21.4,0.0,0.7,0.0,0.0,0.0,0.0,0.0,0.0,0.4,0.0,0.1,7.0,
33114,2023,Troy Trojans,K. Mitchell,F,,,0.5,0.5,0.0,2.7,0.2,0.5,33.3,0.2,0.3,50.0,0.0,0.0,0.0,0.2,0.3,0.0,0.0,0.2,6.0,
33116,2023,Tulane Green Wave,J. Forbes,G,,,18.5,5.0,1.7,36.5,5.6,13.2,42.5,2.8,7.3,38.8,4.4,5.1,86.1,0.5,4.5,1.9,0.4,1.5,31.0,
33117,2023,Tulane Green Wave,"K. Cross, Jr.",F,,,14.8,6.7,4.2,32.1,5.4,11.6,47.0,0.5,1.7,29.4,3.5,4.2,83.2,0.9,5.8,0.6,0.8,2.4,30.0,
33118,2023,Tulane Green Wave,S. James,G,,,9.7,4.8,3.4,37.3,3.3,6.8,48.3,0.8,2.6,31.7,2.3,3.2,71.0,0.7,4.1,2.0,0.8,1.2,31.0,
33119,2023,Tulane Green Wave,T. Pope,F,,,6.5,4.4,0.3,19.2,2.4,5.0,48.7,0.5,1.8,25.9,1.2,1.9,63.2,1.3,3.1,1.0,1.3,0.6,30.0,
33120,2023,Tulane Green Wave,C. Holloway,F,,,6.2,2.6,0.5,16.7,2.3,4.0,57.5,0.3,0.8,36.4,1.2,1.8,70.0,0.5,2.1,0.5,0.3,1.5,28.0,
33123,2023,Tulane Green Wave,P. Daniels,C,,,2.3,1.8,0.0,4.3,1.0,1.2,80.0,0.0,0.0,0.0,0.2,1.2,20.0,0.2,1.5,0.0,0.3,0.5,4.0,
33125,2023,Tulane Green Wave,N. Days,F,,,0.7,0.9,0.6,7.3,0.4,0.8,46.7,0.0,0.0,0.0,0.0,0.2,0.0,0.2,0.7,0.2,0.5,0.4,19.0,
33126,2023,Tulane Green Wave,O. Jankovic,F,,,0.7,0.0,0.0,0.7,0.3,0.3,100.0,0.0,0.0,0.0,0.0,0.0,0.0,0.0,0.0,0.0,0.0,0.3,3.0,
33128,2023,Tulane Green Wave,J. Shapiro,G,,,0.3,0.0,0.0,1.4,0.1,0.1,100.0,0.0,0.0,0.0,0.0,0.0,0.0,0.0,0.0,0.0,0.0,0.1,8.0,
33129,2023,Tulane Green Wave,M. Bowman,G,,,0.0,0.0,0.0,1.4,0.0,0.6,0.0,0.0,0.2,0.0,0.0,0.0,0.0,0.0,0.0,0.0,0.0,0.4,5.0,
33130,2023,Tulsa Golden Hurricane,S. Griffin,G,,,15.2,2.7,2.0,29.2,5.5,13.9,39.2,2.4,7.6,32.0,1.8,2.2,84.2,0.1,2.5,0.7,0.0,1.6,26.0,
33132,2023,Tulsa Golden Hurricane,T. Dalger,F,,,10.2,5.3,0.9,24.5,3.3,8.8,37.6,1.4,4.1,35.0,2.2,3.2,67.7,1.7,3.6,0.5,0.1,1.7,29.0,
33134,2023,Tulsa Golden Hurricane,A. Pritchard,G,,,8.9,3.0,4.1,29.7,3.6,7.9,46.1,0.6,1.9,32.5,1.0,1.7,61.1,0.4,2.6,1.4,0.1,3.5,21.0,
33135,2023,Tulsa Golden Hurricane,K. Embery-Simpson,G,,,4.8,1.5,1.4,19.5,1.8,5.2,33.9,0.8,3.1,24.0,0.6,0.9,66.7,0.2,1.3,0.4,0.1,0.8,24.0,
33136,2023,Tulsa Golden Hurricane,S. Gaston-Chapman,G,,,3.9,3.0,0.3,17.9,1.3,4.2,31.2,0.1,0.9,11.1,1.2,1.6,75.0,1.3,1.7,0.8,0.2,0.9,30.0,
33137,2023,Tulsa Golden Hurricane,J. McWright,G,,,2.5,0.9,0.8,16.1,0.9,3.3,27.9,0.3,1.6,21.4,0.3,0.6,56.3,0.2,0.7,0.4,0.1,1.1,26.0,
33140,2023,Tulsa Golden Hurricane,N. Konstantynovskyi,F,,,1.0,1.0,0.0,5.5,0.5,0.5,100.0,0.0,0.0,0.0,0.0,0.0,0.0,0.0,1.0,0.0,0.0,0.0,2.0,
33141,2023,Tulsa Golden Hurricane,A. Seals,G,,,0.8,1.0,0.3,8.8,0.1,0.8,10.0,0.0,0.6,0.0,0.7,1.1,61.5,0.1,0.9,0.3,0.0,0.3,12.0,
33142,2023,Tulsa Golden Hurricane,P. Urbancic,G,,,0.8,0.5,0.0,2.3,0.3,0.5,60.0,0.0,0.1,0.0,0.2,0.5,40.0,0.1,0.4,0.1,0.0,0.1,10.0,
33144,2023,UAB Blazers,E. Gaines,G,,,11.5,3.4,4.3,29.1,3.8,9.6,39.4,0.9,2.8,34.3,2.9,3.7,79.3,0.5,3.0,1.8,0.6,3.1,39.0,
33145,2023,UAB Blazers,K. Buffen,F,,,10.6,6.7,1.5,29.0,3.8,8.1,47.2,0.5,1.6,34.4,2.5,3.3,74.4,2.7,4.0,1.1,0.7,1.8,39.0,
33146,2023,UAB Blazers,T. Jemison III,C,,,9.1,8.4,0.5,25.2,3.6,6.1,58.6,0.0,0.0,0.0,1.9,3.0,64.4,2.7,5.7,0.6,1.7,1.1,39.0,
33150,2023,UAB Blazers,T. Lovan,G,,,5.0,2.6,1.0,17.5,1.8,3.9,46.6,0.0,0.0,0.0,1.3,1.9,66.7,0.8,1.8,0.8,0.1,0.8,37.0,
33152,2023,UAB Blazers,T. Toney,G,,,3.4,2.0,0.6,13.2,1.2,2.8,45.0,0.2,0.8,25.9,0.8,1.1,69.2,0.6,1.5,0.5,0.2,0.4,36.0,
33155,2023,UAB Blazers,R. Gordon,F,,,0.3,1.9,0.2,5.2,0.1,0.2,50.0,0.0,0.1,0.0,0.1,0.4,25.0,0.1,1.8,0.0,0.1,0.0,10.0,
33157,2023,UAB Blazers,R. Donohoo,G,,,0.0,0.3,0.0,1.5,0.0,0.8,0.0,0.0,0.8,0.0,0.0,0.0,0.0,0.0,0.2,0.0,0.0,0.0,4.0,
33158,2023,UAlbany Great Danes,G. Drumgoole Jr.,G,,,15.7,5.2,2.5,33.4,4.7,12.7,37.2,2.5,7.4,34.3,3.7,4.6,80.4,0.9,4.2,1.2,0.1,2.5,31.0,
33159,2023,UAlbany Great Danes,J. Beagle,F,,,12.4,7.5,2.1,31.6,4.8,9.5,50.5,0.2,0.8,26.9,2.5,4.0,62.9,2.8,4.7,0.7,0.4,2.4,31.0,
33160,2023,UAlbany Great Danes,A. Reddish,F,,,8.5,2.4,1.0,24.0,2.7,6.0,45.2,1.1,3.0,37.2,2.0,2.3,83.6,0.4,2.0,0.6,0.3,1.8,26.0,
33162,2023,UAlbany Great Danes,J. Neely,F,,,8.0,5.0,0.5,12.5,3.5,6.0,58.3,0.0,1.0,0.0,1.0,2.5,40.0,2.5,2.5,1.0,0.0,4.0,2.0,
33165,2023,UAlbany Great Danes,T. Hutcheson,F,,,4.0,3.2,0.6,19.2,1.3,4.2,30.8,0.8,3.2,24.4,0.6,0.7,85.0,1.0,2.2,0.8,0.3,0.6,28.0,
33166,2023,UAlbany Great Danes,M. Jackson,G,,,4.0,3.4,1.2,19.8,1.6,3.3,47.3,0.2,0.6,29.4,0.6,0.9,69.2,0.9,2.4,0.6,0.2,1.1,28.0,
33167,2023,UAlbany Great Danes,N. Little,G,,,3.4,1.1,1.4,15.6,1.6,4.3,35.9,0.3,1.6,21.4,0.0,0.2,0.0,0.4,0.7,0.2,0.0,0.9,9.0,
33168,2023,UAlbany Great Danes,T. Ketner,F,,,3.3,2.6,0.3,7.9,1.2,2.6,48.1,0.0,0.1,0.0,0.8,1.4,55.2,0.8,1.7,0.2,0.2,0.9,20.0,
33169,2023,UAlbany Great Danes,W. Amica,G,,,1.3,0.2,0.3,6.9,0.3,1.2,27.3,0.2,0.2,100.0,0.4,0.4,100.0,0.1,0.1,0.3,0.0,0.3,9.0,
33171,2023,UC Davis Aggies,E. Pepper,G,,,22.5,5.9,3.4,35.5,7.4,16.5,44.9,2.2,6.8,32.2,5.5,6.7,81.6,1.1,4.8,1.6,0.2,3.5,31.0,
33173,2023,UC Davis Aggies,C. Anigwe,F,,,11.9,5.6,0.8,24.7,4.4,8.9,48.9,0.6,1.6,37.5,2.6,4.3,60.5,2.5,3.1,0.5,1.3,1.9,30.0,
33175,2023,UC Davis Aggies,K. Milling,G,,,7.0,4.4,1.5,28.2,2.3,6.0,37.8,1.1,3.5,31.8,1.4,1.6,86.0,1.0,3.4,0.7,0.1,1.2,31.0,
33177,2023,UC Davis Aggies,J. Mani,F,,,5.0,1.7,0.0,9.7,1.7,3.3,50.0,0.3,1.0,33.3,1.3,1.3,100.0,0.3,1.3,0.0,0.3,0.0,3.0,
33178,2023,UC Davis Aggies,L. DeBruhl,G,,,4.6,2.3,1.7,17.7,1.4,3.4,41.7,0.7,1.9,38.3,1.1,1.6,68.0,0.4,1.9,0.7,0.0,1.0,32.0,
33179,2023,UC Davis Aggies,A. Adebayo,F,,,4.0,4.0,0.6,24.3,1.7,2.7,61.7,0.0,0.0,0.0,0.7,1.2,54.1,1.6,2.4,0.7,0.5,0.8,30.0,
33180,2023,UC Davis Aggies,N. Rocak,F,,,1.9,1.9,0.2,9.3,0.6,1.3,42.9,0.0,0.0,0.0,0.8,1.2,62.5,0.9,1.0,0.3,0.2,0.6,32.0,
33181,2023,UC Davis Aggies,S. Manu,F,,,1.6,0.9,0.1,7.1,0.7,1.2,58.8,0.0,0.1,0.0,0.2,0.5,42.9,0.3,0.6,0.1,0.0,0.5,14.0,
33182,2023,UC Davis Aggies,F. Borra,F,,,1.5,2.0,0.5,9.3,0.4,0.8,50.0,0.0,0.0,0.0,0.7,1.3,50.0,0.5,1.5,0.0,0.3,0.9,12.0,
33184,2023,UC Davis Aggies,S. Lose,G,,,1.2,1.9,0.7,11.9,0.5,1.9,25.5,0.1,0.8,12.5,0.1,0.4,25.0,0.6,1.3,0.4,0.1,0.4,29.0,
33185,2023,UC Irvine Anteaters,D. Baker,G,,,15.3,3.2,1.2,27.2,5.4,11.5,46.7,1.4,3.7,36.9,3.2,4.1,79.6,0.5,2.7,0.8,0.1,1.6,35.0,
33187,2023,UC Irvine Anteaters,B. Leuchten,C,,,9.3,5.7,1.0,18.0,3.4,6.0,57.1,0.5,1.3,36.1,1.9,2.7,71.2,1.6,4.1,0.3,0.8,0.9,27.0,
33188,2023,UC Irvine Anteaters,D. Tillis,F,,,7.3,6.2,1.4,22.4,2.8,5.5,50.8,0.8,2.1,41.2,0.8,1.2,71.1,1.7,4.5,0.8,0.1,1.0,33.0,
33189,2023,UC Irvine Anteaters,J. Hohn,G,,,6.7,2.1,1.7,16.3,2.4,6.3,37.8,1.1,3.2,34.8,0.8,1.0,75.0,0.1,1.9,0.9,0.1,1.5,35.0,
33190,2023,UC Irvine Anteaters,P. Crockrell II,G,,,5.0,2.0,5.0,24.1,2.4,5.5,43.3,0.0,0.0,0.0,0.2,0.4,46.7,0.3,1.7,1.0,0.0,2.1,35.0,
33191,2023,UC Irvine Anteaters,D. Keeler,F,,,4.4,3.1,0.5,15.1,1.8,2.9,61.8,0.0,0.0,0.0,0.8,1.3,61.4,0.9,2.2,0.3,0.8,0.4,35.0,
33192,2023,UC Irvine Anteaters,J. Butler,F,,,3.9,1.5,0.5,12.1,1.5,3.2,47.8,0.6,1.3,44.4,0.3,0.5,56.3,0.4,1.1,0.3,0.0,0.5,35.0,
33193,2023,UC Irvine Anteaters,A. Henry,G,,,3.5,2.2,0.8,12.8,1.4,3.3,43.1,0.2,0.9,26.7,0.5,0.8,60.0,0.4,1.7,0.6,0.2,0.7,33.0,
33195,2023,UC Irvine Anteaters,A. McBirney-Griffin,F,,,2.3,1.7,0.4,7.6,0.9,1.4,64.3,0.0,0.0,0.0,0.4,0.7,57.1,0.5,1.2,0.2,0.3,0.4,29.0,
33196,2023,UC Irvine Anteaters,O. Ujadughele,G,,,2.1,2.7,1.1,12.6,0.7,1.7,42.4,0.0,0.2,12.5,0.7,0.9,69.7,0.7,2.0,0.8,0.1,0.7,35.0,
33198,2023,UC Irvine Anteaters,H. Welling,F,,,1.2,1.2,0.0,4.7,0.4,0.9,42.1,0.0,0.0,0.0,0.3,0.6,58.3,0.5,0.7,0.0,0.1,0.4,20.0,
33199,2023,UC Irvine Anteaters,E. Chol,F,,,0.5,0.8,0.2,3.4,0.2,1.0,25.0,0.0,0.0,0.0,0.0,0.0,0.0,0.1,0.8,0.0,0.4,0.1,12.0,
33200,2023,UC San Diego Tritons,B. Pope,G,,,18.4,4.4,1.5,35.5,6.8,15.7,43.1,1.9,6.1,31.6,2.9,3.7,78.7,0.5,3.9,1.2,0.4,1.4,29.0,
33202,2023,UC San Diego Tritons,F. Nwaokorie,F,,,12.8,7.1,1.2,32.8,4.5,9.2,49.1,1.4,3.8,38.5,2.3,3.2,72.3,2.4,4.6,1.0,0.8,1.6,29.0,
33204,2023,UC San Diego Tritons,E. Tshimanga,F,,,7.1,6.2,0.7,19.3,2.4,4.4,54.7,0.0,0.0,0.0,2.2,3.0,74.0,2.0,4.2,0.3,0.7,1.7,24.0,
33205,2023,UC San Diego Tritons,J. Roquemore,G,,,6.4,3.0,2.6,33.4,2.3,5.1,46.1,0.9,2.0,43.3,0.8,1.1,73.5,0.4,2.7,1.1,0.1,1.6,30.0,
33206,2023,UC San Diego Tritons,J. Kosakowski,F,,,5.2,1.6,0.8,22.8,1.7,5.6,30.9,1.7,5.3,31.0,0.1,0.1,75.0,0.2,1.4,0.2,0.0,0.8,29.0,
33207,2023,UC San Diego Tritons,J. DeGraaf,F,,,3.1,1.5,0.3,11.3,1.0,2.2,44.6,0.2,0.9,22.7,0.9,1.1,81.5,0.5,1.0,0.3,0.1,0.6,25.0,
33208,2023,UC San Diego Tritons,Q. Patterson,G,,,1.8,0.5,0.1,7.5,0.6,1.9,32.6,0.5,1.7,31.6,0.1,0.1,100.0,0.0,0.4,0.1,0.0,0.0,23.0,
33209,2023,UC San Diego Tritons,V. Vulikic,G,,,1.5,1.0,0.9,13.8,0.6,1.5,38.5,0.4,1.2,33.3,0.0,0.0,0.0,0.2,0.8,0.3,0.0,0.6,26.0,
33210,2023,UC San Diego Tritons,C. McCormick,G,,,0.5,1.0,0.6,5.9,0.2,0.4,37.5,0.0,0.1,0.0,0.2,0.4,57.1,0.1,0.9,0.3,0.0,0.4,19.0,
33211,2023,UC Santa Barbara Gauchos,A. Mitchell,G,,,16.3,2.7,5.1,34.0,5.6,11.1,50.6,0.6,2.1,26.7,4.5,5.5,81.3,0.3,2.4,1.3,0.3,2.2,35.0,
33212,2023,UC Santa Barbara Gauchos,M. Norris,F,,,14.1,6.1,1.2,33.5,5.1,10.3,49.0,1.7,4.3,39.1,2.3,2.7,84.4,1.7,4.4,1.1,0.8,1.1,35.0,
33213,2023,UC Santa Barbara Gauchos,J. Pierre-Louis,G,,,9.5,3.9,2.4,27.2,3.7,7.2,50.9,0.3,1.1,29.4,1.8,3.1,59.0,1.0,2.9,1.3,0.2,2.1,32.0,
33215,2023,UC Santa Barbara Gauchos,C. Anderson,G,,,7.3,1.4,0.6,21.2,2.6,5.5,47.1,1.5,3.7,41.5,0.7,0.9,71.9,0.1,1.2,0.4,0.1,0.5,35.0,
33216,2023,UC Santa Barbara Gauchos,C. Wishart,G,,,7.2,3.0,2.9,26.0,2.3,5.1,45.8,0.8,2.2,37.7,1.7,2.2,77.9,0.3,2.6,1.0,0.1,1.5,35.0,
33217,2023,UC Santa Barbara Gauchos,A. Sanni,G,,,6.2,1.9,0.9,17.2,2.3,5.6,41.4,0.6,2.2,29.1,1.0,1.4,70.6,0.2,1.7,0.5,0.0,1.0,25.0,
33219,2023,UC Santa Barbara Gauchos,J. Kukic,F,,,2.2,1.9,0.2,7.9,0.7,1.2,57.9,0.0,0.0,0.0,0.8,1.3,61.9,1.2,0.7,0.3,0.1,0.4,16.0,
33220,2023,UC Santa Barbara Gauchos,K. Keat Tong,F,,,1.9,3.9,0.3,12.9,0.7,1.6,40.5,0.1,0.5,25.0,0.5,0.8,61.1,1.4,2.4,0.4,0.2,1.0,23.0,
33221,2023,UC Santa Barbara Gauchos,M. Belic,F,,,1.5,0.8,0.3,6.7,0.6,1.4,43.8,0.1,0.5,18.2,0.2,0.5,45.5,0.2,0.6,0.1,0.0,0.3,23.0,
33222,2023,UC Santa Barbara Gauchos,E. Kipruto,C,,,1.5,0.9,0.2,5.5,0.7,1.2,59.1,0.0,0.0,0.0,0.1,0.3,40.0,0.4,0.5,0.1,0.3,0.2,19.0,
33223,2023,UC Santa Barbara Gauchos,D. Pickles,F,,,1.0,0.3,0.0,1.7,0.3,0.7,50.0,0.0,0.3,0.0,0.3,0.7,50.0,0.3,0.0,0.0,0.0,0.0,3.0,
33224,2023,UC Santa Barbara Gauchos,G. Gomez,G,,,0.2,0.2,0.2,1.8,0.0,0.2,0.0,0.0,0.1,0.0,0.2,0.2,100.0,0.0,0.2,0.0,0.0,0.1,10.0,
33225,2023,UC Santa Barbara Gauchos,A. Bland,F,,,0.0,1.5,0.0,3.5,0.0,0.5,0.0,0.0,0.0,0.0,0.0,0.0,0.0,0.0,1.5,0.0,0.0,1.0,2.0,
33226,2023,UC Santa Barbara Gauchos,H. Hartwell,G,,,0.0,0.5,0.0,2.0,0.0,0.5,0.0,0.0,0.5,0.0,0.0,1.0,0.0,0.0,0.5,0.0,0.0,0.5,2.0,
33227,2023,UC Santa Barbara Gauchos,M. Sheldon,G,,,0.0,0.0,0.0,1.3,0.0,0.3,0.0,0.0,0.0,0.0,0.0,0.0,0.0,0.0,0.0,0.0,0.0,0.0,3.0,
33228,2023,UCF Knights,T. Hendricks,F,,,15.1,7.0,1.4,34.7,5.4,11.3,47.8,1.8,4.6,39.4,2.5,3.2,78.2,2.4,4.6,0.9,1.7,1.4,34.0,
33235,2023,UCF Knights,T. Freeman,G,,,3.4,2.2,1.0,11.8,1.2,3.0,41.0,0.2,0.8,25.0,0.7,1.2,59.4,0.6,1.6,0.2,0.0,0.6,26.0,
33237,2023,UCF Knights,T. Sylla,C,,,2.2,1.1,0.1,6.2,0.9,1.8,46.9,0.4,1.2,36.4,0.1,0.2,33.3,0.4,0.7,0.1,0.4,0.4,27.0,
33238,2023,UCF Knights,P. Warakulnukroh,G,,,1.7,0.0,0.3,1.9,0.6,0.9,66.7,0.3,0.3,100.0,0.3,0.6,50.0,0.0,0.0,0.0,0.0,0.1,7.0,
33240,2023,UCLA Bruins,J. Jaquez Jr.,G,,,17.8,8.2,2.4,33.2,7.1,14.7,48.1,0.9,2.8,31.7,2.8,3.6,77.0,2.6,5.6,1.5,0.6,1.8,37.0,
33242,2023,UCLA Bruins,J. Clark,G,,,13.0,6.0,1.9,30.5,4.9,10.3,48.1,0.9,2.6,32.9,2.2,3.2,69.8,1.9,4.1,2.6,0.3,1.2,30.0,
33244,2023,UCLA Bruins,D. Singleton,G,,,9.0,2.8,1.1,28.2,2.9,6.8,42.7,2.0,4.6,42.4,1.2,1.4,84.9,0.5,2.3,1.1,0.2,0.5,37.0,
33245,2023,UCLA Bruins,A. Bona,C,,,7.7,5.3,0.7,22.9,3.2,4.7,67.5,0.0,0.0,0.0,1.4,2.5,57.3,2.2,3.0,0.6,1.7,1.3,33.0,
33246,2023,UCLA Bruins,D. Andrews,G,,,3.3,1.1,0.9,10.8,1.3,3.0,43.0,0.4,1.1,31.7,0.4,0.6,66.7,0.2,0.9,0.3,0.1,0.5,36.0,
33248,2023,UCLA Bruins,E. Manjikian,F,,,1.5,0.5,0.0,1.5,0.5,1.0,50.0,0.5,1.0,50.0,0.0,0.0,0.0,0.0,0.5,0.0,0.0,0.0,2.0,
33249,2023,UCLA Bruins,K. Nwuba,F,,,1.3,1.7,0.3,12.5,0.6,0.9,62.5,0.0,0.0,0.0,0.2,0.3,63.6,0.8,0.9,0.1,0.6,0.4,35.0,
33250,2023,UCLA Bruins,M. Etienne,F,,,1.3,1.9,0.2,6.8,0.5,1.2,44.7,0.0,0.0,0.0,0.2,0.5,37.5,0.8,1.1,0.2,0.5,0.1,32.0,
33251,2023,UCLA Bruins,W. McClendon,G,,,1.0,1.1,0.8,9.3,0.4,1.8,20.4,0.1,1.0,7.1,0.2,0.4,60.0,0.2,1.0,0.3,0.0,0.2,27.0,
33252,2023,UCLA Bruins,R. Stong,G,,,0.4,0.7,0.0,2.0,0.0,0.5,0.0,0.0,0.4,0.0,0.4,0.5,80.0,0.1,0.6,0.0,0.0,0.0,11.0,
33253,2023,UCLA Bruins,L. Cremonesi,F,,,0.1,0.2,0.2,2.2,0.0,0.1,0.0,0.0,0.0,0.0,0.1,0.2,50.0,0.1,0.1,0.0,0.0,0.2,9.0,
33254,2023,UConn Huskies,A. Sanogo,C,,,17.2,7.7,1.3,26.6,7.1,11.7,60.6,0.5,1.3,36.5,2.5,3.3,76.6,2.6,5.1,0.7,0.8,1.9,39.0,
33256,2023,UConn Huskies,T. Newton,G,,,10.1,4.5,4.7,28.8,2.7,7.3,37.4,1.2,3.2,36.6,3.4,4.2,81.6,1.2,3.3,1.1,0.3,2.4,39.0,
33257,2023,UConn Huskies,A. Karaban,F,,,9.3,4.5,1.7,28.9,3.3,7.0,47.6,1.7,4.2,40.2,1.0,1.2,80.9,1.6,2.9,0.5,0.7,1.2,39.0,
33258,2023,UConn Huskies,D. Clingan,C,,,6.9,5.6,0.5,13.1,2.9,4.4,65.5,0.0,0.0,0.0,1.2,2.2,51.7,2.2,3.4,0.4,1.8,1.0,39.0,
33262,2023,UConn Huskies,H. Diarra,G,,,2.1,1.3,1.8,12.7,0.7,2.3,30.1,0.2,1.0,18.9,0.5,1.0,51.4,0.3,1.0,0.8,0.2,1.1,36.0,
33264,2023,UConn Huskies,R. Springs,F,,,0.8,0.6,0.2,1.9,0.3,0.5,66.7,0.0,0.0,0.0,0.2,0.3,60.0,0.2,0.5,0.0,0.0,0.1,19.0,
33265,2023,UConn Huskies,A. Roumoglou,F,,,0.3,0.4,0.1,1.5,0.1,0.3,28.6,0.0,0.1,0.0,0.1,0.1,66.7,0.1,0.2,0.1,0.0,0.1,20.0,
33266,2023,UConn Huskies,A. Hurley,G,,,0.1,0.2,0.0,1.4,0.1,0.5,14.3,0.0,0.2,0.0,0.0,0.0,0.0,0.0,0.2,0.1,0.0,0.2,15.0,
33270,2023,UIC Flames,J. Carter,G,,,16.6,7.0,1.6,35.1,5.7,12.5,45.6,1.8,5.9,30.1,3.4,5.0,68.5,1.6,5.4,1.8,0.7,2.2,30.0,
33272,2023,UIC Flames,T. Okani,G,,,11.0,7.1,2.3,31.8,4.3,9.6,44.5,0.5,1.8,29.3,1.9,2.9,64.9,1.6,5.5,0.8,1.2,2.4,32.0,
33273,2023,UIC Flames,F. Skobalj,F,,,7.7,2.5,1.4,23.8,2.7,6.5,41.5,1.9,5.2,36.5,0.4,0.5,82.4,0.4,2.0,0.7,0.3,0.7,32.0,
33276,2023,UIC Flames,S. Clay,G,,,3.1,1.2,0.3,12.7,1.1,3.0,38.0,0.6,1.8,31.8,0.3,0.5,58.3,0.5,0.7,0.4,0.3,0.6,24.0,
33277,2023,UIC Flames,C. Fens,C,,,2.5,2.4,0.2,10.8,0.9,1.8,49.1,0.0,0.0,0.0,0.7,1.4,48.8,0.8,1.6,0.3,0.9,0.6,31.0,
33279,2023,UL Monroe Warhawks,T. Locure,G,,,14.4,4.2,2.7,31.9,5.0,13.5,36.7,2.1,5.7,37.0,2.4,3.2,76.2,0.7,3.5,1.8,0.1,2.4,32.0,
33281,2023,UL Monroe Warhawks,N. Metskhvarishvili,F,,,9.8,5.8,1.4,25.6,3.2,9.8,32.7,1.2,3.6,33.3,2.2,3.2,68.8,2.2,3.6,1.8,0.6,2.2,5.0,
33282,2023,UL Monroe Warhawks,T. Howell,F,,,9.5,8.0,2.1,33.6,4.0,9.0,44.6,0.6,1.7,37.0,0.8,1.4,56.5,2.2,5.8,0.8,0.6,1.8,32.0,
33283,2023,UL Monroe Warhawks,S. Gallion,G,,,7.5,2.5,1.0,19.8,2.4,6.4,38.2,0.6,2.4,26.3,2.0,2.8,72.2,0.7,1.8,0.6,0.1,1.4,32.0,
33285,2023,UL Monroe Warhawks,L. Powell,G,,,6.2,2.3,0.9,26.5,2.1,4.2,49.3,0.8,2.1,39.4,1.2,1.8,69.6,0.6,1.7,0.8,0.3,0.8,32.0,
33286,2023,UL Monroe Warhawks,J. Wilson,G,,,4.4,1.6,0.9,10.1,1.6,3.4,45.8,0.4,1.4,25.0,0.9,1.6,54.5,0.6,1.1,0.6,0.1,1.0,14.0,
33287,2023,UL Monroe Warhawks,J. Bolden,G,,,3.8,2.9,0.7,11.3,1.2,3.8,32.8,0.4,1.1,35.3,0.9,1.3,71.4,1.1,1.8,0.5,0.0,0.9,16.0,
33288,2023,UL Monroe Warhawks,D. Hancock,G,,,3.7,1.6,0.6,14.1,1.1,3.7,29.8,0.6,2.3,28.6,0.9,1.2,75.7,0.4,1.2,0.4,0.0,0.8,31.0,
33289,2023,UL Monroe Warhawks,J. Williams IV,G,,,2.2,0.4,0.3,6.9,0.8,1.8,45.0,0.5,1.3,42.9,0.0,0.0,0.0,0.1,0.3,0.0,0.1,0.5,11.0,
33290,2023,UL Monroe Warhawks,E. Litolff,F,,,1.0,0.8,0.8,3.3,0.5,0.5,100.0,0.0,0.0,0.0,0.0,0.0,0.0,0.0,0.8,0.3,0.0,0.8,4.0,
33292,2023,UMBC Retrievers,Y. Obeng-Mensah,F,,,8.5,6.4,1.0,22.9,3.6,7.1,50.4,0.0,0.6,5.6,1.3,1.9,66.1,1.7,4.7,0.8,0.5,1.0,32.0,
33297,2023,UMBC Retrievers,D. Sapp,G,,,2.1,0.9,0.3,7.1,0.7,1.9,38.1,0.4,1.3,27.6,0.3,0.4,75.0,0.3,0.5,0.1,0.0,0.2,22.0,
33300,2023,UMBC Retrievers,R. Ciunys,F,,,1.4,1.7,0.0,5.6,0.7,2.3,31.3,0.0,0.1,0.0,0.0,0.0,0.0,0.9,0.9,0.0,0.3,0.6,7.0,
33304,2023,UMass Lowell River Hawks,E. Hammond,G,,,13.6,4.8,2.4,28.1,4.2,9.4,45.0,1.7,3.8,45.4,3.4,4.0,83.9,1.1,3.7,0.8,0.1,1.8,34.0,
33305,2023,UMass Lowell River Hawks,A. Coulibaly,F,,,11.4,7.6,0.7,24.5,4.8,8.2,57.6,0.0,0.1,0.0,1.9,2.8,65.9,3.0,4.6,0.9,0.9,1.8,32.0,
33306,2023,UMass Lowell River Hawks,A. Hikim,G,,,10.6,2.8,3.7,26.4,3.8,9.7,39.1,0.5,1.6,28.6,2.6,3.1,82.5,0.5,2.2,1.2,0.1,2.7,31.0,
33308,2023,UMass Lowell River Hawks,M. Brooks,F,,,8.3,5.4,0.9,20.3,3.7,5.9,62.7,0.0,0.0,100.0,0.8,1.6,50.0,2.0,3.4,0.8,1.8,1.6,34.0,
33309,2023,UMass Lowell River Hawks,Y. Covington,G,,,7.3,2.3,0.6,15.9,2.5,5.6,44.2,1.4,3.4,40.0,1.0,1.2,83.3,0.4,1.9,0.6,0.1,1.2,34.0,
33310,2023,UMass Lowell River Hawks,C. Morris III,F,,,6.0,3.8,0.3,14.6,2.3,3.5,66.3,0.0,0.2,16.7,1.3,2.2,58.5,1.4,2.4,0.5,0.9,0.7,29.0,
33312,2023,UMass Lowell River Hawks,Q. Mincey,G,,,4.3,2.1,0.7,11.6,1.7,3.2,54.0,0.6,1.3,44.1,0.2,0.4,50.0,0.6,1.5,0.3,0.2,0.6,27.0,
33313,2023,UMass Lowell River Hawks,B. O'Connor,G,,,4.2,1.8,0.8,14.5,1.4,3.1,45.0,0.5,1.5,34.2,0.9,1.3,72.7,0.3,1.5,0.3,0.3,0.7,26.0,
33314,2023,UMass Lowell River Hawks,C. Withers,F,,,4.1,2.6,1.7,15.9,1.5,4.1,36.4,0.9,2.6,32.4,0.3,0.4,66.7,0.7,1.9,0.9,0.4,1.0,27.0,
33315,2023,UMass Lowell River Hawks,D. Jordan-Thomas,F,,,1.4,1.1,0.3,4.5,0.6,0.9,69.2,0.0,0.0,0.0,0.1,0.4,20.0,0.2,0.9,0.1,0.2,0.3,14.0,
33316,2023,UNC Asheville Bulldogs,D. Pember,F,,,20.9,9.1,2.3,33.7,5.9,12.6,46.4,1.6,4.4,37.3,7.6,9.1,83.6,1.7,7.4,0.9,2.3,3.4,35.0,
33318,2023,UNC Asheville Bulldogs,N. McMullen,F,,,8.0,5.8,0.6,23.4,3.4,6.1,55.9,0.0,0.2,16.7,1.2,2.5,48.3,1.6,4.1,0.5,0.5,1.6,35.0,
33319,2023,UNC Asheville Bulldogs,F. Abee,G,,,8.0,1.9,1.0,30.1,2.6,6.3,41.4,1.6,3.9,41.6,1.1,1.3,83.3,0.2,1.7,0.8,0.1,0.7,32.0,
33322,2023,UNC Asheville Bulldogs,C. Burgess,G,,,5.1,2.0,4.2,23.5,1.8,4.5,40.4,0.2,0.7,30.4,1.3,2.1,61.1,0.3,1.7,0.7,0.0,2.8,35.0,
33323,2023,UNC Asheville Bulldogs,T. Stephney,G,,,3.6,1.4,1.3,15.6,1.4,3.1,44.9,0.5,1.4,36.2,0.3,0.8,38.5,0.1,1.3,1.1,0.0,1.2,34.0,
33324,2023,UNC Asheville Bulldogs,D. Gabrelcik,G,,,3.1,0.6,0.2,6.5,1.0,2.8,35.5,1.0,2.8,35.5,0.1,0.1,100.0,0.2,0.5,0.0,0.0,0.1,11.0,
33325,2023,UNC Asheville Bulldogs,S. Mason,F,,,2.3,0.6,0.2,6.3,0.8,1.2,60.0,0.0,0.0,0.0,0.8,1.6,47.4,0.2,0.4,0.2,0.2,0.6,12.0,
33333,2023,UNC Greensboro Spartans,M. Brown-Jones,F,,,10.1,4.4,0.6,21.1,3.7,6.3,59.8,0.2,0.8,29.2,2.4,3.2,76.5,1.4,3.0,0.4,0.5,1.3,31.0,
33334,2023,UNC Greensboro Spartans,B. Leyte,F,,,7.6,4.3,1.1,23.7,3.0,6.2,48.5,0.1,0.8,12.0,1.5,2.2,65.3,2.0,2.3,0.6,0.5,0.9,32.0,
33335,2023,UNC Greensboro Spartans,D. Treacy,G,,,7.4,2.5,3.6,27.5,2.3,6.5,36.2,0.8,2.5,32.1,1.9,2.3,80.0,0.3,2.2,0.6,0.1,1.9,32.0,
33336,2023,UNC Greensboro Spartans,M. Abdulsalam,F,,,7.2,7.1,0.7,22.3,2.5,5.0,50.3,0.0,0.0,0.0,2.1,3.5,61.3,2.1,5.0,0.4,0.6,1.4,32.0,
33337,2023,UNC Greensboro Spartans,D. Atwell,G,,,3.5,0.8,0.3,7.5,1.2,3.2,36.5,0.9,2.8,31.0,0.3,0.3,88.9,0.5,0.3,0.2,0.0,0.3,30.0,
33338,2023,UNC Greensboro Spartans,J. Saizonou,G,,,2.2,1.3,0.6,10.8,0.7,2.0,35.9,0.3,1.1,30.6,0.4,0.6,68.4,0.1,1.2,0.3,0.0,0.4,32.0,
33340,2023,UNC Greensboro Spartans,J. Breath,F,,,1.8,1.7,0.1,7.1,0.7,1.5,45.5,0.0,0.0,0.0,0.5,1.0,47.6,0.8,1.0,0.2,0.0,0.5,22.0,
33343,2023,UNC Greensboro Spartans,A. Ahemed,G,,,0.5,0.8,0.0,3.0,0.0,0.5,0.0,0.0,0.2,0.0,0.5,0.5,100.0,0.0,0.8,0.0,0.3,0.5,4.0,
33345,2023,UNC Wilmington Seahawks,M. Harden-Hayes,G,,,9.9,4.2,0.7,27.6,3.4,6.9,48.7,1.2,3.2,38.5,1.9,2.1,90.3,1.4,2.8,0.4,0.3,1.1,34.0,
33346,2023,UNC Wilmington Seahawks,S. Phillips,G,,,8.3,2.8,1.8,24.0,2.9,7.6,37.9,0.0,0.5,6.3,2.5,3.1,83.2,0.5,2.3,1.5,0.2,1.2,31.0,
33347,2023,UNC Wilmington Seahawks,D. Newby,G,,,8.1,2.2,1.3,29.1,2.3,5.7,39.5,1.3,3.7,35.7,2.2,2.6,84.3,0.2,1.9,0.8,0.1,1.0,34.0,
33348,2023,UNC Wilmington Seahawks,A. Kelly,F,,,7.8,5.5,0.7,23.3,3.1,5.3,57.8,0.1,0.4,33.3,1.6,2.4,64.6,2.3,3.2,0.8,1.0,1.7,34.0,
33350,2023,UNC Wilmington Seahawks,N. Farrar,G,,,5.8,2.0,0.6,10.7,2.4,4.4,54.1,0.5,1.4,38.1,0.5,0.8,68.0,0.5,1.5,0.4,0.2,0.7,31.0,
33351,2023,UNC Wilmington Seahawks,N. Ross,G,,,3.0,2.5,0.6,14.7,1.0,2.4,41.5,0.4,1.3,32.1,0.6,0.9,73.7,0.8,1.7,0.7,0.2,0.4,22.0,
33353,2023,UNC Wilmington Seahawks,E. Van Der Heijden,F,,,2.6,1.7,0.4,11.2,0.9,2.7,32.8,0.8,2.4,32.8,0.0,0.1,33.3,0.6,1.1,0.5,0.1,0.3,24.0,
33354,2023,UNC Wilmington Seahawks,N. Hodge,G,,,2.3,1.0,0.6,5.8,0.8,1.7,50.0,0.2,0.8,28.6,0.4,0.6,63.6,0.1,0.9,0.1,0.3,0.3,18.0,
33355,2023,UNC Wilmington Seahawks,K. McGriff,F,,,1.4,0.9,0.3,5.3,0.7,0.8,85.7,0.0,0.0,0.0,0.1,0.4,14.3,0.4,0.4,0.1,0.4,0.2,18.0,
33357,2023,UNC Wilmington Seahawks,M. Surigao,G,,,1.0,0.1,0.0,2.9,0.4,0.9,42.9,0.2,0.5,50.0,0.0,0.1,0.0,0.0,0.1,0.3,0.0,0.0,8.0,
33361,2023,UNLV Rebels,L. Rodriguez,G,,,10.7,5.7,1.1,30.0,3.8,9.3,40.5,1.3,4.5,29.5,1.9,2.3,79.4,1.8,4.0,1.7,0.1,1.2,27.0,
33362,2023,UNLV Rebels,J. Webster,G,,,8.2,2.2,1.2,26.6,2.7,6.1,43.4,1.8,3.9,46.0,1.1,1.3,85.7,0.2,1.9,0.8,0.1,0.7,32.0,
33363,2023,UNLV Rebels,J. Johnson III,G,,,6.3,1.2,0.8,13.4,2.2,5.6,40.3,1.0,2.9,33.3,0.8,1.0,80.8,0.3,0.9,0.8,0.0,1.2,25.0,
33364,2023,UNLV Rebels,J. McCabe,G,,,5.5,1.4,1.8,18.7,1.8,5.0,36.8,1.1,2.9,39.3,0.7,1.0,75.0,0.2,1.2,0.9,0.1,1.0,29.0,
33366,2023,UNLV Rebels,I. Cottrell,F,,,5.0,2.0,0.0,9.0,1.0,3.0,33.3,1.0,1.0,100.0,2.0,2.0,100.0,0.0,2.0,0.0,0.0,0.0,1.0,
33367,2023,UNLV Rebels,S. Nowell,G,,,4.8,3.3,0.9,16.8,1.6,4.7,32.9,0.8,2.6,31.9,0.8,1.2,71.4,1.1,2.3,0.8,0.2,0.7,18.0,
33368,2023,UNLV Rebels,D. Muoka,C,,,4.6,4.7,0.4,18.3,2.0,3.7,54.2,0.0,0.0,0.0,0.6,1.4,40.9,2.0,2.7,0.5,1.4,0.4,32.0,
33370,2023,UNLV Rebels,V. Iwuakor,F,,,3.0,3.6,0.2,17.1,1.1,1.8,61.4,0.0,0.0,0.0,0.8,1.6,51.9,1.7,2.0,0.8,1.1,0.8,32.0,
33372,2023,UNLV Rebels,C. Burist,G,,,1.4,1.4,0.2,6.4,0.4,1.4,28.6,0.2,0.6,33.3,0.4,0.8,50.0,0.2,1.2,0.0,0.2,0.0,5.0,
33373,2023,UNLV Rebels,N. Walters,G,,,1.0,0.5,0.5,1.5,0.5,1.0,50.0,0.0,0.5,0.0,0.0,0.0,0.0,0.0,0.5,0.0,0.0,0.5,2.0,
33374,2023,USC Trojans,B. Ellis,G,,,17.7,3.7,3.1,33.1,5.8,13.3,43.4,2.5,6.5,38.6,3.6,4.5,80.5,0.3,3.4,1.4,0.2,1.9,33.0,
33375,2023,USC Trojans,D. Peterson,G,,,13.9,6.2,4.3,35.8,5.0,11.2,44.2,1.5,4.1,35.8,2.5,3.3,75.2,0.9,5.4,1.1,0.8,2.7,33.0,
33376,2023,USC Trojans,R. Waters,G,,,9.8,3.2,1.1,25.5,3.5,8.0,43.8,0.8,2.8,29.6,1.9,2.4,77.5,0.8,2.4,0.7,0.4,1.9,29.0,
33380,2023,USC Trojans,V. Iwuchukwu,C,,,5.4,2.5,0.3,13.8,2.0,3.9,50.9,0.0,0.0,0.0,1.4,1.7,79.2,0.9,1.6,0.1,1.0,1.1,14.0,
33382,2023,USC Trojans,K. Wright,F,,,1.9,1.8,0.3,9.7,0.8,1.6,46.8,0.0,0.0,0.0,0.4,0.7,63.2,0.9,0.9,0.1,0.5,0.4,29.0,
33383,2023,USC Trojans,H. Hornery,F,,,1.5,1.0,0.2,7.0,0.5,1.2,43.3,0.2,0.7,31.3,0.2,0.3,57.1,0.4,0.6,0.2,0.2,0.2,24.0,
33384,2023,USC Trojans,O. Sellers,G,,,1.1,0.3,0.2,5.2,0.4,1.2,35.5,0.2,0.8,26.3,0.0,0.1,50.0,0.0,0.2,0.1,0.0,0.0,25.0,
33386,2023,USC Trojans,Z. Brooker,G,,,0.0,0.0,0.0,0.5,0.0,0.0,0.0,0.0,0.0,0.0,0.0,0.0,0.0,0.0,0.0,0.0,0.0,0.0,2.0,
33390,2023,UT Arlington Mavericks,A. Cash,G,,,7.7,4.2,0.5,22.2,2.8,6.4,44.4,1.3,3.4,39.4,0.6,0.9,71.4,1.6,2.7,0.6,0.4,1.5,32.0,
33393,2023,UT Arlington Mavericks,B. Talbot,G,,,5.3,1.0,1.6,15.8,1.7,4.9,35.4,1.3,3.6,34.9,0.6,0.6,94.4,0.1,1.0,0.2,0.1,0.7,30.0,
33396,2023,UT Arlington Mavericks,P. Castro,G,,,3.5,3.0,1.0,17.2,1.3,3.7,35.9,0.4,1.5,26.5,0.4,0.6,73.7,0.8,2.2,0.5,0.4,0.8,32.0,
33401,2023,UT Martin Skyhawks,P. Stewart,G,,,16.1,4.8,2.1,31.5,5.3,13.4,39.9,2.9,7.8,37.2,2.5,3.4,75.2,0.8,4.0,1.3,0.2,2.2,30.0,
33402,2023,UT Martin Skyhawks,J. Sears,G,,,15.3,3.4,2.8,28.8,5.1,10.4,48.9,1.0,3.1,31.6,4.1,5.2,80.0,0.6,2.8,1.2,0.3,2.1,32.0,
33403,2023,UT Martin Skyhawks,K. Simon,G,,,14.8,4.8,2.2,27.9,5.9,12.4,47.2,1.0,3.0,31.8,2.1,3.7,57.5,1.2,3.6,1.4,1.1,1.8,29.0,
33404,2023,UT Martin Skyhawks,K. Curry,F,,,8.5,5.7,0.5,23.0,3.0,5.2,58.4,0.2,0.6,36.8,2.2,3.3,66.0,1.5,4.3,1.2,0.5,1.1,31.0,
33406,2023,UT Martin Skyhawks,C. Nix,F,,,6.5,5.9,1.7,23.9,2.9,5.2,55.4,0.0,0.0,0.0,0.8,1.5,51.0,2.4,3.5,0.5,0.7,1.1,32.0,
33407,2023,UT Martin Skyhawks,J. Myers,F,,,6.3,3.9,0.6,14.3,2.1,4.3,48.8,0.5,1.3,38.5,1.6,1.9,83.6,0.7,3.2,0.4,0.3,0.9,29.0,
33408,2023,UT Martin Skyhawks,K. Jeffries,G,,,4.7,2.2,2.0,18.0,1.6,3.9,40.8,0.2,1.3,12.2,1.3,1.8,75.4,0.2,2.0,0.6,0.2,1.3,32.0,
33410,2023,UT Martin Skyhawks,D. Pumpian,G,,,3.3,0.5,0.3,3.5,1.2,2.5,46.7,1.0,2.3,42.9,0.0,0.0,0.0,0.0,0.5,0.0,0.0,0.2,6.0,
33411,2023,UT Martin Skyhawks,J. Endicott,F,,,2.9,2.8,0.4,11.8,1.0,2.1,48.0,0.2,0.8,22.2,0.8,1.0,78.3,0.7,2.1,0.2,0.2,0.7,24.0,
33412,2023,UT Martin Skyhawks,D. Kamwanga,F,,,1.2,2.1,0.3,8.3,0.4,1.1,37.0,0.0,0.0,0.0,0.4,0.5,76.9,1.2,0.9,0.3,0.0,0.4,25.0,
33415,2023,UT Rio Grande Valley Vaqueros,A. Freeman,F,,,8.8,5.7,1.0,20.8,3.5,5.4,64.5,0.0,0.2,0.0,1.8,2.8,62.0,1.6,4.1,0.4,0.2,1.7,28.0,
33419,2023,UT Rio Grande Valley Vaqueros,S. Brashear,G,,,6.3,3.8,0.8,21.7,2.1,6.5,31.7,1.5,4.8,30.3,0.8,0.9,85.7,1.1,2.7,0.7,0.3,1.0,32.0,
33422,2023,UT Rio Grande Valley Vaqueros,A. Horiuk,F,,,2.4,1.4,0.1,6.1,1.1,1.9,56.3,0.0,0.1,0.0,0.2,0.4,57.1,0.6,0.7,0.1,0.2,0.5,17.0,
33423,2023,UT Rio Grande Valley Vaqueros,I. Barganier,F,,,1.8,2.4,0.2,5.8,0.8,1.7,50.0,0.1,0.4,20.0,0.1,0.5,16.7,0.8,1.7,0.0,0.0,0.5,12.0,
33428,2023,UTEP Miners,T. Hardy,G,,,12.8,2.7,1.9,32.4,4.5,10.5,43.0,1.5,4.5,32.4,2.4,3.8,63.3,0.6,2.1,1.2,0.3,2.1,32.0,
33430,2023,UTEP Miners,C. Solomon,F,,,9.6,6.0,2.0,27.9,3.6,7.8,46.4,0.0,0.3,0.0,2.4,4.0,59.8,2.2,3.8,2.0,0.4,2.5,32.0,
33432,2023,UTEP Miners,O. Frazier III,F,,,7.5,4.1,0.7,22.9,2.8,5.6,50.3,0.6,2.0,27.6,1.4,2.2,63.5,1.6,2.5,0.9,0.3,1.3,29.0,
33433,2023,UTEP Miners,Z. Onyema,F,,,7.1,4.4,0.5,20.2,2.9,5.2,55.4,0.1,0.4,25.0,1.2,2.2,55.7,1.4,3.0,0.6,0.5,1.4,32.0,
33434,2023,UTEP Miners,J. Dos Anjos,F,,,4.2,1.5,0.2,12.2,1.6,4.2,38.0,0.6,2.1,30.0,0.4,0.6,66.7,0.5,1.0,0.4,0.1,0.9,19.0,
33435,2023,UTEP Miners,J. Sibley,F,,,3.7,2.1,0.3,15.8,1.5,4.0,38.2,0.5,1.7,28.3,0.2,0.3,77.8,0.7,1.4,0.4,0.5,0.5,31.0,
33436,2023,UTEP Miners,K. Kalu,F,,,3.7,3.6,0.1,13.1,1.4,2.5,56.3,0.0,0.0,0.0,0.9,1.6,54.9,1.6,2.0,0.3,0.4,0.7,32.0,
33440,2023,UTEP Miners,A. Holmes,G,,,0.4,0.4,0.0,5.2,0.0,1.0,0.0,0.0,0.6,0.0,0.4,1.2,33.3,0.2,0.2,0.0,0.0,0.0,5.0,
33442,2023,UTSA Roadrunners,J. Germany,F,,,12.3,8.3,0.9,26.9,4.8,10.4,45.8,0.0,0.1,0.0,2.8,3.9,71.8,2.5,5.8,0.4,0.8,2.3,30.0,
33444,2023,UTSA Roadrunners,D. Richards Jr.,G,,,10.5,4.7,0.9,27.5,3.3,9.3,35.7,2.0,5.9,33.3,1.9,2.5,76.5,0.7,3.9,0.4,0.0,1.5,32.0,
33445,2023,UTSA Roadrunners,I. Addo-Ankrah,G,,,7.0,3.0,0.9,20.7,2.3,5.6,40.3,1.6,4.7,34.3,0.9,0.9,95.2,1.0,2.0,0.2,0.2,0.6,23.0,
33446,2023,UTSA Roadrunners,J. Farmer,F,,,5.1,3.1,0.3,17.0,2.1,4.2,49.3,0.2,0.8,28.0,0.7,1.0,71.0,1.1,2.0,0.3,0.5,1.2,32.0,
33448,2023,UTSA Roadrunners,L. Sabally,F,,,3.0,2.0,0.2,9.3,1.0,2.5,40.4,0.1,0.5,18.2,0.9,1.0,81.8,0.8,1.2,0.3,0.2,0.4,21.0,
33449,2023,UTSA Roadrunners,E. Czumbel,G,,,2.7,1.2,1.0,15.8,0.9,2.6,35.1,0.3,1.4,25.0,0.6,0.9,65.4,0.3,1.0,0.3,0.0,0.9,29.0,
33450,2023,UTSA Roadrunners,A. Aleu,G,,,2.6,2.1,0.5,11.7,1.0,2.8,33.8,0.2,1.3,16.7,0.5,0.9,55.0,0.7,1.4,0.1,0.1,0.8,23.0,
33451,2023,UTSA Roadrunners,M. Diouf,F,,,2.0,2.7,0.0,11.0,0.6,1.5,42.5,0.0,0.0,0.0,0.7,1.0,67.9,1.1,1.6,0.1,0.2,0.7,27.0,
33452,2023,UTSA Roadrunners,L. Bofinger,F,,,1.7,1.9,0.4,8.1,0.7,1.8,37.1,0.0,0.1,0.0,0.3,0.5,70.0,0.7,1.2,0.1,0.3,0.5,20.0,
33454,2023,Utah State Aggies,S. Ashworth,G,,,16.2,3.3,4.5,33.2,4.8,10.4,45.8,3.2,7.3,43.4,3.5,4.0,87.8,0.3,3.0,1.2,0.0,1.7,35.0,
33456,2023,Utah State Aggies,M. Shulga,G,,,11.9,4.5,4.0,31.2,3.6,8.3,42.8,1.6,4.3,36.4,3.2,3.9,82.4,0.5,3.9,0.7,0.3,2.3,35.0,
33457,2023,Utah State Aggies,S. Bairstow,G,,,10.3,5.2,2.6,31.5,4.2,8.9,47.3,0.9,2.4,38.6,1.0,1.8,54.8,1.2,3.9,0.4,0.2,1.5,35.0,
33458,2023,Utah State Aggies,T. Dorius,C,,,5.8,4.0,0.3,14.0,2.4,4.3,56.7,0.0,0.0,0.0,0.9,1.4,66.7,1.8,2.2,0.4,1.0,0.9,35.0,
33460,2023,Utah State Aggies,Z. Hamoda,G,,,4.2,2.3,0.6,13.4,1.6,3.9,41.2,0.6,1.7,36.8,0.4,0.5,82.4,0.5,1.8,0.3,0.2,1.2,34.0,
33461,2023,Utah State Aggies,R. Eytle-Rock,G,,,3.2,1.1,0.8,12.4,1.1,2.5,42.9,0.4,1.2,33.3,0.6,0.8,81.5,0.1,0.9,0.3,0.1,0.8,34.0,
33462,2023,Utah State Aggies,S. Zapala,C,,,0.6,0.5,0.1,4.1,0.3,0.4,75.0,0.0,0.1,0.0,0.1,0.3,33.3,0.3,0.3,0.1,0.2,0.3,11.0,
33463,2023,Utah State Aggies,C. Odom,G,,,0.0,0.0,0.0,1.0,0.0,0.2,0.0,0.0,0.0,0.0,0.0,0.0,0.0,0.0,0.0,0.0,0.0,0.0,4.0,
33464,2023,Utah State Aggies,L. Brenchley,G,,,0.0,0.8,0.3,1.5,0.0,0.0,0.0,0.0,0.0,0.0,0.0,0.2,0.0,0.2,0.7,0.0,0.0,0.0,6.0,
33465,2023,Utah State Aggies,C. Gillis,G,,,0.0,0.0,0.0,1.5,0.0,0.3,0.0,0.0,0.2,0.0,0.0,0.0,0.0,0.0,0.0,0.0,0.2,0.2,6.0,
33466,2023,Utah Tech Trailblazers,C. Gooden,G,,,17.0,2.7,3.4,31.8,5.5,11.4,48.1,2.0,4.9,39.9,4.0,5.0,80.0,0.5,2.1,1.0,0.0,2.8,28.0,
33467,2023,Utah Tech Trailblazers,I. Pope,G,,,13.1,4.0,2.6,28.3,3.9,9.0,43.9,1.5,3.6,42.5,3.7,4.6,80.1,0.7,3.4,1.1,0.1,2.9,33.0,
33468,2023,Utah Tech Trailblazers,J. Nicolds,F,,,10.2,4.0,1.3,24.1,3.2,5.4,59.9,1.1,2.2,50.7,2.6,3.4,77.7,1.2,2.9,0.7,0.2,1.9,33.0,
33469,2023,Utah Tech Trailblazers,T. Christensen,C,,,9.5,7.0,1.6,25.1,3.7,6.5,56.7,0.3,0.8,33.3,1.8,3.3,54.2,2.0,5.0,0.5,0.8,1.9,32.0,
33470,2023,Utah Tech Trailblazers,N. Gonsalves,G,,,8.7,2.8,1.8,31.0,2.8,6.7,42.3,1.8,4.6,40.1,1.2,1.5,75.5,0.2,2.6,1.1,0.1,1.3,32.0,
33471,2023,Utah Tech Trailblazers,F. Staine,G,,,7.7,3.7,1.3,24.8,2.7,6.6,41.1,1.3,4.0,33.6,0.9,1.3,68.2,1.0,2.7,1.2,0.1,0.8,33.0,
33472,2023,Utah Tech Trailblazers,D. Leter,F,,,6.4,3.5,1.0,19.4,1.9,4.9,39.5,0.5,1.7,30.9,2.0,3.1,65.7,1.4,2.1,0.7,0.5,1.8,32.0,
33473,2023,Utah Tech Trailblazers,T. Edmonds,C,,,2.9,2.3,0.2,9.1,1.0,2.2,47.2,0.0,0.0,0.0,0.8,1.7,50.0,0.8,1.5,0.2,0.3,0.8,33.0,
33477,2023,Utah Tech Trailblazers,C. Stearman,F,,,1.3,1.2,0.0,4.3,0.7,1.3,50.0,0.0,0.0,0.0,0.0,0.0,0.0,0.3,0.8,0.2,0.2,0.5,6.0,
33478,2023,Utah Tech Trailblazers,T. Allfrey,F,,,1.2,1.4,0.4,4.9,0.5,2.0,25.0,0.1,0.7,14.3,0.1,0.2,50.0,0.6,0.8,0.1,0.1,0.3,10.0,
33481,2023,Utah Utes,G. Madsen,G,,,11.6,2.7,1.7,28.6,3.6,10.1,35.7,2.5,6.7,36.9,1.9,2.4,78.7,0.4,2.3,0.8,0.3,1.6,25.0,
33482,2023,Utah Utes,L. Stefanovic,G,,,10.3,3.0,2.7,28.3,3.6,9.6,37.1,1.7,4.8,35.9,1.4,1.7,86.8,0.4,2.6,1.1,0.2,1.6,32.0,
33483,2023,Utah Utes,M. Anthony,G,,,9.7,6.7,2.2,31.3,3.6,7.9,45.2,0.2,0.6,33.3,2.3,3.8,62.4,2.4,4.3,0.8,0.3,1.5,29.0,
33484,2023,Utah Utes,R. Worster,G,,,8.6,5.2,5.0,32.0,3.2,7.7,41.8,0.7,2.6,27.8,1.4,1.8,81.1,0.4,4.8,0.8,0.2,1.9,30.0,
33487,2023,Utah Utes,K. Keita,F,,,3.0,3.4,0.1,10.5,1.4,2.2,60.9,0.0,0.0,0.0,0.3,0.6,42.1,1.3,2.1,0.5,0.7,0.8,31.0,
33488,2023,Utah Utes,B. Holt,G,,,2.0,1.6,0.5,9.7,0.7,1.5,45.9,0.0,0.3,14.3,0.5,0.8,63.2,0.2,1.4,0.3,0.1,0.6,24.0,
33489,2023,Utah Utes,E. Ballstaedt,G,,,1.5,0.7,0.1,4.9,0.3,0.9,30.0,0.2,0.8,22.2,0.7,0.9,80.0,0.3,0.5,0.1,0.0,0.1,11.0,
33491,2023,Utah Utes,J. Brenchley,G,,,1.0,0.8,0.3,5.4,0.4,1.1,33.3,0.1,0.5,20.0,0.2,0.3,60.0,0.4,0.4,0.2,0.1,0.1,19.0,
33492,2023,Utah Utes,L. Tarlac,G,,,0.9,0.7,0.2,5.3,0.4,0.6,72.7,0.0,0.0,0.0,0.0,0.2,0.0,0.2,0.6,0.3,0.2,0.6,18.0,
33493,2023,Utah Utes,B. Haddock,G,,,0.0,0.2,0.0,0.7,0.0,0.2,0.0,0.0,0.0,0.0,0.0,0.3,0.0,0.2,0.0,0.0,0.0,0.0,6.0,
33495,2023,VCU Rams,A. Baldwin Jr.,G,,,12.7,2.9,5.8,34.9,4.2,9.9,42.1,1.3,3.7,34.2,3.1,3.9,79.5,0.6,2.3,2.2,0.1,2.7,30.0,
33497,2023,VCU Rams,J. DeLoach,F,,,9.7,6.9,1.0,24.5,3.9,6.9,56.2,0.0,0.0,0.0,2.0,3.5,58.0,2.6,4.3,1.1,1.4,1.9,34.0,
33499,2023,VCU Rams,J. Nunn,G,,,9.3,2.5,1.5,28.5,3.1,7.1,43.3,1.1,2.8,40.4,2.0,2.9,70.0,0.4,2.1,1.5,0.5,1.2,35.0,
33501,2023,VCU Rams,N. Kern Jr.,G,,,5.3,2.7,0.8,17.6,2.3,3.7,62.0,0.1,0.2,25.0,0.7,1.1,60.5,0.7,1.9,0.7,0.3,0.9,35.0,
33502,2023,VCU Rams,Z. Jackson,G,,,5.2,1.5,1.7,17.3,1.7,4.3,39.1,0.3,1.5,18.5,1.5,2.0,77.1,0.2,1.3,0.9,0.1,1.2,35.0,
33503,2023,VCU Rams,J. Banks,G,,,2.8,0.7,0.2,8.5,0.9,2.1,41.4,0.4,1.2,34.3,0.7,0.8,86.4,0.1,0.6,0.2,0.1,0.4,28.0,
33504,2023,VCU Rams,T. Lawal,F,,,1.3,1.1,0.1,5.6,0.6,1.1,51.9,0.0,0.0,0.0,0.2,0.7,29.4,0.6,0.6,0.2,0.3,0.5,25.0,
33505,2023,VCU Rams,C. Fermin,F,,,0.4,0.7,0.0,3.3,0.1,0.2,33.3,0.0,0.0,0.0,0.3,0.7,40.0,0.2,0.5,0.1,0.2,0.3,14.0,
33506,2023,VCU Rams,A. Henderson VI,G,,,0.3,0.0,0.3,0.8,0.0,0.0,0.0,0.0,0.0,0.0,0.2,0.5,50.0,0.0,0.0,0.0,0.0,0.0,4.0,
33507,2023,VCU Rams,A. Billups III,G,,,0.3,0.5,0.0,4.1,0.1,0.6,20.0,0.0,0.4,0.0,0.0,0.0,0.0,0.1,0.4,0.0,0.0,0.6,8.0,
33509,2023,VMI Keydets,S. Conway,G,,,12.1,4.9,1.4,29.8,4.3,10.2,41.8,2.1,5.7,37.8,1.4,1.6,87.0,1.7,3.2,0.9,0.2,1.6,29.0,
33512,2023,VMI Keydets,R. Bradley Jr.,G,,,9.4,4.8,2.2,30.8,3.4,7.1,48.0,0.8,2.1,38.5,1.8,2.2,80.9,1.2,3.6,1.0,0.1,2.2,31.0,
33514,2023,VMI Keydets,D. Butler,G,,,5.1,2.8,0.9,20.3,1.8,4.7,38.0,1.3,3.6,35.7,0.2,0.4,50.0,0.9,1.8,0.7,0.2,0.7,32.0,
33515,2023,VMI Keydets,D. Nussbaum,C,,,4.3,3.4,0.6,17.6,2.1,3.6,60.0,0.0,0.1,0.0,0.0,0.1,0.0,1.3,2.1,0.3,0.1,0.9,7.0,
33516,2023,VMI Keydets,J. Johnston,G,,,2.3,1.7,0.5,8.3,0.8,2.7,31.3,0.7,2.3,28.6,0.0,0.0,0.0,0.7,1.0,0.0,0.2,0.3,6.0,
33517,2023,VMI Keydets,S. Wolfe,F,,,1.6,1.1,0.1,9.7,0.6,1.3,43.2,0.3,0.9,37.5,0.2,0.2,71.4,0.4,0.8,0.1,0.0,0.3,28.0,
33519,2023,Valparaiso Beacons,B. Krikke,F,,,19.4,5.9,2.1,35.7,7.6,13.8,55.2,0.5,1.9,27.9,3.7,4.6,79.6,2.0,3.9,0.5,0.9,2.2,32.0,
33520,2023,Valparaiso Beacons,K. King,G,,,16.2,4.1,1.7,35.3,6.1,14.2,42.8,0.6,2.7,22.1,3.4,4.4,76.8,1.3,2.8,0.7,0.3,2.1,32.0,
33526,2023,Valparaiso Beacons,J. Hedstrom,C,,,2.2,0.9,0.2,5.2,0.7,1.1,62.5,0.2,0.6,37.5,0.6,0.6,88.9,0.4,0.5,0.1,0.1,0.4,14.0,
33527,2023,Valparaiso Beacons,P. Ruedinger,G,,,2.1,2.3,1.0,20.7,0.7,3.2,20.7,0.3,1.9,17.6,0.4,0.6,80.0,0.0,2.3,0.9,0.0,1.0,9.0,
33528,2023,Valparaiso Beacons,J. Palm,F,,,1.9,4.0,0.3,13.6,0.8,1.9,41.9,0.0,0.3,0.0,0.3,0.7,50.0,1.2,2.8,0.1,0.3,0.4,23.0,
33529,2023,Valparaiso Beacons,D. DeAveiro,G,,,1.8,1.6,2.7,15.4,0.6,1.9,29.8,0.1,0.6,18.8,0.5,0.8,61.9,0.2,1.4,1.1,0.0,1.4,25.0,
33530,2023,Valparaiso Beacons,E. Freese-Vilien,C,,,1.0,1.0,0.2,6.3,0.5,0.8,62.5,0.0,0.0,0.0,0.0,0.2,0.0,0.0,1.0,0.0,0.0,0.4,10.0,
33532,2023,Valparaiso Beacons,L. Morrill,G,,,0.4,0.1,0.0,1.9,0.1,0.6,25.0,0.1,0.3,50.0,0.0,0.0,0.0,0.0,0.1,0.0,0.0,0.4,7.0,
33533,2023,Valparaiso Beacons,J. Vick,G,,,0.0,0.0,1.0,1.0,0.0,0.0,0.0,0.0,0.0,0.0,0.0,0.0,0.0,0.0,0.0,0.0,0.0,0.0,1.0,
33534,2023,Vanderbilt Commodores,L. Robbins,C,,,15.0,6.8,1.0,23.0,4.7,9.4,50.4,0.7,2.0,36.5,4.8,6.6,73.1,2.5,4.3,0.3,3.2,1.6,26.0,
33535,2023,Vanderbilt Commodores,T. Lawrence,G,,,13.1,4.4,1.7,29.0,4.6,9.1,50.2,1.0,2.8,36.0,2.9,3.9,74.3,0.6,3.8,1.0,0.1,1.8,36.0,
33537,2023,Vanderbilt Commodores,E. Manjon,G,,,10.5,2.7,3.8,28.5,4.1,8.5,48.6,0.2,1.0,25.0,2.0,2.8,72.5,0.6,2.1,0.9,0.2,1.5,37.0,
33538,2023,Vanderbilt Commodores,M. Stute,G,,,8.4,4.6,0.6,25.7,2.7,7.9,34.7,2.2,6.0,36.1,0.7,1.1,66.7,0.9,3.7,0.6,0.1,1.3,34.0,
33542,2023,Vanderbilt Commodores,Q. Millora-Brown,F,,,3.5,4.3,0.7,18.5,1.3,2.7,48.5,0.0,0.1,33.3,0.9,1.4,59.6,2.1,2.2,0.4,0.6,0.7,36.0,
33543,2023,Vanderbilt Commodores,P. Lewis,G,,,2.9,0.9,0.9,9.8,1.0,2.5,41.9,0.6,1.5,39.5,0.2,0.4,66.7,0.2,0.6,0.4,0.0,0.6,25.0,
33546,2023,Vanderbilt Commodores,L. Dort,F,,,1.7,2.1,0.2,6.4,0.8,1.2,65.0,0.0,0.0,0.0,0.2,0.6,30.0,0.9,1.2,0.0,0.7,0.6,17.0,
33547,2023,Vanderbilt Commodores,M. Keeffe,G,,,0.7,0.5,0.0,4.2,0.2,0.7,25.0,0.0,0.5,0.0,0.3,0.3,100.0,0.2,0.3,0.0,0.0,0.0,6.0,
33548,2023,Vanderbilt Commodores,G. Calton,G,,,0.0,0.2,0.3,5.0,0.0,0.7,0.0,0.0,0.5,0.0,0.0,0.0,0.0,0.2,0.0,0.2,0.0,0.0,6.0,
33551,2023,Vermont Catamounts,F. Sullivan,G,,,11.7,4.9,2.4,29.0,4.0,9.4,42.4,1.9,6.0,31.9,1.8,2.4,72.7,0.6,4.4,1.2,0.8,1.5,32.0,
33552,2023,Vermont Catamounts,A. Deloney,G,,,11.6,2.3,1.8,22.9,3.9,8.7,44.7,1.9,4.7,40.3,1.9,2.6,73.0,0.3,1.9,0.6,0.0,0.9,34.0,
33553,2023,Vermont Catamounts,M. Veretto,F,,,8.9,3.0,0.9,22.1,3.3,6.6,50.0,1.7,4.1,41.4,0.6,0.8,75.0,0.6,2.4,0.6,0.5,0.3,34.0,
33554,2023,Vermont Catamounts,R. Duncan,G,,,7.9,7.2,4.4,30.9,3.2,6.0,53.7,0.2,0.9,23.3,1.2,2.6,47.2,1.9,5.3,0.9,0.4,1.4,34.0,
33555,2023,Vermont Catamounts,K. Gibson,G,,,7.3,1.6,0.7,23.8,2.6,6.0,44.2,1.2,3.4,36.9,0.8,1.2,71.1,0.2,1.4,0.5,0.1,0.3,33.0,
33556,2023,Vermont Catamounts,T. Hurley,G,,,5.1,1.7,0.5,16.1,1.5,3.7,40.0,0.9,2.2,41.2,1.2,1.3,95.0,0.1,1.6,0.2,0.0,0.5,31.0,
33557,2023,Vermont Catamounts,N. Fiorillo,F,,,4.1,1.9,0.8,16.0,1.7,4.4,38.7,0.4,2.2,16.1,0.4,0.6,55.6,0.6,1.4,0.2,0.4,1.2,14.0,
33558,2023,Vermont Catamounts,I. Ayo-Faleye,F,,,3.1,2.0,0.2,12.4,1.1,2.3,45.6,0.2,0.7,28.6,0.8,1.1,69.7,0.6,1.4,0.5,0.6,0.7,29.0,
33559,2023,Vermont Catamounts,S. Alamutu,G,,,2.4,2.1,0.5,9.6,1.0,1.6,65.8,0.1,0.2,50.0,0.2,0.5,38.5,0.5,1.6,0.6,0.1,0.9,24.0,
33562,2023,Vermont Catamounts,M. Ndayishimiye,G,,,0.6,0.1,0.0,2.8,0.2,0.7,27.3,0.1,0.4,16.7,0.1,0.2,66.7,0.0,0.1,0.3,0.0,0.4,15.0,
33563,2023,Villanova Wildcats,E. Dixon,F,,,15.4,6.6,1.4,31.6,5.6,11.4,49.2,1.2,3.3,37.8,3.0,3.8,79.2,2.4,4.2,0.5,0.6,1.5,34.0,
33567,2023,Villanova Wildcats,B. Slater,F,,,9.7,4.7,1.4,29.0,3.0,6.7,45.2,1.0,3.0,34.7,2.6,2.9,91.8,1.2,3.5,0.9,0.4,1.2,34.0,
33568,2023,Villanova Wildcats,M. Armstrong,G,,,5.3,2.0,1.0,20.0,2.1,5.2,40.1,0.5,2.0,24.6,0.6,0.7,87.5,0.2,1.8,0.8,0.1,1.0,34.0,
33569,2023,Villanova Wildcats,J. Longino,G,,,5.0,2.1,1.0,20.9,1.6,4.0,39.6,0.5,2.2,23.2,1.2,1.6,75.6,0.3,1.8,0.4,0.2,1.1,25.0,
33570,2023,Villanova Wildcats,B. Hausen,G,,,3.1,0.5,0.4,8.9,1.0,2.2,44.3,0.8,2.0,42.9,0.3,0.4,83.3,0.1,0.4,0.2,0.0,0.2,32.0,
33571,2023,Villanova Wildcats,C. Arcidiacono,G,,,2.8,2.8,1.6,22.2,0.8,2.1,37.1,0.6,1.6,38.2,0.7,0.8,88.5,0.3,2.5,0.4,0.1,0.5,34.0,
33574,2023,Villanova Wildcats,N. Njoku,F,,,0.0,0.5,0.0,2.0,0.0,0.0,0.0,0.0,0.0,0.0,0.0,0.0,0.0,0.0,0.5,0.0,0.0,0.3,4.0,
33575,2023,Villanova Wildcats,C. O'Toole,G,,,0.0,0.0,0.3,1.0,0.0,0.0,0.0,0.0,0.0,0.0,0.0,0.0,0.0,0.0,0.0,0.0,0.0,0.0,4.0,
33576,2023,Virginia Cavaliers,A. Franklin,G,,,12.4,4.1,1.4,29.3,4.3,10.2,42.4,1.9,5.0,37.3,1.8,2.6,70.9,0.7,3.4,0.9,0.4,1.0,33.0,
33577,2023,Virginia Cavaliers,J. Gardner,F,,,12.0,5.8,0.7,26.3,4.8,9.5,51.0,0.0,0.1,0.0,2.3,3.4,68.5,2.0,3.8,0.9,0.5,0.9,33.0,
33579,2023,Virginia Cavaliers,R. Beekman,G,,,9.5,3.0,5.3,32.7,3.2,8.0,40.5,0.8,2.4,35.1,2.2,2.7,79.3,0.5,2.5,1.8,0.5,1.6,32.0,
33581,2023,Virginia Cavaliers,I. McKneely,G,,,6.7,2.2,0.7,21.5,2.3,5.5,42.3,1.5,3.9,39.2,0.5,0.7,70.8,0.2,2.0,0.4,0.1,0.6,33.0,
33582,2023,Virginia Cavaliers,K. Shedrick,F,,,6.2,3.8,0.6,17.5,2.2,3.4,64.7,0.0,0.2,20.0,1.8,2.3,79.4,1.2,2.6,0.8,1.4,0.7,30.0,
33583,2023,Virginia Cavaliers,R. Dunn,F,,,2.6,2.9,0.3,13.0,1.1,2.0,53.2,0.2,0.5,31.3,0.4,0.7,50.0,0.6,2.3,0.4,1.1,0.5,31.0,
33584,2023,Virginia Cavaliers,F. Caffaro,C,,,2.0,1.8,0.2,8.3,0.8,1.0,75.0,0.0,0.0,0.0,0.5,0.9,55.6,0.8,0.9,0.1,0.1,0.5,20.0,
33585,2023,Virginia Cavaliers,T. Murray,G,,,1.4,0.9,0.2,7.2,0.5,1.5,31.6,0.2,0.9,16.7,0.3,0.5,66.7,0.0,0.9,0.0,0.2,0.2,13.0,
33587,2023,Virginia Cavaliers,T. How,F,,,0.8,1.8,0.0,2.5,0.2,1.0,25.0,0.0,0.0,0.0,0.2,1.0,25.0,0.8,1.0,0.0,0.0,0.0,4.0,
33589,2023,Virginia Tech Hokies,S. Pedulla,G,,,15.0,3.6,3.8,35.7,5.3,12.6,41.6,2.0,5.7,34.4,2.5,2.9,85.9,0.4,3.2,1.2,0.2,2.1,34.0,
33590,2023,Virginia Tech Hokies,J. Mutts,F,,,13.3,7.4,4.6,33.3,5.5,9.8,56.8,0.4,1.2,32.5,1.8,3.0,61.6,1.9,5.4,1.5,0.8,2.8,33.0,
33591,2023,Virginia Tech Hokies,H. Cattoor,G,,,10.8,3.7,2.4,34.2,3.5,8.1,43.0,2.6,6.1,42.4,1.3,1.7,76.5,0.3,3.5,1.0,0.1,0.9,30.0,
33592,2023,Virginia Tech Hokies,D. Maddox,G,,,8.5,3.2,1.1,29.6,3.2,8.6,37.4,1.0,3.1,32.3,1.1,1.2,87.5,1.3,1.9,0.6,0.4,0.6,20.0,
33594,2023,Virginia Tech Hokies,L. Kidd,C,,,5.0,3.4,0.6,12.7,2.3,3.4,66.4,0.0,0.0,0.0,0.5,0.9,58.6,1.0,2.4,0.3,0.4,0.6,34.0,
33595,2023,Virginia Tech Hokies,M. Collins Jr.,G,,,4.1,2.4,1.4,24.7,1.4,4.1,34.8,0.5,2.0,26.5,0.7,0.9,80.0,0.5,1.9,0.4,0.0,0.5,34.0,
33596,2023,Virginia Tech Hokies,M. Poteat,F,,,3.4,2.0,0.3,8.6,1.0,1.6,64.2,0.0,0.0,0.0,1.4,1.9,74.2,0.8,1.1,0.1,0.1,0.5,34.0,
33597,2023,Virginia Tech Hokies,J. Camden,F,,,1.3,1.0,0.2,8.0,0.4,1.6,25.0,0.3,1.1,23.1,0.2,0.4,55.6,0.3,0.7,0.0,0.1,0.1,23.0,
33599,2023,Virginia Tech Hokies,C. Johnson,G,,,0.1,0.6,0.4,2.4,0.0,0.3,0.0,0.0,0.1,0.0,0.1,0.2,50.0,0.3,0.3,0.0,0.0,0.1,10.0,
33600,2023,Virginia Tech Hokies,M. Ward,G,,,0.0,0.0,0.0,1.0,0.0,0.3,0.0,0.0,0.2,0.0,0.0,0.0,0.0,0.0,0.0,0.0,0.0,0.2,6.0,
33601,2023,Wagner Seahawks,D. Hunt,G,,,11.1,3.2,2.7,31.6,3.9,10.6,36.5,1.1,3.9,28.7,2.2,3.1,73.3,1.0,2.2,1.2,0.0,1.5,28.0,
33603,2023,Wagner Seahawks,R. Moore,G,,,8.3,2.8,1.6,26.3,3.3,8.2,40.1,0.5,1.9,28.3,1.1,1.7,65.9,1.1,1.6,0.8,0.0,1.4,24.0,
33604,2023,Wagner Seahawks,J. Ezquerra,G,,,7.1,3.0,3.0,25.1,2.6,7.4,35.4,1.5,4.5,33.1,0.4,0.6,75.0,0.5,2.5,0.8,0.1,1.4,28.0,
33606,2023,Wagner Seahawks,R. Taylor II,F,,,6.4,4.1,0.1,17.8,2.7,4.9,56.1,0.0,0.0,0.0,1.0,1.5,61.8,1.7,2.4,0.3,0.3,1.0,22.0,
33607,2023,Wagner Seahawks,J. Price-Noel,F,,,5.5,2.4,1.3,20.7,2.0,5.2,38.1,1.0,2.8,35.1,0.5,0.7,78.9,0.4,2.0,0.2,0.0,1.5,28.0,
33610,2023,Wagner Seahawks,J. Fletcher,F,,,3.0,2.9,0.1,11.7,1.2,2.3,53.1,0.0,0.0,0.0,0.6,1.0,57.1,1.5,1.4,0.3,0.5,0.7,21.0,
33612,2023,Wagner Seahawks,J. Mason,G,,,1.8,0.6,0.0,5.0,0.6,2.0,30.0,0.6,2.0,30.0,0.0,0.0,0.0,0.2,0.4,0.2,0.2,0.2,5.0,
33615,2023,Wake Forest Demon Deacons,D. Monsanto,G,,,13.3,3.6,0.6,24.1,4.4,10.4,42.5,3.2,8.0,40.5,1.2,1.4,86.8,0.3,3.4,1.0,0.3,1.1,27.0,
33616,2023,Wake Forest Demon Deacons,C. Hildreth,G,,,12.4,5.3,2.8,31.6,4.4,9.5,46.5,0.6,1.8,32.8,2.9,3.9,73.8,1.0,4.3,1.2,0.2,2.2,33.0,
33617,2023,Wake Forest Demon Deacons,A. Carr,F,,,10.7,6.0,1.2,31.5,4.1,8.3,48.9,1.0,3.2,31.1,1.5,2.0,77.3,1.7,4.2,1.0,0.9,1.5,33.0,
33618,2023,Wake Forest Demon Deacons,D. Williamson,G,,,8.7,2.0,0.7,26.4,2.9,7.5,38.8,1.8,4.8,38.5,1.1,1.3,87.2,0.3,1.7,0.3,0.0,0.9,31.0,
33623,2023,Wake Forest Demon Deacons,Z. Keller,F,,,2.3,1.5,0.2,10.6,0.8,2.1,36.1,0.2,1.2,20.0,0.5,0.8,64.3,0.6,0.9,0.4,0.1,0.4,17.0,
33624,2023,Wake Forest Demon Deacons,L. Taylor,G,,,2.2,1.0,1.1,11.8,0.8,2.7,28.1,0.7,1.7,40.0,0.0,0.0,0.0,0.1,0.9,0.3,0.2,0.7,12.0,
33625,2023,Wake Forest Demon Deacons,G. van Beveren,F,,,2.0,1.0,0.0,1.7,1.0,1.0,100.0,0.0,0.0,0.0,0.0,0.0,0.0,0.3,0.7,0.0,0.0,0.0,3.0,
33626,2023,Wake Forest Demon Deacons,R. Kennah,G,,,0.7,0.3,0.3,2.3,0.3,0.7,50.0,0.0,0.0,0.0,0.0,0.0,0.0,0.3,0.0,0.0,0.3,0.0,3.0,
33627,2023,Wake Forest Demon Deacons,K. Dunn,G,,,0.0,0.3,0.3,1.7,0.0,1.3,0.0,0.0,1.0,0.0,0.0,0.0,0.0,0.0,0.3,0.0,0.0,0.3,3.0,
33629,2023,Wake Forest Demon Deacons,O. Kmety,F,,,0.0,0.0,0.0,1.7,0.0,0.0,0.0,0.0,0.0,0.0,0.0,0.0,0.0,0.0,0.0,0.0,0.0,0.0,3.0,
33630,2023,Washington Huskies,K. Brooks Jr.,F,,,17.7,6.7,1.4,35.4,6.2,14.3,43.3,1.1,3.7,28.6,4.2,5.3,79.4,1.5,5.2,0.7,1.2,3.2,30.0,
33631,2023,Washington Huskies,K. Menifield Jr.,G,,,10.0,2.9,3.1,28.7,3.8,9.2,41.0,1.1,3.3,33.0,1.4,2.0,69.8,0.7,2.2,1.1,0.2,1.7,32.0,
33632,2023,Washington Huskies,F. Kepnang,C,,,9.0,6.3,0.3,22.9,3.5,6.6,52.8,0.0,0.0,0.0,2.0,2.8,72.7,2.4,3.9,0.8,1.9,1.3,8.0,
33633,2023,Washington Huskies,B. Meah,C,,,8.8,7.2,0.6,27.3,3.5,4.9,70.6,0.0,0.0,0.0,1.9,2.7,69.0,2.3,4.8,0.5,1.6,1.5,31.0,
33634,2023,Washington Huskies,C. Bajema,G,,,8.8,4.2,0.5,29.7,2.7,6.9,39.0,1.6,4.4,36.0,1.8,2.2,85.1,0.6,3.6,0.9,0.4,1.0,31.0,
33636,2023,Washington Huskies,J. Bey,G,,,6.9,3.5,1.4,26.3,2.2,5.9,37.2,1.0,3.3,29.4,1.5,2.0,78.7,0.8,2.7,1.1,0.4,1.2,31.0,
33638,2023,Washington Huskies,P. Fuller II,G,,,6.2,2.0,2.5,23.0,2.2,5.7,38.5,0.7,2.6,28.4,1.1,1.3,80.0,0.2,1.8,1.1,0.5,2.6,26.0,
33640,2023,Washington Huskies,L. Wilson,G,,,1.7,1.9,0.1,6.2,0.8,1.6,51.7,0.1,0.3,20.0,0.0,0.0,0.0,0.8,1.1,0.1,0.3,0.3,18.0,
33641,2023,Washington Huskies,K. Luttinen,G,,,0.9,0.3,0.0,3.3,0.3,0.9,33.3,0.3,0.7,40.0,0.0,0.0,0.0,0.0,0.3,0.0,0.0,0.0,7.0,
33643,2023,Washington Huskies,A. Iglesia,G,,,0.0,0.0,0.0,0.8,0.0,0.2,0.0,0.0,0.2,0.0,0.0,0.0,0.0,0.0,0.0,0.0,0.0,0.0,4.0,
33644,2023,Washington Huskies,S. Slutske,G,,,0.0,0.0,0.0,0.5,0.0,0.0,0.0,0.0,0.0,0.0,0.0,0.0,0.0,0.0,0.0,0.0,0.0,0.0,2.0,
33645,2023,Washington State Cougars,T. Bamba,G,,,15.8,3.7,1.7,32.2,5.4,12.6,42.6,1.8,4.8,37.2,3.3,4.5,73.0,0.8,2.9,0.9,0.3,2.0,31.0,
33646,2023,Washington State Cougars,M. Gueye,F,,,14.3,8.4,1.9,32.2,5.6,11.5,48.8,0.3,1.2,27.5,2.7,4.0,67.4,3.4,5.0,0.8,0.8,2.3,33.0,
33648,2023,Washington State Cougars,D. Rodman,F,,,9.6,5.8,1.4,31.5,3.0,7.3,41.3,1.6,4.3,38.1,2.0,2.5,79.2,2.1,3.7,0.7,0.3,1.0,31.0,
33649,2023,Washington State Cougars,J. Mullins,G,,,8.4,2.1,1.6,23.0,2.8,6.5,43.8,1.8,4.3,43.0,0.9,1.0,87.1,0.2,1.9,0.5,0.0,1.0,30.0,
33650,2023,Washington State Cougars,A. Jakimovski,F,,,7.7,4.6,1.1,26.7,2.7,7.3,36.1,1.7,5.0,34.5,0.7,1.1,61.5,1.3,3.3,0.7,0.3,1.1,23.0,
33651,2023,Washington State Cougars,K. Houinsou,G,,,3.9,2.5,1.4,16.4,1.5,3.6,40.7,0.1,0.7,20.8,0.8,1.3,65.1,1.0,1.5,0.3,0.4,1.5,34.0,
33653,2023,Washington State Cougars,C. Rosario,F,,,2.2,1.5,0.3,9.9,0.8,1.8,42.5,0.2,0.7,31.3,0.5,0.9,52.6,0.5,1.0,0.2,0.2,0.6,22.0,
33654,2023,Washington State Cougars,D. Darling,G,,,1.7,1.7,0.6,12.0,0.5,2.0,25.5,0.2,1.0,16.7,0.5,0.6,75.0,0.2,1.4,0.5,0.1,0.8,25.0,
33657,2023,Washington State Cougars,B. Olesen,G,,,0.0,0.2,0.0,1.6,0.0,0.8,0.0,0.0,0.6,0.0,0.0,0.0,0.0,0.0,0.2,0.0,0.0,0.0,5.0,
33658,2023,Washington State Cougars,A. Rohosy,F,,,0.0,0.0,0.0,3.0,0.0,0.0,0.0,0.0,0.0,0.0,0.0,0.0,0.0,0.0,0.0,0.0,1.0,1.0,1.0,
33660,2023,Weber State Wildcats,S. Verplancken,G,,,13.2,2.2,1.3,34.7,5.0,10.8,45.9,2.0,4.7,41.7,1.3,1.5,88.0,0.5,1.7,0.7,0.0,1.2,33.0,
33662,2023,Weber State Wildcats,A. Tew,C,,,6.6,3.7,0.7,20.5,2.8,5.0,55.5,0.0,0.0,0.0,1.1,2.2,48.5,1.5,2.3,0.8,0.5,1.1,31.0,
33663,2023,Weber State Wildcats,K. Cunningham,G,,,6.5,1.8,1.6,26.0,2.3,5.2,44.2,1.0,2.9,35.5,0.9,1.1,82.4,0.4,1.4,0.6,0.0,1.3,32.0,
33664,2023,Weber State Wildcats,D. Koehler,F,,,6.4,2.9,1.0,23.7,2.3,4.6,50.4,0.8,2.2,35.8,0.9,1.1,84.8,0.5,2.4,0.7,0.1,1.0,30.0,
33665,2023,Weber State Wildcats,Z. Porter,G,,,6.0,2.2,0.8,16.5,1.8,5.2,35.1,0.5,1.9,23.8,1.9,2.3,81.8,0.2,2.0,0.7,0.1,1.2,33.0,
33668,2023,Weber State Wildcats,H. Tamba,C,,,1.6,1.6,0.1,11.3,0.6,1.0,62.5,0.0,0.0,0.0,0.3,0.4,75.0,0.6,1.1,0.2,0.5,0.7,31.0,
33669,2023,Weber State Wildcats,L. Jordan,F,,,0.5,0.5,0.2,5.2,0.2,0.7,21.4,0.2,0.7,21.4,0.0,0.0,0.0,0.1,0.4,0.0,0.1,0.3,19.0,
33670,2023,Weber State Wildcats,C. Lake,G,,,0.3,0.0,0.0,1.5,0.0,0.2,0.0,0.0,0.0,0.0,0.2,0.8,33.3,0.0,0.0,0.0,0.0,0.0,4.0,
33675,2023,West Virginia Mountaineers,E. Matthews Jr.,F,,,10.2,3.9,1.2,29.4,3.8,7.9,47.6,0.8,2.6,31.7,1.8,2.2,79.2,1.2,2.8,0.6,0.5,1.0,32.0,
33680,2023,West Virginia Mountaineers,J. Okonkwo,F,,,2.5,3.2,0.2,11.0,0.9,1.5,57.4,0.0,0.2,0.0,0.7,1.2,60.5,1.0,2.2,0.1,0.7,0.4,31.0,
33683,2023,West Virginia Mountaineers,P. Suemnick,F,,,1.4,1.3,0.1,5.7,0.6,1.1,50.0,0.1,0.1,66.7,0.1,0.3,42.9,0.6,0.7,0.1,0.2,0.2,21.0,
33687,2023,Western Carolina Catamounts,V. Woolbright,G,,,14.5,7.4,5.1,32.4,5.0,10.8,46.3,0.3,1.3,25.0,4.2,6.3,66.2,1.4,6.0,1.0,0.3,3.0,33.0,
33689,2023,Western Carolina Catamounts,B. Pelote,F,,,5.5,3.2,0.4,15.2,1.9,5.3,36.8,1.4,4.3,31.8,0.3,0.4,61.5,0.7,2.5,0.2,0.3,0.4,31.0,
33690,2023,Western Carolina Catamounts,T. Harris,F,,,5.1,2.5,0.9,26.3,1.7,5.0,34.1,1.1,3.9,29.3,0.5,0.8,63.0,0.4,2.0,0.6,0.6,0.6,34.0,
33691,2023,Western Carolina Catamounts,D. Campbell,G,,,5.0,2.7,1.5,22.0,1.8,4.4,41.2,0.3,1.4,21.7,1.1,1.4,80.4,0.3,2.4,0.6,0.2,0.7,34.0,
33692,2023,Western Carolina Catamounts,M. Gilmore,F,,,2.7,2.3,0.1,6.8,1.1,1.8,60.0,0.0,0.0,0.0,0.6,1.0,57.1,1.1,1.2,0.2,0.5,0.4,14.0,
33693,2023,Western Carolina Catamounts,C. Granger,C,,,2.6,2.2,0.2,9.7,1.1,2.4,46.8,0.0,0.0,0.0,0.4,0.5,70.6,0.9,1.2,0.1,0.0,0.5,33.0,
33694,2023,Western Carolina Catamounts,M. Kell,F,,,2.5,1.7,0.3,6.2,0.8,2.6,30.8,0.4,1.8,22.2,0.5,0.8,62.5,0.8,0.9,0.1,0.0,0.3,20.0,
33697,2023,Western Carolina Catamounts,C. Bacote,G,,,1.7,0.2,1.0,10.7,0.5,1.5,33.3,0.3,1.0,33.3,0.3,0.5,66.7,0.0,0.2,0.0,0.0,0.8,6.0,
33699,2023,Western Illinois Leathernecks,T. Massner,G,,,19.0,5.2,5.4,35.6,6.7,15.2,43.9,2.9,8.2,35.7,2.7,3.2,83.0,0.6,4.6,1.6,0.3,2.7,29.0,
33702,2023,Western Illinois Leathernecks,J. West,F,,,9.7,7.3,2.2,29.2,3.7,7.1,51.4,0.1,0.7,19.0,2.2,4.0,56.3,2.3,5.0,1.0,1.7,1.6,30.0,
33703,2023,Western Illinois Leathernecks,Q. Bennett,G,,,9.7,5.4,0.8,29.3,3.9,7.5,52.2,0.0,0.5,7.1,1.9,2.6,70.3,1.5,3.9,0.9,0.1,1.1,28.0,
33705,2023,Western Illinois Leathernecks,K. Lee,G,,,4.2,2.9,0.6,20.0,1.4,3.8,38.5,0.6,1.9,31.5,0.8,1.1,68.8,0.7,2.1,0.3,0.4,0.6,29.0,
33707,2023,Western Illinois Leathernecks,J. Kalakon,G,,,2.3,1.3,0.4,8.2,0.9,2.2,39.1,0.2,1.1,21.7,0.4,0.5,72.7,0.4,0.9,0.1,0.1,0.4,21.0,
33710,2023,Western Illinois Leathernecks,R. Jeter,PG,,,0.0,0.4,0.0,3.6,0.0,0.4,0.0,0.0,0.0,0.0,0.0,0.4,0.0,0.0,0.4,0.0,0.0,0.0,5.0,
33711,2023,Western Kentucky Hilltoppers,D. McKnight,G,,,16.5,5.0,3.8,33.2,6.0,13.2,45.6,0.6,1.7,33.9,3.8,4.6,84.1,1.6,3.4,1.8,0.1,3.3,33.0,
33713,2023,Western Kentucky Hilltoppers,L. Frampton,G,,,9.5,2.6,1.7,29.3,2.9,6.2,46.3,2.5,5.3,46.2,1.3,1.6,78.8,0.2,2.4,0.9,0.2,0.8,20.0,
33715,2023,Western Kentucky Hilltoppers,J. Hamilton,F,,,9.3,5.0,1.3,27.8,3.2,7.0,46.3,1.2,3.4,35.1,1.6,2.2,75.0,1.4,3.7,0.7,0.1,1.7,33.0,
33716,2023,Western Kentucky Hilltoppers,J. Rawls,G,,,7.5,1.3,2.6,20.1,2.7,7.3,36.8,0.4,1.6,22.4,1.8,2.3,75.7,0.2,1.1,0.5,0.0,1.5,30.0,
33717,2023,Western Kentucky Hilltoppers,J. Sharp,F,,,7.4,7.7,0.2,28.5,2.9,4.6,62.8,0.0,0.0,0.0,1.6,3.2,50.0,2.2,5.5,1.0,4.1,0.7,32.0,
33718,2023,Western Kentucky Hilltoppers,K. Lander,G,,,3.2,1.0,0.6,11.3,1.1,3.5,30.7,0.8,2.0,38.5,0.3,0.6,57.9,0.2,0.8,0.2,0.1,0.7,33.0,
33719,2023,Western Kentucky Hilltoppers,T. Marshall Jr.,F,,,3.0,2.7,0.5,13.7,1.2,2.4,50.0,0.2,0.7,22.7,0.5,0.6,71.4,0.6,2.1,0.6,0.4,0.4,33.0,
33720,2023,Western Kentucky Hilltoppers,F. Diagne,C,,,2.6,1.0,0.1,6.9,0.9,2.3,40.6,0.6,1.5,37.8,0.2,0.3,75.0,0.2,0.8,0.0,0.2,0.4,30.0,
33722,2023,Western Kentucky Hilltoppers,N. Stansbury,G,,,0.0,0.5,0.0,1.7,0.0,0.0,0.0,0.0,0.0,0.0,0.0,0.0,0.0,0.0,0.5,0.2,0.0,0.0,6.0,
33724,2023,Western Kentucky Hilltoppers,T. Olden,G,,,0.0,0.0,0.0,0.7,0.0,0.3,0.0,0.0,0.0,0.0,0.0,0.0,0.0,0.0,0.0,0.0,0.0,0.0,3.0,
33725,2023,Western Kentucky Hilltoppers,J. Dorsey,G,,,0.0,0.0,0.0,0.7,0.0,0.0,0.0,0.0,0.0,0.0,0.0,0.0,0.0,0.0,0.0,0.0,0.0,0.0,3.0,
33726,2023,Western Michigan Broncos,L. Norman Jr.,G,,,17.3,2.8,3.1,36.4,5.9,14.5,40.6,2.8,8.4,33.6,2.7,3.3,83.7,0.6,2.1,0.9,0.1,2.0,30.0,
33728,2023,Western Michigan Broncos,M. Hastings,F,,,8.3,9.3,1.8,28.7,3.3,6.9,47.0,0.5,2.5,20.8,1.3,1.9,69.0,2.9,6.4,0.9,0.6,1.9,31.0,
33729,2023,Western Michigan Broncos,T. Wright,C,,,8.0,5.2,0.5,20.9,3.2,5.4,58.7,0.0,0.0,0.0,1.7,2.8,60.5,1.7,3.5,0.1,0.5,1.5,31.0,
33731,2023,Western Michigan Broncos,J. Hannah,G,,,6.1,3.0,0.8,23.4,2.1,6.1,34.8,0.8,2.7,30.8,1.0,1.3,73.7,1.0,2.0,0.5,0.1,1.3,29.0,
33733,2023,Western Michigan Broncos,M. Burton,F,,,4.3,3.7,0.3,13.7,2.0,3.7,54.5,0.0,0.3,0.0,0.3,0.7,50.0,2.7,1.0,0.0,0.3,1.0,3.0,
33734,2023,Western Michigan Broncos,J. Monegro,G,,,4.2,1.4,2.1,19.8,1.5,4.1,35.2,0.2,1.1,15.2,1.1,1.4,81.4,0.3,1.1,0.5,0.1,1.5,31.0,
33735,2023,Western Michigan Broncos,O. Lobsinger,F,,,3.0,2.3,0.4,9.3,1.0,2.2,43.8,0.3,1.0,35.7,0.7,1.0,71.4,1.1,1.2,0.3,0.1,0.7,29.0,
33736,2023,Western Michigan Broncos,G. Etchison,PG,,,2.7,0.8,2.2,10.5,1.1,2.3,48.0,0.4,0.8,44.4,0.2,0.2,100.0,0.1,0.7,0.3,0.1,1.1,11.0,
33738,2023,Western Michigan Broncos,J. Stefanski,F,,,1.1,0.4,0.8,4.1,0.4,0.7,66.7,0.0,0.1,0.0,0.2,0.2,100.0,0.3,0.1,0.0,0.0,0.0,9.0,
33740,2023,Wichita State Shockers,C. Porter Jr.,G,,,13.5,6.2,4.9,33.7,5.2,10.8,47.8,1.2,3.3,36.3,2.0,3.0,68.5,1.3,4.9,1.5,1.5,2.5,31.0,
33743,2023,Wichita State Shockers,K. Pohto,F,,,8.7,5.7,1.9,26.8,3.6,7.3,48.9,0.1,0.9,10.3,1.5,2.4,61.6,2.2,3.6,1.0,0.7,1.3,31.0,
33746,2023,Wichita State Shockers,X. Bell,G,,,4.0,0.9,0.6,14.6,1.5,4.1,37.8,0.4,1.8,22.8,0.5,0.6,75.0,0.2,0.8,0.3,0.1,0.6,31.0,
33748,2023,Wichita State Shockers,I. Poor Bear-Chandler,F,,,2.4,1.5,0.2,10.5,0.9,1.5,60.5,0.1,0.2,50.0,0.4,0.5,76.9,0.5,1.0,0.2,0.5,0.2,25.0,
33749,2023,Wichita State Shockers,I. Abidde,F,,,2.4,1.4,0.2,8.3,0.9,2.3,39.1,0.2,1.1,19.0,0.3,0.9,38.9,0.6,0.8,0.2,0.2,0.3,20.0,
33750,2023,Wichita State Shockers,Q. Ballard,C,,,2.1,2.1,0.1,10.0,0.7,1.4,50.0,0.0,0.0,0.0,0.7,1.4,50.0,0.7,1.4,0.2,1.4,0.2,10.0,
33753,2023,William Mary Tribe,B. Wight,F,,,10.9,5.2,0.9,26.2,4.3,8.4,51.1,0.0,0.1,0.0,2.4,3.8,61.9,2.4,2.9,0.8,0.5,1.6,33.0,
33754,2023,William Mary Tribe,G. Dorsey,G,,,10.9,3.0,0.6,28.6,3.7,8.3,44.9,3.0,6.8,44.4,0.4,0.5,76.9,0.8,2.2,0.8,0.4,1.2,25.0,
33755,2023,William Mary Tribe,N. Collier,F,,,9.0,8.2,0.8,28.0,3.7,7.7,48.3,0.0,0.0,0.0,1.7,3.1,53.5,2.4,5.8,0.7,0.6,1.8,23.0,
33757,2023,William Mary Tribe,M. Ayesa,G,,,6.1,1.0,0.1,13.2,2.1,5.2,40.0,2.0,4.9,39.8,0.0,0.0,0.0,0.2,0.8,0.1,0.0,0.3,24.0,
33758,2023,William Mary Tribe,M. Case,G,,,4.8,3.2,1.0,21.3,1.7,4.9,35.4,0.6,2.2,26.4,0.8,1.2,65.0,0.7,2.5,0.5,0.1,0.5,33.0,
33759,2023,William Mary Tribe,J. Karasinski,F,,,4.8,2.0,0.5,15.4,1.7,4.3,40.0,0.8,2.2,35.4,0.5,0.8,62.5,0.7,1.3,0.3,0.1,0.6,29.0,
33761,2023,William Mary Tribe,J. Milkereit,G,,,3.8,2.0,0.3,9.5,1.3,3.3,38.7,0.4,1.5,28.6,0.8,1.2,66.7,0.5,1.5,0.2,0.0,0.5,24.0,
33762,2023,William Mary Tribe,C. Lowe,G,,,3.3,2.6,0.6,11.5,1.2,2.7,45.3,0.0,0.1,0.0,0.9,1.4,60.0,1.2,1.5,0.4,0.1,0.9,28.0,
33764,2023,William Mary Tribe,M. Hicks,G,,,0.3,0.2,0.2,2.1,0.1,0.3,33.3,0.0,0.1,0.0,0.1,0.2,50.0,0.1,0.1,0.0,0.0,0.1,11.0,
33765,2023,Winthrop Eagles,K. Talford,F,,,16.2,8.2,0.7,31.7,6.1,9.2,66.9,0.0,0.0,0.0,4.0,6.0,65.7,3.0,5.2,0.4,0.6,2.1,30.0,
33766,2023,Winthrop Eagles,C. Hightower,F,,,13.6,5.5,2.4,32.4,4.5,10.4,43.4,2.2,5.8,37.1,2.4,3.4,71.6,0.9,4.6,0.8,0.4,2.9,30.0,
33767,2023,Winthrop Eagles,S. McMahon,G,,,13.4,1.9,2.2,29.7,3.8,9.9,38.6,2.3,6.1,37.2,3.5,3.9,89.5,0.1,1.8,0.6,0.0,2.8,32.0,
33768,2023,Winthrop Eagles,K. Harrison,G,,,11.5,2.4,3.8,32.1,3.8,8.0,48.1,1.0,2.1,45.2,2.9,3.8,75.5,0.2,2.3,1.2,0.2,2.4,29.0,
33769,2023,Winthrop Eagles,T. Lane,G,,,10.3,2.4,0.5,25.1,3.5,8.4,41.8,2.3,6.2,38.1,0.9,1.2,76.9,0.5,1.9,0.4,0.3,0.6,32.0,
33770,2023,Winthrop Eagles,I. Wilson,G,,,5.6,1.7,2.1,22.7,1.3,3.4,37.5,0.7,1.4,50.0,2.3,3.4,66.7,0.0,1.7,1.0,0.3,2.9,7.0,
33772,2023,Winthrop Eagles,X. McKelvy,G,,,3.6,1.6,0.2,9.6,1.3,2.6,50.0,0.4,1.2,30.0,0.6,0.7,83.3,0.6,1.1,0.4,0.0,0.4,25.0,
33774,2023,Winthrop Eagles,C. Howard,G,,,1.0,0.3,0.0,3.7,0.3,1.0,33.3,0.3,1.0,33.3,0.0,0.0,0.0,0.0,0.3,0.3,0.0,0.3,3.0,
33775,2023,Winthrop Eagles,M. Moore,F,,,0.9,1.8,0.1,7.2,0.4,0.7,55.6,0.0,0.0,0.0,0.1,0.2,40.0,0.4,1.4,0.1,0.5,0.5,25.0,
33776,2023,Wisconsin Badgers,C. Hepburn,G,,,12.2,2.8,2.8,32.0,4.3,11.5,37.7,1.9,4.8,40.5,1.6,2.2,71.8,0.5,2.4,1.5,0.1,1.5,35.0,
33777,2023,Wisconsin Badgers,S. Crowl,F,,,12.1,6.9,2.5,30.6,4.9,9.7,51.0,0.8,2.5,30.7,1.5,2.3,63.4,1.5,5.4,0.3,0.5,1.6,35.0,
33778,2023,Wisconsin Badgers,C. Essegian,G,,,11.7,3.7,0.7,27.4,3.8,9.4,40.4,2.0,5.5,35.9,2.2,2.5,88.4,0.7,3.1,0.5,0.0,1.0,35.0,
33779,2023,Wisconsin Badgers,T. Wahl,F,,,11.3,6.3,2.5,31.4,4.2,9.9,42.3,0.3,1.1,29.4,2.6,4.1,63.4,1.6,4.7,1.2,0.4,2.2,32.0,
33780,2023,Wisconsin Badgers,M. Klesmit,G,,,8.4,2.7,1.4,32.0,2.8,6.5,42.3,1.4,3.6,38.3,1.5,2.1,69.6,0.3,2.3,1.2,0.2,1.0,33.0,
33782,2023,Wisconsin Badgers,C. Gilmore,F,,,2.6,2.5,0.9,18.9,1.1,2.6,40.7,0.1,0.7,19.2,0.3,0.8,44.4,1.1,1.4,0.5,0.2,0.3,35.0,
33783,2023,Wisconsin Badgers,M. Ilver,F,,,1.6,0.9,0.2,6.6,0.6,2.1,29.7,0.3,1.2,23.8,0.1,0.1,100.0,0.3,0.7,0.1,0.0,0.1,18.0,
33784,2023,Wisconsin Badgers,I. Lindsey,G,,,1.5,0.8,0.1,5.9,0.5,1.7,31.7,0.3,1.0,33.3,0.0,0.1,50.0,0.1,0.6,0.1,0.0,0.1,24.0,
33785,2023,Wisconsin Badgers,K. McGee,G,,,1.3,0.6,0.5,7.3,0.5,1.6,28.0,0.2,0.9,18.5,0.2,0.3,87.5,0.1,0.5,0.2,0.0,0.3,31.0,
33786,2023,Wisconsin Badgers,J. Neath,G,,,1.0,0.3,0.3,9.0,0.3,1.3,25.0,0.3,0.7,50.0,0.0,0.0,0.0,0.0,0.3,0.3,0.0,0.7,3.0,
33788,2023,Wisconsin Badgers,C. Hodges,F,,,0.1,0.2,0.0,2.2,0.1,0.2,33.3,0.0,0.0,0.0,0.0,0.0,0.0,0.1,0.1,0.0,0.1,0.0,14.0,
33789,2023,Wisconsin Badgers,J. Taphorn,G,,,0.0,0.0,0.0,1.2,0.0,0.0,0.0,0.0,0.0,0.0,0.0,0.0,0.0,0.0,0.0,0.0,0.0,0.0,5.0,
33790,2023,Wisconsin Badgers,I. Gard,G,,,0.0,0.0,0.0,1.0,0.0,0.2,0.0,0.0,0.2,0.0,0.0,0.0,0.0,0.0,0.0,0.0,0.0,0.0,5.0,
33794,2023,Wofford Terriers,C. Tripp,G,,,8.8,3.3,1.9,30.1,3.4,7.9,42.7,1.5,4.0,36.1,0.6,0.9,67.7,0.5,2.8,1.4,0.1,1.2,33.0,
33796,2023,Wofford Terriers,K. Filewich,C,,,6.7,4.8,1.1,14.5,3.0,4.5,65.3,0.0,0.0,0.0,0.7,1.8,40.7,2.0,2.8,0.3,0.4,0.8,33.0,
33798,2023,Wofford Terriers,J. Sivills,G,,,4.5,2.7,0.6,17.9,1.6,3.8,42.7,0.7,2.1,32.4,0.6,0.9,72.4,0.8,1.9,0.4,0.2,0.5,33.0,
33801,2023,Wofford Terriers,A. Arrington,G,,,2.5,0.5,0.5,5.0,1.0,2.0,50.0,0.5,1.5,33.3,0.0,0.0,0.0,0.0,0.5,0.5,0.0,0.0,2.0,
33802,2023,Wofford Terriers,C. Martin,G,,,2.1,1.1,0.6,12.3,0.8,2.4,33.8,0.3,1.3,25.0,0.1,0.2,50.0,0.2,0.9,0.2,0.1,0.5,27.0,
33803,2023,Wofford Terriers,J. Steelman,G,,,1.4,0.2,0.0,1.8,0.4,1.0,40.0,0.2,0.8,25.0,0.4,0.4,100.0,0.2,0.0,0.0,0.0,0.0,5.0,
33805,2023,Wofford Terriers,J. Spinelli,G,,,0.7,0.0,0.0,1.3,0.3,0.3,100.0,0.0,0.0,0.0,0.0,0.0,0.0,0.0,0.0,0.0,0.0,0.0,3.0,
33807,2023,Wright State Raiders,T. Calvin,G,,,20.3,2.9,3.7,34.4,7.8,15.9,49.2,1.7,4.2,39.0,3.1,3.5,88.3,0.3,2.5,1.3,0.3,2.8,32.0,
33808,2023,Wright State Raiders,B. Noel,F,,,13.0,8.7,1.4,29.2,5.2,8.6,60.9,0.5,1.3,35.7,2.1,2.7,77.3,2.2,6.5,0.8,1.0,2.2,33.0,
33809,2023,Wright State Raiders,A. Braun,F,,,9.4,4.9,0.7,20.9,4.0,6.5,60.9,0.0,0.0,0.0,1.5,2.8,52.7,1.8,3.2,0.3,0.7,1.3,33.0,
33810,2023,Wright State Raiders,A. Huibregtse,G,,,8.6,2.8,1.6,23.7,3.2,6.8,46.9,1.7,4.4,39.3,0.5,0.7,73.9,0.5,2.4,0.6,0.1,1.2,33.0,
33812,2023,Wright State Raiders,T. Finke,G,,,8.0,5.9,3.8,34.1,2.9,8.0,36.4,1.1,3.9,28.7,1.1,1.6,67.9,1.9,4.0,1.2,0.4,2.1,33.0,
33813,2023,Wright State Raiders,A. Welage,G,,,6.7,2.2,1.4,16.8,2.4,4.5,52.0,0.9,2.0,47.7,1.1,1.2,85.4,0.3,1.8,0.5,0.2,0.8,33.0,
33814,2023,Wright State Raiders,K. Norris,G,,,3.0,2.2,1.5,20.7,1.3,2.9,43.3,0.3,1.1,27.8,0.2,0.2,85.7,0.1,2.1,0.5,0.0,0.9,33.0,
33816,2023,Wright State Raiders,A. Neff,F,,,2.2,1.2,0.1,4.0,1.0,1.4,69.2,0.0,0.0,0.0,0.2,0.7,33.3,0.2,1.0,0.1,0.3,0.2,9.0,
33817,2023,Wright State Raiders,C. Wilbourn,F,,,1.6,0.1,0.0,2.7,0.4,0.7,60.0,0.0,0.0,0.0,0.7,0.9,83.3,0.1,0.0,0.0,0.1,0.1,7.0,
33818,2023,Wyoming Cowboys,N. Reynolds,G,,,14.5,2.2,2.1,25.0,5.5,11.4,48.1,1.3,3.8,32.9,2.3,3.4,66.2,0.4,1.8,0.4,0.2,2.7,19.0,
33819,2023,Wyoming Cowboys,J. Oden,F,,,9.6,3.6,0.8,24.7,3.5,7.9,44.3,1.1,3.1,34.4,1.5,2.2,69.7,0.7,2.8,0.6,0.5,1.2,30.0,
33820,2023,Wyoming Cowboys,X. DuSell,G,,,8.0,2.6,0.5,26.0,2.6,6.6,39.8,2.0,4.7,42.2,0.7,1.0,70.0,0.3,2.3,0.7,0.1,0.6,31.0,
33822,2023,Wyoming Cowboys,B. Wenzel,G,,,7.9,3.8,0.9,28.8,2.2,6.1,37.0,1.8,4.4,40.6,1.6,1.8,88.4,1.2,2.7,0.5,0.3,1.0,24.0,
33826,2023,Wyoming Cowboys,C. Powell,C,,,1.9,2.0,0.2,8.4,0.6,1.4,46.2,0.0,0.0,0.0,0.6,1.0,58.6,1.0,1.0,0.2,0.3,0.8,28.0,
33827,2023,Wyoming Cowboys,C. Roberson,G,,,0.8,0.3,0.0,1.5,0.0,0.2,0.0,0.0,0.0,0.0,0.8,1.0,75.0,0.0,0.2,0.0,0.3,0.3,4.0,
33829,2023,Xavier Musketeers,Z. Freemantle,F,,,15.2,8.1,2.9,28.5,6.2,10.6,58.5,0.6,1.0,63.6,2.1,3.3,65.3,1.5,6.6,0.9,0.7,2.6,22.0,
33831,2023,Xavier Musketeers,J. Nunge,C,,,14.2,7.8,2.1,29.3,5.4,10.5,51.5,1.1,2.8,39.2,2.3,3.4,67.7,2.8,5.0,0.9,1.2,1.3,37.0,
33832,2023,Xavier Musketeers,A. Kunkel,G,,,10.9,2.7,3.0,30.3,4.0,8.6,46.0,1.9,4.6,42.5,1.0,1.1,87.2,0.2,2.6,1.1,0.1,1.7,35.0,
33834,2023,Xavier Musketeers,D. Claude,G,,,4.7,2.5,1.8,20.8,1.8,4.3,42.3,0.3,1.2,29.3,0.8,1.4,57.1,0.3,2.1,0.8,0.1,1.5,35.0,
33836,2023,Xavier Musketeers,K. Tandy,G,,,2.2,0.8,0.9,10.5,0.8,2.5,30.4,0.4,1.5,26.5,0.2,0.3,71.4,0.1,0.7,0.5,0.1,0.5,22.0,
33837,2023,Xavier Musketeers,C. Edwards,C,,,2.2,1.9,0.2,7.8,1.0,1.7,56.4,0.0,0.1,0.0,0.3,0.5,50.0,0.7,1.3,0.0,0.2,0.7,23.0,
33840,2023,Xavier Musketeers,B. Colbert,G,,,0.0,0.0,0.0,1.3,0.0,0.8,0.0,0.0,0.5,0.0,0.0,0.0,0.0,0.0,0.0,0.0,0.0,0.0,4.0,
33841,2023,Xavier Musketeers,M. Wolf,G,,,0.0,0.3,0.0,0.7,0.0,0.0,0.0,0.0,0.0,0.0,0.0,0.0,0.0,0.0,0.3,0.0,0.0,0.0,3.0,
33842,2023,Xavier Musketeers,I. Sabourin,F,,,0.0,0.0,0.0,0.5,0.0,0.0,0.0,0.0,0.0,0.0,0.0,0.0,0.0,0.0,0.0,0.0,0.0,0.0,2.0,
33843,2023,Xavier Musketeers,B. Nunge,G,,,0.0,0.3,0.0,0.8,0.0,0.0,0.0,0.0,0.0,0.0,0.0,0.0,0.0,0.2,0.0,0.0,0.0,0.3,4.0,
33844,2023,Yale Bulldogs,M. Knowling,F,,,13.6,4.8,2.4,27.3,6.0,9.7,62.5,0.1,0.4,33.3,1.4,2.3,60.0,0.8,3.9,0.8,0.3,1.4,24.0,
33845,2023,Yale Bulldogs,J. Poulakidas,G,,,12.0,3.2,1.4,29.1,4.0,9.7,41.6,2.2,5.6,40.1,1.7,2.1,81.0,0.6,2.7,0.6,0.4,0.9,30.0,
33846,2023,Yale Bulldogs,E. Jarvis,F,,,11.3,5.5,0.6,22.2,4.4,8.1,55.0,0.4,1.1,40.6,2.0,2.8,72.3,2.1,3.4,0.5,1.5,1.2,30.0,
33847,2023,Yale Bulldogs,A. Mahoney,G,,,10.9,3.0,1.5,27.8,3.4,6.7,50.5,1.9,4.1,46.7,2.2,2.4,93.1,0.3,2.7,0.7,0.1,1.0,30.0,
33848,2023,Yale Bulldogs,B. Mbeng,G,,,10.4,4.2,3.2,28.6,3.7,8.5,43.0,1.0,3.1,32.3,2.1,3.2,64.6,0.5,3.7,1.4,0.3,2.1,30.0,
33849,2023,Yale Bulldogs,I. Kelly,F,,,6.3,3.7,1.4,18.9,2.6,4.7,54.2,0.2,0.5,35.7,1.0,1.9,52.6,1.3,2.5,0.2,0.8,1.3,30.0,
33850,2023,Yale Bulldogs,J. Molloy,F,,,3.5,2.3,0.8,12.8,1.2,3.8,31.2,0.6,2.3,23.9,0.6,0.9,68.0,0.6,1.7,0.3,0.2,0.3,29.0,
33851,2023,Yale Bulldogs,Y. Gharram,G,,,3.4,3.0,2.1,15.7,1.2,2.9,40.2,0.3,1.0,29.0,0.7,1.3,56.4,0.6,2.4,1.0,0.1,1.1,30.0,
33852,2023,Yale Bulldogs,Y. Basa-Ama,F,,,2.9,3.0,0.3,8.1,1.2,2.0,62.5,0.1,0.4,20.0,0.3,0.5,66.7,1.4,1.6,0.4,0.3,0.7,12.0,
33853,2023,Yale Bulldogs,D. Wolf,C,,,2.6,2.1,0.6,7.4,1.0,2.5,40.4,0.3,1.1,30.4,0.2,0.4,62.5,0.8,1.3,0.2,0.4,0.7,21.0,
33854,2023,Yale Bulldogs,N. Townsend,F,,,2.5,1.3,0.4,4.9,1.1,1.8,60.0,0.1,0.3,33.3,0.3,0.6,42.9,0.5,0.7,0.3,0.2,0.1,11.0,
33855,2023,Yale Bulldogs,M. Feinberg,G,,,1.8,2.3,0.7,10.6,0.7,2.5,29.0,0.2,1.0,15.4,0.2,0.4,60.0,0.7,1.6,0.4,0.0,0.4,25.0,
33856,2023,Yale Bulldogs,D. Arlington,G,,,1.8,2.0,1.2,6.4,0.4,1.8,22.2,0.2,0.4,50.0,0.8,0.8,100.0,0.4,1.6,0.4,0.0,0.6,5.0,
33857,2023,Yale Bulldogs,E. Buyukhanli,G,,,1.7,1.0,0.1,5.1,0.6,1.4,46.7,0.5,1.1,41.7,0.0,0.0,0.0,0.0,1.0,0.0,0.1,0.2,11.0,
33858,2023,Yale Bulldogs,L. Kolaja,F,,,1.4,1.1,0.3,4.4,0.5,0.9,57.1,0.2,0.4,66.7,0.1,0.2,50.0,0.4,0.8,0.0,0.1,0.3,8.0,
33860,2023,Youngstown State Penguins,D. Cohill,G,,,18.0,3.5,4.8,34.1,6.2,12.3,50.6,1.6,3.6,43.1,3.9,4.6,86.5,0.5,3.0,1.4,0.3,2.7,34.0,
33861,2023,Youngstown State Penguins,B. Rush,G,,,13.9,2.7,1.3,26.4,5.1,10.6,47.8,2.3,6.0,37.9,1.5,1.9,79.4,0.4,2.4,1.1,0.4,1.7,34.0,
44832,2023,Youngstown State Penguins,G. Covington,G,,,3.7,1.3,0.9,14.7,1.2,3.0,40.0,0.8,2.1,39.3,0.5,0.6,86.7,0.4,0.9,0.3,0.1,0.6,27.0,
44833,2023,Youngstown State Penguins,M. Hunter,G,,,3.0,1.6,0.6,11.9,1.3,2.8,46.3,0.3,0.8,40.7,0.1,0.1,80.0,0.6,0.9,0.3,0.2,0.4,34.0,
44835,2023,Youngstown State Penguins,S. Rathan-Mayes,G,,,2.9,1.1,1.2,11.5,1.0,2.5,42.3,0.3,1.1,25.0,0.5,0.6,76.9,0.1,1.0,0.4,0.0,1.0,21.0,
44836,2023,Youngstown State Penguins,W. Dunn,F,,,2.0,1.4,0.2,7.1,0.8,1.5,50.0,0.2,0.5,46.2,0.2,0.2,83.3,0.5,0.9,0.2,0.2,0.4,25.0,
44838,2023,Youngstown State Penguins,T. Fryda,G,,,0.8,0.4,0.6,2.6,0.2,0.6,33.3,0.0,0.4,0.0,0.4,0.4,100.0,0.0,0.4,0.0,0.0,0.0,5.0,
44839,2023,Youngstown State Penguins,J. Owens,F,,,0.7,0.5,0.0,3.4,0.3,0.8,36.4,0.0,0.0,0.0,0.1,0.3,25.0,0.1,0.5,0.2,0.5,0.2,13.0,
